,TERPEL.CL,CELSIA.CL,ISAC.CL,C,FALABELLA.SN,PFGRUPSURA.CL,IUFS.CL,MINEROS.CL,HCOLSEL.CL,GEB.CL,index
2023-08-27,0.06141920207412466,0.06952333633920578,0.08574144066736379,0.09554846098359361,0.09590545283795177,0.09954424850865475,0.1116883725411833,0.12198638495441456,0.12663407638746604,0.13200902470604173,1.0
2023-08-28,0.06141920207412466,0.06870541285994634,0.08482483368650412,0.09573379687342659,0.09658563177425253,0.0956421085417138,0.1112409479140779,0.1178994041617577,0.12663407638746604,0.13028195529906816,0.9889673695723379
2023-08-29,0.06115544482264325,0.06775117386105942,0.08482483368650412,0.09666056918554858,0.09522527390165099,0.09715518891544521,0.1112409479140779,0.12192153109277992,0.12663407638746604,0.12765378829557814,0.9902228280627536
2023-08-30,0.0601216121433369,0.06766937240468514,0.08482483368650412,0.09584965269873753,0.09323007529921654,0.0973144554871035,0.1112409479140779,0.12185667723114528,0.12663407638746604,0.1269779650981908,0.9857196683504639
2023-08-31,0.06055414368168985,0.06679691968142527,0.08482483368650412,0.09566430752260885,0.09522980827934663,0.09954424850865477,0.11372974740235163,0.1213378542547992,0.12649336540801703,0.12134619663911747,0.9855214250645149
2023-09-01,0.05968908528925504,0.06679691968142527,0.08482483368650412,0.09635936818410892,0.09567872281219246,0.09556247961433718,0.11372974740235163,0.11760823470655012,0.12276470227733756,0.1224725457549744,0.9754866394090367
2023-09-04,0.059778184809393356,0.06357977398432202,0.0863783039592598,0.09635936818410892,0.09386491602904945,0.09476612060533064,0.11238747352103544,0.11485915772916085,0.12276470227733756,0.12337213328543942,0.9681101343844375
2023-09-05,0.059689085289255046,0.06461581064439641,0.0863783039592598,0.09582648339093447,0.09318473152226012,0.0923770610121211,0.11238747352103544,0.11984626293758906,0.12276470227733756,0.12142127666559951,0.9684911912197885
2023-09-06,0.05878077233770361,0.06314354382750528,0.0863783039592598,0.0958496526987375,0.09250455258595934,0.0938901326689475,0.11238747352103544,0.11984626293758906,0.12000923368108128,0.12239745428859802,0.9651873825064168
2023-09-07,0.060554143681689855,0.0610714780977301,0.0863783039592598,0.09436683557193372,0.09181983927196292,0.09396975287941912,0.11238747352103544,0.11926260193307063,0.12000923368108128,0.1260768789415686,0.9658965415387515
2023-09-08,0.060554143681689855,0.06079883946810149,0.0863783039592598,0.09404247454898673,0.09295800706698937,0.09715518891544524,0.11238747352103544,0.11900318648653199,0.12000923368108128,0.1252508956912172,0.9685377470203383
2023-09-11,0.06019842950471371,0.0613441167273587,0.08428915428210561,0.09404247454898673,0.09386491602904944,0.09707554255425857,0.10981478191517943,0.11556020010653782,0.12000923368108128,0.1232234489788438,0.9594222983281151
2023-09-12,0.06055414368168986,0.06352523714994797,0.08428915428210561,0.09656788266804064,0.09567872281219246,0.09707554255425857,0.10981478191517943,0.12315370696345153,0.12311646251711628,0.12465017540010055,0.9784258099440829
2023-09-13,0.0582051597393315,0.062434686426620346,0.08428915428210561,0.09816652776126825,0.0954520039274103,0.09014726799056988,0.10981478191517943,0.11784038493098553,0.12311646251711628,0.12690288507170874,0.9663693145622959
2023-09-14,0.06055414368168986,0.059980912193655256,0.08428915428210561,0.09995053660321597,0.09522527390165099,0.08799711261330029,0.10981478191517943,0.12315370696345153,0.12311646251711628,0.12690288507170874,0.9709849697430739
2023-09-15,0.055104270656652354,0.060253554618470664,0.08428915428210561,0.09895427494027624,0.09477181385013239,0.08441352322348597,0.10981478191517943,0.11718603543397003,0.12311646251711628,0.12314836895236177,0.9510522403897508
2023-09-18,0.05813197737230973,0.0628981698198769,0.08428915428210561,0.09879209907195059,0.09477181385013239,0.08736002017595206,0.10981478191517943,0.12315370696345153,0.12311646251711628,0.12314836895236177,0.9654765549204364
2023-09-19,0.057137159986796145,0.06461581064439643,0.08222083658178914,0.09888476701686708,0.09477181385013239,0.08712112467691711,0.10869622034741595,0.12315370696345153,0.12311646251711628,0.12239745428859805,0.9621153568734802
2023-09-20,0.057612941399994635,0.06420684131439312,0.08222083658178914,0.0980043518929426,0.09295800706698938,0.08759893310879702,0.10869622034741595,0.11867893301182103,0.12311646251711628,0.12164655106472866,0.9547400783059877
2023-09-21,0.057612941399994635,0.06270732126106217,0.08222083658178914,0.09663738130515406,0.09268593326427364,0.08736002017595204,0.10869622034741595,0.11867893301182103,0.12311646251711628,0.12089564784085927,0.9506116977054382
2023-09-22,0.05746267935241582,0.06337364220824743,0.08222083658178914,0.09480704313389594,0.09245920323851435,0.08799711261330029,0.10869622034741595,0.1171873337778797,0.12311646251711628,0.12044511048249536,0.9477656442530703
2023-09-25,0.05795896382011435,0.06270732126106218,0.08043821456381854,0.09503873621192646,0.09137091916862856,0.08887310926658847,0.10623538489833631,0.11660368069009241,0.12311646251711628,0.12389927217623117,0.9462420645739147
2023-09-26,0.05795896382011435,0.06761485075105834,0.08043821456381854,0.09318523801916101,0.09145253796715014,0.08936502165079407,0.10623538489833631,0.11653882682845774,0.12311646251711628,0.12014474461698986,0.9460502456329968
2023-09-27,0.05795896382011435,0.06922343308757699,0.08043821456381854,0.09374126426125137,0.09064539088488278,0.08936502165079407,0.10623538489833631,0.11653882682845774,0.12757209604516762,0.12765378829557814,0.9593723843359779
2023-09-28,0.06055414368168987,0.07088654466809606,0.08043821456381854,0.09545578375238135,0.0904640102065685,0.09838350543591558,0.10623538489833631,0.11543632701413091,0.12757209604516762,0.12915560618321126,0.974581616449316
2023-09-29,0.058997035764744556,0.07031399519646503,0.08043821456381854,0.09529358931146428,0.09004683631759217,0.10059713731555592,0.10623538489833631,0.11666853455172707,0.12757209604516762,0.1311830414556903,0.9773458654205618
2023-10-02,0.06055414368168986,0.06816012801031558,0.08195002088289878,0.09383396006505498,0.08837812405022118,0.09961329511333465,0.1071302341525471,0.11650834741350495,0.12757209604516762,0.12765378829557814,0.9713541377103129
2023-10-03,0.05968908528925505,0.0676421229634322,0.08195002088289878,0.09235114293825121,0.08747121508816111,0.10117104090839915,0.1071302341525471,0.11413929728182472,0.12757209604516762,0.12089564784085927,0.9600119033907962
2023-10-04,0.05986209415717937,0.06546098356490891,0.08195002088289878,0.09223530568553168,0.08683637992881678,0.09961329511333465,0.1071302341525471,0.11576059632230419,0.12757209604516762,0.12389927217623117,0.9603202780289203
2023-10-05,0.05999868750175816,0.06543372653328229,0.08195002088289878,0.09239749084015303,0.08751655886511756,0.1021548656768104,0.1071302341525471,0.11485267392634364,0.12657544012036748,0.12179673399748142,0.9598064324967599
2023-10-06,0.05804547293834759,0.06532467563565501,0.08694969532395154,0.09399613593338063,0.08842346782717764,0.10248283051136087,0.1133662148928285,0.11446355075653569,0.12657544012036748,0.12209709986298692,0.9717245838025917
2023-10-09,0.057958963820114354,0.06543372653328229,0.08813116601031937,0.09439001416603247,0.08842346782717764,0.1000232337227127,0.1146525606957565,0.11446355075653569,0.12657544012036748,0.12269780871420922,0.9727499323665078
2023-10-10,0.05818630086397916,0.06540645432090847,0.08745859075813013,0.09601182856706314,0.08928502744179272,0.09920336522086162,0.1146525606957565,0.1152417733459581,0.12657544012036748,0.1238992721762312,0.9759206135110485
2023-10-11,0.05795896382011435,0.06543372653328229,0.08745859075813013,0.09622034305099486,0.08946641369059559,0.09838350543591559,0.1146525606957565,0.11478782006470897,0.12657544012036748,0.12299817457971472,0.9739355387495805
2023-10-12,0.058541495086865854,0.06573570954727974,0.08745859075813013,0.09622034305099486,0.0900105557255385,0.09920336522086162,0.1146525606957565,0.11543632701413091,0.13082589834010522,0.12322344897884384,0.9813082944185071
2023-10-13,0.05795896382011435,0.0674212506818107,0.08745859075813013,0.09598864997296436,0.08833277470277622,0.10158097080087217,0.1146525606957565,0.11543632701413091,0.12897914847684502,0.1238992721762312,0.9817085090996315
2023-10-16,0.05795896382011435,0.0674212506818107,0.08745859075813013,0.09487656034360081,0.08806070647054906,0.10158097080087217,0.1146525606957565,0.11543632701413091,0.12897914847684502,0.1238992721762312,0.9803243512380407
2023-10-17,0.060121612143336924,0.06826401745388938,0.08694671932726046,0.09545578375238137,0.0888769223082077,0.10199090941025021,0.11372974740235166,0.11576059632230419,0.12897914847684502,0.12262272868772721,0.982748185284554
2023-10-18,0.05968908528925506,0.07023046313490815,0.08694671932726046,0.09376445214164585,0.08763899263338853,0.09936733892123183,0.11372974740235166,0.12244033031893262,0.12897914847684502,0.1238992721762312,0.9866855498220504
2023-10-19,0.05882402221254917,0.07053948242524027,0.08694671932726046,0.09281451980801651,0.08683637992881685,0.10248283051136084,0.11372974740235166,0.12341311449325901,0.12897914847684502,0.12277291162047994,0.9873388762061798
2023-10-20,0.05795896382011437,0.07219692399667411,0.08694671932726046,0.09193410468409204,0.08388892858736587,0.10084309350765873,0.11003849422873219,0.11900427899543163,0.12897914847684502,0.12540106718407565,0.97719172280825
2023-10-23,0.058175231931426374,0.07051138286214316,0.08349753916227226,0.09010376651283392,0.08252857071476433,0.09936733892123184,0.10852843611225148,0.11848546393581669,0.12897914847684502,0.12540106718407565,0.9655779458136606
2023-10-24,0.05804547293834761,0.0708484865348252,0.08349753916227226,0.09019644374404612,0.08343094529912876,0.1000232337227127,0.10771747897562298,0.11718841045331702,0.12897914847684502,0.12389927217623121,0.9638264314833488
2023-10-25,0.05709390542767956,0.0696686236804381,0.08349753916227226,0.08945503518064422,0.08356698220048663,0.09920336522086162,0.10771747897562298,0.11663328134788689,0.12897914847684502,0.12472526686647697,0.9605406265392142
2023-10-26,0.05718040986164172,0.06742125068181071,0.08349753916227226,0.09114637607767546,0.08388892858736585,0.09944932141296443,0.10771747897562298,0.11336211178418386,0.12897914847684502,0.12667761067257968,0.9593201756929619
2023-10-27,0.05709390542767956,0.06753361857270473,0.08349753916227226,0.08859779865081852,0.08388892858736585,0.09920336522086162,0.10771747897562298,0.11556709557937525,0.12897914847684502,0.1263021533406978,0.9583810319942436
2023-10-30,0.05709390542767956,0.06730888279091672,0.08061677436528471,0.09019644374404612,0.08207511623373427,0.09961329511333465,0.10419401003716802,0.11537253399447128,0.12897914847684502,0.1276537882955782,0.9531038984790585
2023-10-31,0.059256553750902136,0.06821934810520586,0.08061677436528471,0.09149391569472123,0.08264193572764396,0.09846549664455322,0.10419401003716802,0.11336211178418386,0.12897914847684502,0.12502562129208813,0.9522549158785961
2023-11-01,0.059256553750902136,0.06685939604659347,0.08203334879024966,0.09174875950796336,0.08264193572764396,0.0997772775306099,0.10419401003716802,0.1112219897673583,0.1278066066958743,0.1290805032769406,0.9546203811313037
2023-11-02,0.05709390542767956,0.0680673736448249,0.08203334879024966,0.09580330479683573,0.08188920117772432,0.09789159305171001,0.10419401003716802,0.11349181950745318,0.1278066066958743,0.13140831585481946,0.9596794789843391
2023-11-03,0.05726691897987495,0.06615709672850593,0.08203334879024966,0.09918294068590448,0.08611085164507105,0.09838350543591562,0.10419401003716802,0.11543738785610594,0.1278066066958743,0.13118304145569037,0.9677557083103603
2023-11-06,0.05726691897987495,0.06615709672850593,0.08203334879024966,0.09866660407168999,0.08706310438408756,0.09838350543591562,0.10419401003716802,0.11543738785610594,0.1278066066958743,0.13118304145569037,0.9681916244351624
2023-11-07,0.05709390542767956,0.06705604744603162,0.08125958965056294,0.09847886303126746,0.08855043597314427,0.09756364565096959,0.10648706125108316,0.11498343457485681,0.1278066066958743,0.12975632647432794,0.9690359161757978
2023-11-08,0.05709390542767956,0.0668593960465935,0.08126256564725404,0.09815027674377122,0.08753923075359583,0.09756364565096959,0.10648706125108316,0.11478887298995287,0.1278066066958743,0.12878014885132946,0.9663317100581036
2023-11-09,0.05683438744152201,0.06770216281867217,0.08126256564725404,0.09739925686430673,0.08506791135214169,0.09789159305171001,0.10648706125108316,0.1134918195074532,0.1278066066958743,0.13028195529906825,0.9642253199290856
2023-11-10,0.05683438744152201,0.06882584931798588,0.08126256564725404,0.09876048852134485,0.08579796844309454,0.09920336522086166,0.10648706125108316,0.11414034229033745,0.1278066066958743,0.1299064979671864,0.9690251327965442
2023-11-13,0.05683438744152201,0.06882584931798588,0.08126256564725404,0.10021561391433353,0.08570274651148603,0.09920336522086166,0.10648706125108316,0.11414034229033745,0.1278066066958743,0.1299064979671864,0.9703850362579245
2023-11-14,0.05839149535846732,0.06882584931798588,0.08347670718543454,0.10411158641761677,0.08561205338708461,0.10002323372271271,0.10889196862177464,0.11251904324985798,0.1278066066958743,0.1299064979671864,0.9795650419239952
2023-11-15,0.05908354019870674,0.06685939604659351,0.08501827347142582,0.10533200997276405,0.08865019228244844,0.09920336522086165,0.10889196862177464,0.11187051255024258,0.12956541936733043,0.1299064979671864,0.9843811756993341
2023-11-16,0.06012161214333696,0.06868538945436836,0.08501827347142582,0.10483913054151969,0.09069073466183934,0.10067911980728854,0.10889196862177464,0.11187051255024258,0.12956541936733043,0.12802923418756573,0.9883913948066921
2023-11-17,0.05942956730309754,0.06924724408958563,0.08501827347142582,0.1064585490782565,0.09114418914286938,0.1016629532926048,0.10889196862177464,0.11024919767630079,0.12979991854547454,0.1336610255264277,0.9955628867478173
2023-11-20,0.05942956730309754,0.0691067766355945,0.08747049474489457,0.1062238472404151,0.09182436807917016,0.09953131262160207,0.11493220108769742,0.10960067489341654,0.13155873121693068,0.13516283197416645,1.004840805796985
2023-11-21,0.0600351077093748,0.06882584931798588,0.08747049474489457,0.10582487083141702,0.0911441891428694,0.0983835054359156,0.11493220108769742,0.10960067489341654,0.13155873121693068,0.13741555308566897,1.0051911774661708
2023-11-22,0.0605541436816899,0.06882584931798588,0.08747049474489457,0.10566058697396463,0.09064539088488294,0.0983835054359156,0.11493220108769742,0.10960067489341654,0.13155873121693068,0.13741555308566897,1.0050471313230471
2023-11-23,0.0605541436816899,0.06924724408958562,0.08747049474489457,0.10566058697396463,0.09001055572553861,0.0983835054359156,0.11493220108769742,0.10960067489341654,0.13155873121693068,0.13891735953340775,1.0063354973830412
2023-11-24,0.0605541436816899,0.07023046313490819,0.08747049474489457,0.10615343854632185,0.0894210643431507,0.1000232337227127,0.11493220108769742,0.10895215211053229,0.13114834618261592,0.13891735953340775,1.0078028970879311
2023-11-27,0.0605541436816899,0.07008999568091707,0.08537539307435817,0.10580140436215117,0.08841893344948212,0.09920336522086162,0.11392549567671031,0.10895215211053229,0.13114834618261592,0.1362891925299177,0.9997584219692363
2023-11-28,0.06176522449424443,0.06868538945436838,0.08537539307435817,0.10528506774793668,0.08978383127026787,0.09953131262160204,0.11101723560052527,0.10895215211053229,0.13167598080600276,0.1355382893060483,0.9976098764858861
2023-11-29,0.06176522449424443,0.06910677663559452,0.08537539307435817,0.10737387138776486,0.09155229984694303,0.10084309350765873,0.11364585528476946,0.10862789071909017,0.13226225169648814,0.14004372008915902,1.0105963767360706
2023-11-30,0.06176522449424443,0.06742125068181078,0.08726217497651736,0.10819529067502691,0.09232317190764525,0.10133500589186435,0.11364585528476946,0.10862789071909017,0.13226225169648814,0.14267188709264908,1.0155100034201059
2023-12-01,0.06176522449424443,0.06854492959075087,0.08726217497651736,0.11084738244019272,0.09499400949819627,0.1014989970260446,0.11364585528476946,0.11024919767630079,0.13226225169648814,0.1441737049802822,1.025243727663787
2023-12-04,0.06081366166784746,0.0689663091816034,0.08575036865743711,0.11117595944139325,0.09522527390165121,0.10346665527977209,0.11454070453898026,0.11187051255024258,0.13226225169648814,0.14267188709264908,1.0267435840080648
2023-12-05,0.06081366166784746,0.06952816381682066,0.08575036865743711,0.10960349241577957,0.09930635866043301,0.10248283051136088,0.11454070453898026,0.1108977283759162,0.13226225169648814,0.14079463475292278,1.025980195093986
2023-12-06,0.06081366166784746,0.06868538945436838,0.08575036865743711,0.11232596501615152,0.09930181314176022,0.09920336522086166,0.11454070453898026,0.1102491976763008,0.13226225169648814,0.13929280542539535,1.022425522495591
2023-12-07,0.05986209415717941,0.06868538945436838,0.08575036865743711,0.11382803263396762,0.09966458563936596,0.09920336522086166,0.11454070453898026,0.1115462432420693,0.13226225169648814,0.14320195459638912,1.028544989837107
2023-12-08,0.05986209415717941,0.06868538945436838,0.08575036865743711,0.11474336422977165,0.09966458563936596,0.09920336522086166,0.11454070453898026,0.1115462432420693,0.13226225169648814,0.14320195459638912,1.029460321432911
2023-12-11,0.06193823804643983,0.06938770395320315,0.08639318394271533,0.11300660406040988,0.0979459896468543,0.10035117240654812,0.11526776955802652,0.1102491976763008,0.1343493746899086,0.151185925488051,1.0400751594684574
2023-12-12,0.06193823804643983,0.07051138286214324,0.08639318394271533,0.11279537797813005,0.09916578181089089,0.10084309350765877,0.11526776955802652,0.10927641350197442,0.1343493746899086,0.15076124229087093,1.0413018581887585
2023-12-13,0.06046763924772776,0.07669165481318178,0.08639318394271533,0.11579949464117084,0.09998653759673375,0.10084309350765877,0.11526776955802652,0.11122198976735834,0.1343493746899086,0.15203528044251682,1.0530560182069986
2023-12-14,0.06046763924772776,0.07612983053945896,0.08639318394271533,0.11791176475026488,0.10270725334193684,0.10182692699297502,0.11526776955802652,0.11154624324206931,0.14017688577291573,0.15500803994298876,1.067435537331079
2023-12-15,0.06064064811565208,0.07683212985754653,0.08639318394271533,0.11694950950222487,0.10275260825987041,0.10592624335151526,0.11526776955802652,0.11187051255024259,0.14009479958800275,0.15288464683687703,1.0696120515626735
2023-12-18,0.06219775603259739,0.07641075026669401,0.08777404640738705,0.11655051452063535,0.10066671653303452,0.10986158600968529,0.11828788579098794,0.11219478185841589,0.14009479958800275,0.15288464683687703,1.0769234838443171
2023-12-19,0.062370764900521715,0.07907951044654755,0.0874943027184234,0.11953117400070597,0.10288863959073971,0.11068143707772632,0.11828788579098794,0.11349181950745323,0.14009479958800275,0.1567067612918148,1.0906270949129233
2023-12-20,0.06470642677593967,0.08048411667309628,0.08779190238753368,0.11751276976867538,0.10093879033575026,0.10756597163831239,0.11716932422322446,0.1144646036817796,0.14009479958800275,0.15925483759510664,1.0899835426674211
2023-12-21,0.06487944032813507,0.0783771959477128,0.08779190238753368,0.11875666907938423,0.10043998650727523,0.10871377010709381,0.11716932422322446,0.11089772837591622,0.14009479958800275,0.154583368185703,1.0817041847299813
2023-12-22,0.06487944032813507,0.08231010249049756,0.08779190238753368,0.11936687157066217,0.09930635866043298,0.1093696736254797,0.11716932422322446,0.11089772837591622,0.1424633330677587,0.15713143304910054,1.090686167778741
2023-12-25,0.06487944032813507,0.08231010249049756,0.08779190238753368,0.11936687157066217,0.09930635866043298,0.1093696736254797,0.11716932422322446,0.11089772837591622,0.1424633330677587,0.15713143304910054,1.090686167778741
2023-12-26,0.06704208865135763,0.08315286926257623,0.08734550288386825,0.12049342924874605,0.09996386570825554,0.1122257065376267,0.11716932422322446,0.11284330464130014,0.14304960395824406,0.16477566195897608,1.1080613570741753
2023-12-27,0.06704208865135763,0.08329332912619375,0.08734550288386825,0.12077506402511916,0.09930635866043298,0.11323372071747419,0.11716932422322446,0.11803149482110532,0.14304960395824406,0.16562502835333623,1.1148715154203561
2023-12-28,0.06704208865135763,0.08315286926257623,0.08734550288386825,0.12091588141330571,0.10003188137369018,0.1134017216279646,0.11716932422322446,0.1190042789954317,0.1460981965271805,0.1613782307012184,1.1155399756598177
2023-12-29,0.06704208865135763,0.08315286926257623,0.08734550288386825,0.12072812180029174,0.09975980757097444,0.1134017216279646,0.11716932422322446,0.1190042789954317,0.1460981965271805,0.1613782307012184,1.115080142244088
2024-01-01,0.06704208865135763,0.08315286926257623,0.08734550288386825,0.12072812180029174,0.09975980757097444,0.1134017216279646,0.11716932422322446,0.1190042789954317,0.1460981965271805,0.1613782307012184,1.115080142244088
2024-01-02,0.06704208865135763,0.08554070971519476,0.08619676816110255,0.12448327691538845,0.09975980757097444,0.11440973580781208,0.11554740994996741,0.12094985526081561,0.14867777926726616,0.16732374970216227,1.1299311810020414
2024-01-03,0.06583100315453204,0.08708578339573461,0.08619676816110255,0.1258914600835497,0.09975980757097444,0.11793779851263579,0.11554740994996741,0.12192264735187316,0.1493812997468236,0.17029649776273986,1.139850475689933
2024-01-04,0.06756111993940167,0.08863085707627447,0.08619676816110255,0.12619655204289296,0.09975980757097444,0.12213786485942114,0.11554740994996741,0.12451673848341017,0.15289891361717334,0.18091348617308733,1.1643595178737054
2024-01-05,0.06929124140854237,0.08820946230467473,0.08619676816110255,0.1275108786202865,0.09727035622922628,0.12600192066832064,0.11554740994996741,0.12516526126629443,0.1571200479670805,0.18855773796275155,1.1808710845382469
2024-01-08,0.06929124140854237,0.08820946230467473,0.08619676816110255,0.1267598401682306,0.09771927076207211,0.12600192066832064,0.11554740994996741,0.12516526126629443,0.1571200479670805,0.18855773796275155,1.1805689606190368
2024-01-09,0.06955075939469992,0.08849039721265697,0.08714908710225545,0.12551594085752177,0.10126074229311806,0.13120999247804846,0.11867938233970517,0.12646231474879407,0.15905473502214473,0.1928045241749751,1.2001778756239199
2024-01-10,0.07076184020725444,0.08849039721265697,0.08714908710225545,0.12443633469056103,0.09975980757097444,0.1276819472070348,0.11867938233970517,0.12743510683985163,0.15923062087831535,0.19450323408390677,1.198127758132516
2024-01-11,0.0724054525581619,0.08806900244105721,0.08714908710225545,0.12223019870440359,0.10078914473081688,0.1268419339376777,0.11867938233970517,0.131001982145715,0.1577063188575659,0.19450323408390677,1.1993757369012656
2024-01-12,0.07249196167639514,0.09024611894156824,0.08714908710225545,0.12349754591178688,0.0974925407363128,0.130201987015106,0.11867938233970517,0.13197477423677256,0.1571200479670805,0.19620196687262711,1.2050554127996098
2024-01-15,0.07249196167639514,0.09082093793490809,0.08736931085739709,0.12349754591178688,0.09663552106988195,0.13171400392642468,0.11744896461516535,0.1306777207542729,0.1571200479670805,0.19577727223555272,1.2035532869488652
2024-01-16,0.07119437174560739,0.09326389968066848,0.08736931085739709,0.12173731927315926,0.09413697869078824,0.1369220757361525,0.11744896461516535,0.13100312215500157,0.1571200479670805,0.19450323408390682,1.2046993248049271
2024-01-17,0.07093485375944984,0.09369501772086018,0.08736931085739709,0.12054037147357356,0.09196040498052806,0.13759409681192417,0.11744896461516535,0.13067886076355945,0.15794082950827254,0.1868590166139256,1.195021727104656
2024-01-18,0.07093485375944984,0.0948446481171663,0.08680387148608756,0.11995362616526578,0.09069073466183937,0.1411221595167479,0.11610669073384916,0.13100312215500157,0.15794082950827254,0.18261220752191343,1.1920127436255934
2024-01-19,0.07093485375944984,0.09283279682122399,0.08680387148608756,0.12091588141330582,0.09069073466183937,0.14196215535229492,0.11610669073384916,0.12776048449038682,0.15478670083660873,0.19025645931157764,1.1930506288666238
2024-01-22,0.07093485375944984,0.09283279682122399,0.08823830189119912,0.12401388252600146,0.0913709191686287,0.14196215535229492,0.11940644735875142,0.12776048449038682,0.15653377707659516,0.19025645931157764,1.203310077756109
2024-01-23,0.06920473697458022,0.09541946711050614,0.08823830189119912,0.12509347940666646,0.09295800706698956,0.14784226567160447,0.11940644735875142,0.12938179936432864,0.15626410302172944,0.18261220752191346,1.2064208153882687
2024-01-24,0.06920473697458022,0.09541946711050614,0.08823830189119912,0.12499959495701163,0.09703909182577138,0.14784226567160447,0.12114021778878481,0.12938179936432864,0.15626410302172944,0.18261220752191346,1.2121417861274293
2024-01-25,0.06920473697458022,0.09541946711050614,0.08823830189119912,0.12610268616582962,0.09567872281219268,0.14784226567160447,0.12114021778878481,0.12938179936432864,0.15536124676818694,0.18261220752191346,1.2109816520691261
2024-01-26,0.06920473697458022,0.09541946711050614,0.08823830189119912,0.1259618687776431,0.09975980757097445,0.14784226567160447,0.12114021778878481,0.12938179936432864,0.15665103813822975,0.18261220752191346,1.216211710809764
2024-01-29,0.0686857010022651,0.09455723862049635,0.08938703661396481,0.1269945327197764,0.09957843246314874,0.14095414117244742,0.12147578625911384,0.12419356168413649,0.1575187195150506,0.18388625711345372,1.2072314071638532
2024-01-30,0.0686857010022651,0.09570687660717608,0.08938703661396481,0.13398850633575526,0.09953307754521518,0.13860211099177164,0.12147578625911384,0.12419356168413649,0.15747180820685927,0.19110580282614917,1.220150268072407
2024-01-31,0.0686857010022651,0.09527576615735797,0.08938703661396481,0.13182928471553806,0.10020872210382029,0.13776208900550954,0.12147578625911384,0.12451782307557863,0.15898438526870154,0.1932292188120496,1.2213558130138995
2024-02-01,0.06825316946391217,0.09168316642491788,0.08938703661396481,0.13157113498102227,0.10428980686260209,0.13692207573615248,0.12147578625911384,0.12613916169971387,0.15898438526870154,0.1911058028261492,1.21981152613625
2024-02-02,0.06825316946391217,0.09225797782788414,0.08938703661396481,0.1315948150350895,0.1035234747500841,0.1342340437344959,0.12147578625911384,0.1232207616763478,0.15898438526870154,0.18813304332567726,1.2110644939552713
2024-02-05,0.06764762905763491,0.09211426928436237,0.09002389990586082,0.12913067789514762,0.10474780129181634,0.13289001901676256,0.12237063551332464,0.1232207616763478,0.15805630085015226,0.18685901661392568,1.207061011105335
2024-02-06,0.06764762905763491,0.09211426928436237,0.09002389990586082,0.12877526349933754,0.10406762235551557,0.1352420666312484,0.12237063551332464,0.1232207616763478,0.15569497213966613,0.1877083601284972,1.2068654801917953
2024-02-07,0.06782063792555923,0.09340760822419024,0.09002389990586082,0.1292254538291909,0.10452561678472981,0.1416261535313141,0.12237063551332464,0.12354503098452108,0.15569497213966613,0.18940708147732324,1.2176470903156802
2024-02-08,0.06747461550543953,0.09340760822419024,0.09002389990586082,0.12863310888456841,0.10415830990942844,0.13910612244014792,0.12237063551332464,0.12354503098452108,0.15665830027031225,0.1855849784622798,1.2109626101000732
2024-02-09,0.06747461550543953,0.09312020631789392,0.09002389990586082,0.1279222986655397,0.10474780129181634,0.13625007209419088,0.12237063551332464,0.1238692923759632,0.15665830027031225,0.18218753576462776,1.204624657704969
2024-02-12,0.06747461550543953,0.09082093793490809,0.0911607306418621,0.12775642685152042,0.10316071339345549,0.13742608718452878,0.12304177245398275,0.1238692923759632,0.15665830027031225,0.18048881441580178,1.2018576910277745
2024-02-13,0.06747461550543953,0.08880907904859217,0.0911607306418621,0.12500796190944877,0.10316071339345549,0.13793009863290506,0.12304177245398275,0.1238692923759632,0.15665830027031225,0.17879009306697574,1.1959026572989369
2024-02-14,0.06833967389787435,0.08866537809544403,0.0911607306418621,0.12789859075258533,0.10270271896424124,0.13322602955464846,0.12304177245398275,0.12192370819384811,0.15665830027031225,0.17751605491532982,1.1911329577401286
2024-02-15,0.06790714704379248,0.09010241798842009,0.0911607306418621,0.13081292750867626,0.10406762235551557,0.13557805973532427,0.12304177245398275,0.12840900727327106,0.15665830027031225,0.1787900930669757,1.2065280783381325
2024-02-16,0.06790714704379248,0.09197057592158782,0.0911607306418621,0.12995994410228692,0.10610362478672225,0.13826610917079094,0.12304177245398275,0.13165166077134813,0.15665830027031225,0.1792147762641558,1.2159346414268415
2024-02-19,0.06790714704379248,0.09197057592158782,0.09121429858230196,0.12995994410228692,0.10755921573190945,0.13440204464498637,0.12460775864885162,0.13067886076355945,0.15037317161304814,0.17836542130968996,1.207038438362014
2024-02-20,0.06635003912684719,0.0965690975068123,0.09121429858230196,0.13131048723295982,0.10701506812647797,0.1372580862740384,0.12460775864885162,0.13165166077134813,0.15213535721788854,0.17836542130968996,1.216477274797216
2024-02-21,0.06704208865135768,0.09915577538646805,0.09121429858230196,0.13109724602451037,0.10229914820835186,0.14112215951674797,0.12460775864885162,0.1352185756608673,0.15213535721788854,0.1826122075219135,1.2265046154192587
2024-02-22,0.06704208865135768,0.09973057919906071,0.09121429858230196,0.13244778915518324,0.10025861139944953,0.13860211099177175,0.12460775864885162,0.13294869050365432,0.15683451883079627,0.18516029526509967,1.2288467412275268
2024-02-23,0.06920473697458027,0.10361059601854437,0.09121429858230196,0.13251887574886353,0.09998653759673382,0.141122159516748,0.12460775864885162,0.13748842915115567,0.1571810819997482,0.18516029526509967,1.2420947695026272
2024-02-26,0.07050232222109694,0.11007727553693658,0.09321416835872307,0.13116832333189493,0.10098413411270675,0.141122159516748,0.12807529950891844,0.1459193361628872,0.1571810819997482,0.1868590166139257,1.2651031173635858
2024-02-27,0.07076184020725448,0.10576616344838206,0.09321416835872307,0.1319976081116256,0.10288863959073977,0.13944211554422384,0.12807529950891844,0.15240461149211665,0.1571810819997482,0.18770836012849723,1.2694398883902294
2024-02-28,0.07006979536701508,0.10404170646836249,0.09321416835872307,0.13043383305879896,0.10746851703701947,0.1377620890055097,0.12807529950891844,0.1631053878275988,0.15798581342595866,0.18940708147732327,1.2815636915352278
2024-02-29,0.06937774584250458,0.10777800715395078,0.09321416835872307,0.13147634976068337,0.11109615288525979,0.13625007209419102,0.12807529950891844,0.14916198174423306,0.15771561163321646,0.18813304332567735,1.272278432307358
2024-03-01,0.07024280423493941,0.1072031881606109,0.09321416835872307,0.13173696964985876,0.11458774626165366,0.1537223411232941,0.12807529950891844,0.16407816408519404,0.15659956075015086,0.1906811196289692,1.3101413617623126
2024-03-04,0.07084834932548775,0.10978986604026668,0.09357723995503761,0.13301644475944277,0.10973579501265823,0.16128244311369772,0.12678895370599044,0.16407816408519404,0.15659956075015086,0.1962019668726273,1.3219187836205535
2024-03-05,0.0709348537594499,0.11065208693990286,0.09288085672931956,0.13330076327527682,0.1094637212099425,0.16044244727815068,0.12678895370599044,0.16407816408519404,0.16071132716144512,0.19875004317591916,1.3280032173205911
2024-03-06,0.07006979536701509,0.11108320498009457,0.09288085672931956,0.13574122036115144,0.1094637212099425,0.16010644545716987,0.12678895370599044,0.16505097200971391,0.16176863852434936,0.197900676781559,1.3308544851263058
2024-03-07,0.07058883133933021,0.11208913442325254,0.09445813497560406,0.13676003843637718,0.11037063017200258,0.16044244727815068,0.12678895370599044,0.17315760971327213,0.16188611756467203,0.19875004317591918,1.3452919407845711
2024-03-08,0.0709348537594499,0.11280764677936694,0.09445813497560406,0.13626246942579798,0.11064269283374116,0.15876242073943655,0.12678895370599044,0.1751031938953872,0.16188611756467203,0.19705131038719884,1.3446977940666451
2024-03-11,0.0709348537594499,0.11208913442325254,0.09295823264328824,0.13602554816328125,0.11300065836329279,0.1582584092910603,0.12673302562760227,0.1751031938953872,0.16188611756467203,0.19705131038719884,1.3440404841184854
2024-03-12,0.07301099296443923,0.11208913442325254,0.09295823264328824,0.1361203240973245,0.11535861275186728,0.15657838275234617,0.12673302562760227,0.1653752413178872,0.16188611756467203,0.1953526004782672,1.3354626646209469
2024-03-13,0.07318400651663463,0.11151430783953907,0.09454741487633717,0.13685481437042046,0.11472377759252296,0.15473032915242657,0.12673302562760227,0.1653752413178872,0.15918409963725008,0.19365386768954684,1.3305008846201671
2024-03-14,0.07266497054431953,0.11022098408045843,0.09454741487633717,0.13526734069093516,0.11340876349687784,0.15372234112329416,0.12673302562760227,0.17477892458721392,0.15918409963725008,0.18685901661392576,1.3273868812782141
2024-03-15,0.07119437174560747,0.10059281527944419,0.09454741487633717,0.1364994092609061,0.11232501380468768,0.15221032421197547,0.12673302562760227,0.1705634710813482,0.15918409963725008,0.17666669996086404,1.3005166454860229
2024-03-18,0.07145388973176503,0.10691578625431465,0.0934224881271003,0.13891616772012202,0.11290997080937995,0.15557035985559373,0.12723637833309584,0.16796934828288657,0.16062909183321922,0.1885577379627518,1.3235812189102292
2024-03-19,0.07223244369023768,0.10978986604026673,0.0934224881271003,0.13946113398401863,0.11250185453481779,0.1594344243813983,0.12723637833309584,0.16732080966654003,0.16062909183321922,0.1885577379627518,1.3305862285534464
2024-03-20,0.0730975020826725,0.10950246413397043,0.0934224881271003,0.1424702281015614,0.11340876349687787,0.15725040382811795,0.12723637833309584,0.1682936175910599,0.16062909183321922,0.1868590166139258,1.3321699541416012
2024-03-21,0.07214593457200445,0.11151430783953911,0.0934224881271003,0.1453134689776763,0.11359014974568075,0.1557383694829892,0.12723637833309584,0.17056347108134828,0.16062909183321922,0.18940708147732335,1.3395607414699768
2024-03-22,0.0692047369745803,0.11252023728269707,0.0934224881271003,0.14410508046177262,0.11336341971992146,0.1596024165749837,0.12723637833309584,0.18645246134682913,0.16062909183321922,0.1936538676895469,1.3601901783437464
2024-03-25,0.0692047369745803,0.11252023728269707,0.0934224881271003,0.14441310689056105,0.11331807594296504,0.1596024165749837,0.12723637833309584,0.18645246134682913,0.16062909183321922,0.1936538676895469,1.3604528609955786
2024-03-26,0.0753080892360878,0.11093949643657285,0.0948985824858873,0.14609536579038535,0.11404359865622223,0.1579224074700796,0.1301446384092809,0.19423484557567638,0.1632958660485444,0.19705131038719892,1.3839342004959359
2024-03-27,0.07578775859427944,0.11309505627603693,0.0948985824858873,0.14867797749102912,0.11558534277762665,0.15573836948298925,0.1301446384092809,0.20104440604654145,0.16482309357273942,0.20129809659942247,1.401093321735833
2024-03-28,0.07578775859427944,0.11309505627603693,0.0948985824858873,0.14983896875361546,0.11667362684751245,0.15573836948298925,0.1301446384092809,0.20104440604654145,0.16482309357273942,0.20129809659942247,1.403342597068305
2024-03-29,0.07578775859427944,0.11309505627603693,0.0948985824858873,0.14983896875361546,0.11667362684751245,0.15573836948298925,0.1301446384092809,0.20104440604654145,0.16482309357273942,0.20129809659942247,1.403342597068305
2024-04-01,0.07578775859427944,0.11352618190660224,0.09449979892927951,0.15036022710455765,0.11603879168816814,0.15859441111204126,0.1299768541741164,0.20558411302711818,0.16482309357273942,0.2029968293881428,1.412188059497045
2024-04-02,0.0759796263375561,0.11496320661883107,0.0929106166962306,0.14889121869947858,0.11653759551664315,0.16548252689429327,0.1299768541741164,0.21401500420538738,0.16482309357273942,0.20979171478344688,1.4333714574987229
2024-04-03,0.0790495102299826,0.11640025410218073,0.0929106166962306,0.14616644309776988,0.1160841466061017,0.16749855525398827,0.1299768541741164,0.21336648142250314,0.17187183599210104,0.21191509644966433,1.4452397940246386
2024-04-04,0.07722676666885436,0.1192743262977592,0.09246421719256519,0.14431833095651778,0.11427032868198155,0.1722026330491499,0.1299768541741164,0.21012383584115724,0.17386897967758683,0.21743594369332248,1.451162216233011
2024-04-05,0.07674709731066272,0.12085506714388342,0.09246421719256519,0.14595320188932046,0.11154960179580133,0.1720346234217545,0.1299768541741164,0.2097995823664463,0.173222844955812,0.21743594369332248,1.4500390339436846
2024-04-08,0.07665116343902441,0.12157359468074505,0.09104169077421802,0.14626121903181316,0.11472377759252304,0.1705226065104358,0.12634152907888507,0.2133664814225032,0.1726941892743599,0.21913465360225415,1.4523109054067618
2024-04-09,0.07818610538523767,0.12329803648001741,0.09104169077421802,0.14609536579038535,0.11721324007524835,0.17606668014114443,0.12634152907888507,0.21563633491279155,0.17621856048404072,0.2199840199966143,1.4700815631185828
2024-04-10,0.07684303118230107,0.12214841367408494,0.09104169077421802,0.14258869337596763,0.11685047871861974,0.18060274830891063,0.12634152907888507,0.21401500420538747,0.1764535185646861,0.21913465360225415,1.466019761485315
2024-04-11,0.07856984087179099,0.123585453567061,0.09104169077421802,0.14384446057259725,0.11526792519795453,0.1842987857735097,0.12634152907888507,0.21531206560461827,0.17715839280662227,0.221682729905546,1.4771028741528032
2024-04-12,0.07770643602704604,0.12301063457372113,0.092285657391099,0.14140400348672263,0.11184434748699532,0.1834587899379627,0.1241603340217463,0.2114220689165993,0.1760070982114599,0.21743594369332245,1.4587353137466748
2024-04-15,0.07770643602704604,0.12186100417741502,0.0924106492521253,0.13875032376498994,0.10996251389744052,0.18678819437733338,0.12550260790306247,0.2101250233508308,0.17339906351629608,0.21658657729896227,1.4530923935655018
2024-04-16,0.07789830377032268,0.11956173579442918,0.09210114559625061,0.1351014781632116,0.10969044009472478,0.18559303696356702,0.12550260790306247,0.2101250233508308,0.1732815844759734,0.20894234838908674,1.4377977045014592
2024-04-17,0.07770643602704604,0.11640025410218077,0.09210114559625061,0.13782626305121604,0.11154960179580137,0.1835441633057489,0.12550260790306247,0.21628609270573623,0.16987469230661528,0.200448753084851,1.4312400098785085
2024-04-18,0.07761050215540771,0.11481950566568297,0.09210114559625061,0.13818166816073038,0.11490516384132594,0.1724461485078466,0.12550260790306247,0.21239487684111913,0.16799502766145222,0.19535260047826727,1.4113092468111452
2024-04-19,0.07847390700015267,0.11958228293578628,0.09210114559625061,0.14012454694973003,0.1125018545348179,0.17312910058251593,0.12550260790306247,0.21239487684111913,0.16822998574209763,0.19577727223555305,1.4178175803210857
2024-04-22,0.07847390700015267,0.11767716747352078,0.09152975423155887,0.14441310689056108,0.1125018545348179,0.17825125857634622,0.1286345802928002,0.21077356196717734,0.1705795665485515,0.20044875308485102,1.4332835106003377
2024-04-23,0.07770643602704602,0.12163393056055571,0.09152975423155887,0.14848842562294265,0.11539942215112822,0.18695894111290576,0.1286345802928002,0.21077356196717734,0.17056781864451923,0.1991747149332051,1.4508675855438389
2024-04-24,0.07770643602704602,0.11928918824928388,0.09152975423155887,0.14801454595272637,0.11313668969416224,0.18576376626532937,0.1286345802928002,0.20590955401150268,0.17056781864451923,0.1979006767815592,1.438453010150488
2024-04-25,0.07770643602704602,0.12134083587405335,0.09152975423155887,0.1464033736465824,0.11200306184731999,0.18866633873338923,0.1286345802928002,0.21044929265900403,0.17093200366951958,0.2089423483890868,1.4566080253703606
2024-04-26,0.07770643602704602,0.12280632448731249,0.09152975423155887,0.14846473628257972,0.11291902842379421,0.19634957572413464,0.1286345802928002,0.21207060753294582,0.17292914735500536,0.20809298199472662,1.4715031723519039
2024-04-29,0.07818610538523767,0.12163393056055576,0.09361295191533087,0.14751697694214713,0.11744450447870335,0.2009595283788679,0.1290260768415174,0.20753090055236909,0.17292914735500536,0.21318915748109898,1.4820292798908334
2024-04-30,0.07770643602704602,0.120901209025047,0.09361295191533087,0.14531346897767636,0.11653759551664329,0.19737400383613868,0.1290260768415174,0.1978028688075575,0.17292914735500536,0.2068189438430807,1.4580227021450431
2024-05-01,0.07770643602704602,0.120901209025047,0.09361295191533087,0.145360856944698,0.11653759551664329,0.19737400383613868,0.1290260768415174,0.1978028688075575,0.17292914735500536,0.2068189438430807,1.458070090112065
2024-05-02,0.07904951022998262,0.12192702524705812,0.09361295191533087,0.14581103798825562,0.11608414660610183,0.20403283014869011,0.1290260768415174,0.20655809262784924,0.17292914735500536,0.2191346536022542,1.4881654725620457
2024-05-03,0.07856984087179099,0.11196183626747154,0.09361295191533087,0.1470299107320189,0.11656481292379431,0.16390921270685946,0.1290260768415174,0.16407909825947065,0.17292914735500536,0.19620196687262753,1.373884854745887
2024-05-06,0.08000884894636591,0.12280632448731249,0.09329749626607396,0.15011295162232147,0.11694570065022836,0.20061805234153327,0.12690080986276678,0.2078551540270801,0.1727999204106504,0.21658657729896236,1.4879318359132951
2024-05-07,0.07866577474342931,0.1225132298008101,0.09329749626607396,0.14817708398658486,0.11993850133912436,0.20147173371796495,0.12690080986276678,0.2094765005679465,0.1727999204106504,0.21658657729896236,1.4898276279943135
2024-05-08,0.07885764248670596,0.12280632448731248,0.09484501454544744,0.14996955264392678,0.1258333928810492,0.20061805234153327,0.12690080986276678,0.21077356196717736,0.1727999204106504,0.21233976820695016,1.4957440398335198
2024-05-09,0.07972104733145093,0.12324594374594522,0.09526165408220184,0.15133182436608475,0.12424630498268834,0.19908138402281214,0.12690080986276678,0.2098007698761198,0.17472657667194258,0.2140385009956705,1.4983548159376827
2024-05-10,0.08010478281800423,0.12324594374594522,0.09526165408220184,0.15183371150417038,0.12465442125725049,0.20488651152512186,0.12690080986276678,0.21012502335083078,0.17472657667194258,0.21488784451024204,1.5066272793284763
2024-05-13,0.08010478281800423,0.12324594374594522,0.09526165408220184,0.15152302919480815,0.1224324981995453,0.20488651152512186,0.12690080986276678,0.21012502335083078,0.17472657667194258,0.21488784451024204,1.5040946739614087
2024-05-14,0.08154379089257917,0.12573724099084188,0.09491643846603391,0.1519771197688608,0.12320336468975895,0.21769190650969758,0.1305361349579981,0.21077356196717734,0.17563116528242734,0.21701124905624813,1.5290219725816232
2024-05-15,0.08394213768353738,0.12632343795422024,0.09491643846603391,0.1535305777471507,0.12401958609790617,0.2270825411209265,0.1305361349579981,0.2110978154418883,0.17563116528242734,0.21403850099567054,1.5411183357477591
2024-05-16,0.08998597159675208,0.12808199848286092,0.09524379810205523,0.15329158564069006,0.12424630498268834,0.22196038312709623,0.13003278225250453,0.2098007698761198,0.17563116528242734,0.21913465360225426,1.5474094129454488
2024-05-17,0.09766068132781834,0.1274958091098562,0.09524379810205523,0.15312429302342678,0.1269670318688686,0.22861919200583763,0.13003278225250453,0.21239487684111913,0.17762830896791312,0.22083338639097458,1.5700001598903743
2024-05-20,0.09555013615177513,0.12837509316936335,0.09524379810205523,0.1509494425675252,0.12837273351842657,0.22878992130759992,0.1310394876634917,0.2098007698761198,0.17868562033081736,0.21828528720789406,1.5650922898950683
2024-05-21,0.09353552484737022,0.12822853823573854,0.09524379810205523,0.1547255568520454,0.12837273351842657,0.22605813044273254,0.1310394876634917,0.2127191461492924,0.17915553649210814,0.22040869175390015,1.5694871440571607
2024-05-22,0.09084937644149703,0.12866818785586573,0.09524379810205523,0.15252680347097947,0.1260601229068085,0.22281408193733798,0.1310394876634917,0.20526101539515615,0.1779807460888812,0.21658657729896238,1.5470301971610354
2024-05-23,0.09084937644149703,0.12866818785586573,0.09524379810205523,0.1506148387604072,0.1269670318688686,0.22281408193733798,0.12785158719536577,0.20526101539515615,0.1779807460888812,0.21658657729896238,1.5428372409443971
2024-05-24,0.09209651677279528,0.12822853823573857,0.09524379810205523,0.15195321684369653,0.12408760176334083,0.21598452632302423,0.12785158719536577,0.20266687676323217,0.17578388803484682,0.21786061545060834,1.531757165484704
2024-05-27,0.09401519420556184,0.12808199848286098,0.09587470940056902,0.15195321684369653,0.1228859471100868,0.2134234473261091,0.1296972137821755,0.2042882074706363,0.17527872816145926,0.21998401999661443,1.5354826827797696
2024-05-28,0.09209651677279528,0.12808199848286098,0.09587470940056902,0.149252576324545,0.12411027365181904,0.20710611448470245,0.1296972137821755,0.20461247677880962,0.17527872816145926,0.21913465360225426,1.5252452614419902
2024-05-29,0.091137178056412,0.12808199848286098,0.09587470940056902,0.1482009776254536,0.12719829627232354,0.20317911390463855,0.1296972137821755,0.199424215348424,0.17433889583887774,0.21573721090460224,1.512869809616337
2024-05-30,0.091137178056412,0.12837509316936338,0.09587470940056902,0.14800979136932166,0.12361146982334402,0.20830128933227884,0.12807529950891847,0.20136981536400136,0.17451511439936176,0.21701124905624813,1.5162810094798185
2024-05-31,0.08921850062364543,0.12603034326771792,0.09587470940056902,0.14891797251742694,0.12610546668376493,0.204886511525122,0.12807529950891847,0.20493674608698287,0.17410393775823235,0.21616190554167664,1.5143113929140566
2024-06-03,0.08921850062364543,0.12603034326771792,0.09587470940056902,0.1479858884441573,0.12637754048648067,0.204886511525122,0.12807529950891847,0.20493674608698287,0.17410393775823235,0.21616190554167664,1.5136513826435025
2024-06-04,0.09094531031313535,0.12617689061096912,0.09450575092266172,0.145858825265993,0.12587873665800564,0.2123990192141051,0.12779565911697763,0.2081794233352534,0.17351654255661889,0.2165865772989624,1.5218427352926822
2024-06-05,0.09200058290115695,0.1250045270457068,0.09450575092266172,0.14762740028446633,0.12828204596451373,0.21052089229185933,0.12779565911697763,0.20947650056794656,0.17351654255661889,0.2165865772989624,1.5253164789508704
2024-06-06,0.09200058290115695,0.12251322980081017,0.09450575092266172,0.14803369429448598,0.13150611105686466,0.21308197128877446,0.12779565911697763,0.21304341545746575,0.17351654255661889,0.21616190554167666,1.532158862937493
2024-06-07,0.08998597159675206,0.12163393056055581,0.09791029113728336,0.14765129392333498,0.1292796424804867,0.21564303285187952,0.12779565911697763,0.21304341545746575,0.17615982096387953,0.21870998184496854,1.5378130399335836
2024-06-10,0.08998597159675206,0.12163393056055581,0.09791029113728336,0.14681482155072273,0.12968774761407176,0.21564303285187952,0.12779565911697763,0.21304341545746575,0.17615982096387953,0.21870998184496854,1.5373846726945566
2024-06-11,0.08921850062364543,0.12163393056055581,0.09741032369317809,0.1413418224506309,0.1303679376913497,0.21752117720793535,0.13031242264444545,0.20623382331967605,0.17615982096387953,0.21870998184496854,1.5289097410002648
2024-06-12,0.08777949254907051,0.11928918824928397,0.09741032369317809,0.14342107977846652,0.1333153834623121,0.2117160671394357,0.13031242264444545,0.2075309005523692,0.17237699586548882,0.21488784451024212,1.5180396984442925
2024-06-13,0.08758762480579385,0.11870299887627919,0.10302900544598023,0.14394686984171648,0.13549196274306088,0.21052089229185927,0.13031242264444545,0.20655809262784935,0.17295264316307002,0.21488784451024212,1.5239903569502968
2024-06-14,0.08634048447449558,0.12060811433854467,0.10302900544598023,0.1417959223109793,0.13594541165360235,0.2120575431767704,0.13031242264444545,0.2068823619360226,0.17175435695177854,0.21446319563274505,1.5231888185653641
2024-06-17,0.08538114575811231,0.11782371481677203,0.10383847654596022,0.14354058511799256,0.1380766471573947,0.20778906655937177,0.13540187777776927,0.2075309005523692,0.17175435695177854,0.2127644628440247,1.5239012340815452
2024-06-18,0.08538114575811231,0.11870299887627919,0.10383847654596022,0.14526134499984145,0.13853009606793615,0.2130819712887744,0.13540187777776927,0.20590955401150277,0.17245923119371467,0.21106575293509305,1.5296324494549836
2024-06-19,0.08634048447449559,0.1198753700319151,0.10383847654596022,0.14526134499984145,0.13762318710587607,0.21342344732610907,0.13540187777776927,0.20753090055236917,0.17245923119371467,0.21106575293509305,1.5328200729431436
2024-06-20,0.08634048447449559,0.11855645153302799,0.10415988418859932,0.14487895391498615,0.13762318710587607,0.21103309763095626,0.13540187777776927,0.21661036201390957,0.17245923119371467,0.21106575293509305,1.5381292827684279
2024-06-21,0.08672421996104891,0.12016846471841747,0.10415988418859932,0.14337329250072928,0.13467574133491367,0.21496009821102016,0.13540187777776927,0.21369195407381233,0.17245923119371467,0.21446319563274505,1.54007795959277
2024-06-24,0.08672421996104891,0.12075465409142225,0.10393370844007552,0.1465997230831308,0.1344218050429805,0.2117160671394357,0.13808642554040162,0.21109781544188838,0.17245923119371467,0.21573721090460235,1.5415308608387008
2024-06-25,0.0859567489879423,0.12148739080767822,0.10393370844007552,0.14717330971041379,0.13218174447449274,0.2142771287025408,0.13791864130523712,0.21077356196717742,0.17245923119371467,0.21488784451024218,1.5410493100995148
2024-06-26,0.0859567489879423,0.11899609356278157,0.10393370844007552,0.1463846246155388,0.1328619234107935,0.210350162990097,0.13791864130523712,0.21174633822477262,0.17245923119371467,0.21403850099567068,1.534645973726624
2024-06-27,0.0859567489879423,0.11899609356278157,0.10393370844007552,0.14710160093492075,0.13381417614981,0.20915497070871053,0.13791864130523712,0.21142206891659934,0.17245923119371467,0.21446319563274505,1.535220435832537
2024-06-28,0.0863404844744956,0.12016846471841751,0.10477293950696652,0.1516664188869073,0.13154690931514837,0.2084720186340412,0.13791864130523712,0.20850369264342677,0.173868979677587,0.21233976820695033,1.5355983173691778
2024-07-01,0.0863404844744956,0.12016846471841751,0.10477293950696652,0.15159471939770996,0.13095741793276047,0.2084720186340412,0.13791864130523712,0.20850369264342677,0.173868979677587,0.21233976820695033,1.5349371264975926
2024-07-02,0.08643641834613394,0.11826335684652561,0.10382062056581362,0.15458216715994655,0.13281657963383708,0.21359417662787147,0.13763900091329626,0.21434049269015898,0.173868979677587,0.21701124905624827,1.5523730415174188
2024-07-03,0.08643641834613394,0.12016846471841751,0.10382062056581362,0.15405636781040088,0.13603609920751522,0.21256974851586746,0.13763900091329626,0.21628609270573637,0.17451511439936185,0.21573721090460238,1.5572651380871452
2024-07-04,0.08816322803562385,0.12016846471841751,0.10382062056581362,0.15405636781040088,0.13808118153509033,0.21308197128877449,0.13763900091329626,0.21693463132208293,0.17451511439936185,0.21870998184496862,1.5651705624338306
2024-07-05,0.08921850062364545,0.12075465409142228,0.10382062056581362,0.15302869060906527,0.13780457335467897,0.21171606713943578,0.13763900091329626,0.21985302342871788,0.1754197030098466,0.21743594369332273,1.5666907774292445
2024-07-08,0.08921850062364545,0.12207358018068301,0.10471341957314448,0.15472555685204553,0.13899715925254172,0.21076353606005382,0.13752714475651995,0.21985302342871788,0.1742449126066197,0.2178606154506085,1.56997744878458
2024-07-09,0.08729982319087888,0.12236667486718542,0.10313614132685998,0.15905138269757144,0.13603609920751525,0.20868535616755143,0.13752714475651995,0.22017729273689113,0.1737515006372644,0.21743594369332278,1.5654673592815607
2024-07-10,0.08653235221777228,0.12222013511430783,0.10313614132685998,0.16007905989890706,0.13331538346231214,0.20574123893015642,0.13752714475651995,0.2205015620450644,0.17328158447597364,0.21318915748109923,1.555523759708973
2024-07-11,0.08653235221777228,0.12515106679858445,0.10285044564451411,0.15704379700004606,0.13512920138643228,0.20747307875232177,0.13752714475651995,0.21952875412054457,0.17328158447597364,0.21828528720789428,1.5628027123606032
2024-07-12,0.08653235221777228,0.12661654023109636,0.10285044564451411,0.15419976678879557,0.13816733471130757,0.20695353377919615,0.13752714475651995,0.2169350271586408,0.17269418927436017,0.22083338639097477,1.5633097209531777
2024-07-15,0.08634048447449562,0.1250045270457069,0.10236238218717325,0.15568153456418385,0.1400718401893406,0.20366305903765408,0.13556966201293388,0.22115051233143118,0.17245923119371478,0.22168272990554627,1.5639859629421804
2024-07-16,0.08634048447449562,0.12412523539582612,0.10236238218717325,0.16077213329312465,0.1400718401893406,0.2043557914797582,0.13556966201293388,0.22666304306999008,0.17289390364290874,0.22125803526847185,1.574412511014023
2024-07-17,0.08566894737302734,0.12134083587405349,0.10236238218717325,0.16158472131316398,0.13921482052290976,0.2027971391265714,0.13556966201293388,0.22633880542874144,0.1726119539461343,0.22040869175390035,1.5678979595386093
2024-07-18,0.08566894737302734,0.12368559336607256,0.10236238218717325,0.15508404501173653,0.13921027500423697,0.20158486171134168,0.1426165998898438,0.22147478163960446,0.1726119539461343,0.21870998184496868,1.5630094219741395
2024-07-19,0.08461367478500573,0.1249545520258713,0.10236238218717325,0.15568153456418385,0.13816733471130757,0.20141167424236317,0.1426165998898438,0.22147478163960446,0.1726119539461343,0.2199840199966146,1.563878507988102
2024-07-22,0.08422993929845242,0.1252531193717451,0.10302900544598029,0.1541519702247626,0.1384394085140233,0.20348987156867557,0.1400439082839878,0.22147478163960446,0.1726119539461343,0.22083338639097477,1.5635573446843407
2024-07-23,0.08422993929845242,0.12181947724340537,0.10302900544598029,0.1545343705959136,0.13993580885847132,0.2008921292692376,0.1400439082839878,0.22277184303883527,0.1726119539461343,0.22338146269426662,1.5632498986746848
2024-07-24,0.08422993929845242,0.12241663470627381,0.10302900544598029,0.15214440309982863,0.14020788266118706,0.20141167424236323,0.1400439082839878,0.2182321043913339,0.1726119539461343,0.222980082561835,1.5573075886373764
2024-07-25,0.08422993929845242,0.12226735482852372,0.10302900544598029,0.15384127862910463,0.13989046508151487,0.20089212926923766,0.1400439082839878,0.21725929646681405,0.17140191983081057,0.22342605540236157,1.5562813525367873
2024-07-26,0.08490147639992071,0.12002802003554726,0.10100532769603035,0.15577713697854556,0.1394868943256255,0.197428467058717,0.1400439082839878,0.21823210439133392,0.1706970455888744,0.21985836419730354,1.547458744955886
2024-07-29,0.08538114575811236,0.11943086257267882,0.10137435128572711,0.15367399529813702,0.14011718396629705,0.19084751757563279,0.1411065417733631,0.21855637369950723,0.1706970455888744,0.21896644139603902,1.5401514589143688
2024-07-30,0.08394213768353743,0.11823655523731555,0.10137435128572711,0.15742620665749282,0.14025322643814347,0.186344782852671,0.1411065417733631,0.21952916579056475,0.16852368334290457,0.21807451859477453,1.5348111696564943
2024-07-31,0.08394213768353743,0.11823655523731555,0.10383252455257808,0.15506015137286788,0.14147755297987574,0.1861715779498824,0.1411065417733631,0.22309611234700857,0.1690053474082276,0.21941241423656563,1.541340915541222
2024-08-01,0.08394213768353743,0.11943086257267882,0.10233262222026224,0.15123622195172334,0.14237991642326306,0.18703751529477514,0.1411065417733631,0.21725929646681408,0.16776006958080703,0.2167366458327721,1.5292218297999964
2024-08-02,0.08250312960896251,0.11883370510981037,0.10233262222026224,0.14043364130252575,0.14147755297987577,0.18703751529477514,0.13898127479461247,0.2075312805554648,0.16682023725822548,0.21272300466697613,1.4986739637914908
2024-08-05,0.08250312960896251,0.11554936563034157,0.0974460356534714,0.13563187422913534,0.13716973819533468,0.1816688257931106,0.13920498710816515,0.20039737160911486,0.1617686385243496,0.21272300466697613,1.4640629710189617
2024-08-06,0.08298279896715416,0.11704225549232587,0.0974460356534714,0.13647640710642617,0.13857543984489265,0.1873838727989222,0.13814235361878985,0.20039737160911486,0.163660051073545,0.21004723626318259,1.472153822427825
2024-08-07,0.08298279896715416,0.1209237524346631,0.0974460356534714,0.13539057912133798,0.13875682609369552,0.1891156777534675,0.13814235361878985,0.20461285678190522,0.163660051073545,0.21584472303150762,1.4868756545295376
2024-08-08,0.08298279896715416,0.1209237524346631,0.0974460356534714,0.139951051086931,0.14170427186465792,0.1891156777534675,0.13814235361878985,0.20461285678190522,0.16517553069370777,0.21584472303150762,1.4958990518862556
2024-08-09,0.08298279896715416,0.12361094204163708,0.0974460356534714,0.13956498262897352,0.14057064401781572,0.19171343748671552,0.13814235361878985,0.20980114987921547,0.16400074029048084,0.21807451859477459,1.5059076031790282
2024-08-12,0.08298279896715416,0.12331236710538968,0.10048155227839628,0.13956498262897352,0.14288325462943377,0.19552345720138323,0.13942869942171784,0.21207100336950385,0.16752511150016167,0.2140608774289786,1.5178341045310924
2024-08-13,0.08298279896715416,0.12420809950450552,0.10048155227839628,0.1403130030349228,0.14351355541108246,0.1976016545276956,0.13942869942171784,0.21207100336950385,0.16752511150016167,0.2180745185947746,1.5261999966099147
2024-08-14,0.08442180704172908,0.12570098177611622,0.10048155227839628,0.14303962660947833,0.145105177687139,0.19881393194292532,0.13942869942171784,0.21207100336950385,0.16893485998403399,0.21539877307076977,1.5333964131818096
2024-08-15,0.08643641834613398,0.12540241443024241,0.10048155227839628,0.1460316896606841,0.145105177687139,0.19864076190775684,0.13942869942171784,0.20461285678190527,0.16893485998403399,0.2171825957935101,1.5322570262915198
2024-08-16,0.09113717805641207,0.12540241443024241,0.10048155227839628,0.1481550847520419,0.1460166210268947,0.19950666438502948,0.13942869942171784,0.21077395780373534,0.16893485998403399,0.22030433703783023,1.5501413691763342
2024-08-19,0.09113717805641207,0.12540241443024241,0.10048155227839628,0.14967523278761052,0.14750848699364702,0.19950666438502948,0.13942869942171784,0.21077395780373534,0.16893485998403399,0.22030433703783023,1.553153383178655
2024-08-20,0.08825916190726221,0.12495455202587129,0.10399322837389763,0.147937915440506,0.14827935348386068,0.19673573461661295,0.14289624028178466,0.20785553403017581,0.16893485998403399,0.21673664583277216,1.5465832259767773
2024-08-21,0.085860815116304,0.12480524937700037,0.10399322837389763,0.14605581545694557,0.14832924277948986,0.20504852392186254,0.14289624028178466,0.21725929646681413,0.17083802043726162,0.21584472303150767,1.5609311552428682
2024-08-22,0.08634048447449565,0.12331236710538968,0.10399322837389763,0.14579038526659105,0.14737244452180057,0.19708209212075997,0.14289624028178466,0.21207100336950394,0.16983944859451874,0.21406087742897864,1.5427585715377206
2024-08-23,0.08758762480579392,0.11943086257267882,0.10399322837389763,0.1499406629779651,0.14579442537883103,0.19396480484819642,0.14451815455504172,0.2205019737150847,0.16889961627193723,0.21272300466697622,1.5473543581664027
2024-08-26,0.08873883126545386,0.12241663470627381,0.10507649116945908,0.14909613010067427,0.14510517768713896,0.19292571490194524,0.14479779494698256,0.21207100336950394,0.16781880910096844,0.2176285686340367,1.5456751558824369
2024-08-27,0.08873883126545386,0.1215209098975316,0.10507649116945908,0.14883070919661545,0.1423844508009587,0.18911567775346752,0.14653156537701595,0.22115051233143132,0.1681125067017752,0.22253413260109725,1.553995787094806
2024-08-28,0.08883476513709218,0.1215209098975316,0.10507649116945908,0.14858941408881812,0.1419355362681129,0.18703751529477522,0.14653156537701595,0.22212332025595116,0.1681125067017752,0.22431797820362626,1.5540800023941577
2024-08-29,0.09017783934002878,0.1200280200355473,0.10507649116945908,0.14931329941221025,0.14551328282072398,0.18374702311942304,0.14653156537701595,0.21855637369950734,0.16834746478242057,0.21941241423656577,1.5467037739929022
2024-08-30,0.09104124418477375,0.12092375243466316,0.10507649116945908,0.15114713851695202,0.1464655355597405,0.18443975556152717,0.14653156537701595,0.2192048964823916,0.16740763245983906,0.22565585096562868,1.5578938627119912
2024-09-02,0.08883476513709218,0.11958015004080257,0.10840960746349429,0.15114713851695202,0.1461027742031119,0.18738387279892224,0.15335479094037321,0.21531368061777453,0.16740763245983906,0.2261018009263666,1.5636362131047286
2024-09-03,0.08854696352217721,0.120177307503671,0.10840960746349429,0.14829985810220211,0.14505983391018254,0.18755704283409072,0.15335479094037321,0.2156379499259478,0.16740763245983906,0.2234260554023617,1.5578770420643397
2024-09-04,0.08960223611019882,0.11823655523731559,0.10840960746349429,0.14709338256321525,0.1440622373942096,0.18651795288783957,0.15335479094037321,0.21628648854229435,0.16740763245983906,0.22387200536309962,1.5548428889618793
2024-09-05,0.09113717805641207,0.11943086257267885,0.10670138536280124,0.14629711056474304,0.14426628439051356,0.18617157794988248,0.15335479094037321,0.21271954198585052,0.16740763245983906,0.22565585096562862,1.5531422152487226
2024-09-06,0.09017783934002878,0.11943086257267885,0.10670138536280124,0.14258117147644084,0.14197634566737372,0.1830542906773189,0.15335479094037321,0.21142246475315743,0.16740763245983906,0.22565585096562862,1.5417626342156405
2024-09-09,0.09248025225934867,0.1168929604338286,0.1045408117650606,0.14366699946152903,0.13925562992217058,0.18011019087373387,0.14955168160997737,0.20980114987921564,0.16448240435580394,0.22431797820362623,1.5251000587642944
2024-09-10,0.09209651677279536,0.11704225549232591,0.1045408117650606,0.13983040353303242,0.137396468221094,0.17785880607844295,0.15290736631326782,0.21304381129402383,0.16364830316951284,0.22520987812510207,1.5235746207646579
2024-09-11,0.09017783934002879,0.11704225549232591,0.10773108021792284,0.13826198533234949,0.13468481009030506,0.17474150137206934,0.1505583870209645,0.21077395780373548,0.16388326125015826,0.22565585096562865,1.5135109288854882
2024-09-12,0.09190464902951873,0.11808726776919187,0.10773108021792284,0.13833438129372524,0.13653490303599036,0.1844397555615272,0.1505583870209645,0.21434088852671696,0.16388326125015826,0.22387200536309965,1.5296865790688154
2024-09-13,0.0944948635637536,0.11704225549232591,0.10773108021792284,0.1391547790884589,0.1400627714339494,0.17803199354742152,0.1510058116480699,0.21304381129402383,0.1650228079412884,0.22476392816436416,1.5303541023915783
2024-09-16,0.09593387163832852,0.11614651550283646,0.1081060558010018,0.14089210572185917,0.13653490303599036,0.17837836848537858,0.1507820993345172,0.2156379499259478,0.1650228079412884,0.2274396965681577,1.534874373955306
2024-09-17,0.09593387163832852,0.11599722803471275,0.1081060558010018,0.14306376169203555,0.13831698031624104,0.17578060875213058,0.15380221556747858,0.214340888526717,0.1650228079412884,0.2261018009263666,1.5364662191963008
2024-09-18,0.09689321035471181,0.1149522081674732,0.1081060558010018,0.1445356581350813,0.13831698031624104,0.17491470627485797,0.15380221556747858,0.2205019737150848,0.16227379839773734,0.22387200536309967,1.5381688120927675
2024-09-19,0.09689321035471181,0.11480292069934951,0.1081060558010018,0.15206405806932294,0.13831698031624104,0.17179740156848433,0.15408185595941945,0.22666304306999027,0.16227379839773734,0.2296694921314247,1.5546688163676832
2024-09-20,0.0965094748681585,0.11883370510981046,0.1081060558010018,0.14994066297796518,0.13831698031624104,0.17179740156848433,0.15408185595941945,0.2334726827081669,0.16227379839773734,0.22922354217068677,1.5625561598776718
2024-09-23,0.09881188778747839,0.11793798030106821,0.10950477424582013,0.15100236516679194,0.1426111808267181,0.17647334119423475,0.1531310786268205,0.22633880542874163,0.16227379839773734,0.22253413260109725,1.5606193445765082
2024-09-24,0.09823628455764842,0.11793798030106821,0.10950477424582013,0.14808268879066624,0.1472364131909314,0.18011019087373395,0.1531310786268205,0.22633880542874163,0.16227379839773734,0.22743969656815777,1.5702917109813257
2024-09-25,0.0978525490710951,0.11778869283294449,0.11182009967149815,0.14569387279524965,0.14710037071908497,0.18114928081998513,0.1531310786268205,0.22569026681239504,0.16227379839773734,0.22833161936942228,1.5708316291162325
2024-09-26,0.0978525490710951,0.11793798030106821,0.11182009967149815,0.14890309587169565,0.1495943675795059,0.18184201326208926,0.1531310786268205,0.22569026681239504,0.16227379839773734,0.22833161936942228,1.5773768689633274
2024-09-27,0.09593387163832853,0.11644509802945753,0.11182009967149815,0.14928916432965317,0.15394752614100343,0.18270793317317194,0.1531310786268205,0.22569026681239504,0.16227379839773734,0.22342605540236177,1.5746648922224273
2024-09-30,0.09593387163832853,0.11689296043382867,0.11145702807518361,0.1510506167593149,0.15100008037004103,0.18409338062357017,0.1522362293726097,0.2282843896108567,0.16227379839773734,0.22119623695930615,1.5744185922407767
2024-10-01,0.09708507809798847,0.11823655523731566,0.11145702807518361,0.14914439097949303,0.1475175446080613,0.1834006481814661,0.1522362293726097,0.2302299896264341,0.16227379839773734,0.22298008256183519,1.5745613451381244
2024-10-02,0.09727694584126512,0.11793798030106825,0.11145702807518361,0.1496752327876107,0.1491862624459209,0.18184201326208932,0.1522362293726097,0.22763585099451014,0.16270847084693132,0.22164220979983273,1.5715982237270218
2024-10-03,0.09593387163832855,0.11793798030106825,0.11145702807518361,0.14793791544050616,0.15417425616676278,0.18270793317317197,0.1522362293726097,0.23120279755095394,0.16173339481225296,0.22253413260109725,1.577855539131935
2024-10-04,0.09555013615177523,0.11763939777444722,0.11145702807518361,0.15114713851695213,0.15598806294990583,0.18201520073106786,0.1522362293726097,0.23671535995643747,0.1628376977912863,0.2198583641973037,1.585444615516969
2024-10-07,0.09555013615177523,0.117042255492326,0.11082611677666983,0.15105061675931492,0.15367091796059212,0.18315993956618656,0.15212437321583333,0.23995803720470799,0.1628376977912863,0.22075028699856822,1.5869703779172604
2024-10-08,0.09555013615177523,0.11823655523731566,0.12190872845433683,0.15259490916373641,0.1554892702624079,0.1817510262074689,0.15212437321583333,0.23347268270816693,0.1628376977912863,0.2203043370378303,1.5942697162301578
2024-10-09,0.0965094748681585,0.11928158269492885,0.11210579535384407,0.15471830425509417,0.15604702100092632,0.1778764839618278,0.15212437321583333,0.23995803720470799,0.1628376977912863,0.21896644139603924,1.5904252117426465
2024-10-10,0.0978525490710951,0.11838584270543938,0.11210579535384407,0.15317401185067267,0.15725773326859452,0.18087044446213907,0.15212437321583333,0.24125535193933584,0.1628376977912863,0.22119623695930618,1.5970600366175463
2024-10-11,0.09708507809798848,0.11898300016830782,0.11210579535384407,0.15862727757237513,0.15870878983608608,0.1858016673683659,0.15212437321583333,0.24190387472222008,0.1628376977912863,0.2225341326010973,1.6107116867274043
2024-10-14,0.09708507809798848,0.11898300016830782,0.11210579535384407,0.1592787855069829,0.15870878983608608,0.1858016673683659,0.15212437321583333,0.24190387472222008,0.1628376977912863,0.2225341326010973,1.6113631946620122
2024-10-15,0.09689321035471184,0.11793798030106827,0.11270694668544683,0.15114713851695208,0.15870878983608608,0.18404052131151633,0.16006616034695406,0.24028254401481597,0.1628376977912863,0.22476392816436425,1.609384917323202
2024-10-16,0.09766068132781845,0.11883370510981052,0.11270694668544683,0.1550319860379716,0.15870878983608608,0.18791506355715745,0.16006616034695406,0.23703986676654545,0.1628376977912863,0.22922354217068683,1.6200244396297634
2024-10-17,0.0978525490710951,0.11943086257267897,0.11348665781851576,0.15435636159339808,0.16052260776020624,0.19178958836898852,0.16006616034695406,0.23703986676654545,0.16789517047717828,0.2296694921314248,1.6321093169069854
2024-10-18,0.0978525490710951,0.1207248922365052,0.11398067326923882,0.1516538545288083,0.16233641454334927,0.19566413061462962,0.16006616034695406,0.23703986676654545,0.1691698180646795,0.22922354217068683,1.637711901612492
2024-10-21,0.09957935876058502,0.1192025137730535,0.11379020948100824,0.1491926518583116,0.16324332350540935,0.1965447123599594,0.16392519775573808,0.23703986676654545,0.17036810427597102,0.22654777376689328,1.639433712303475
2024-10-22,0.09957935876058502,0.11646222191231742,0.11379020948100824,0.15336705536594714,0.1622457269894364,0.198129742067743,0.16392519775573808,0.23703986676654545,0.17036810427597102,0.22565585096562876,1.6405633343409207
2024-10-23,0.0988118877874784,0.11524431610540663,0.11379020948100824,0.15225709229830178,0.15961569879814616,0.19619247966182748,0.16392519775573808,0.23703986676654545,0.16858242286306604,0.2261018009263667,1.631560972443885
2024-10-24,0.09977122650386169,0.11524431610540663,0.11379020948100824,0.1520157971905044,0.1591168949696711,0.1965447123599594,0.16392519775573808,0.23703986676654545,0.16858242286306604,0.2261018009263667,1.6321324449221277
2024-10-25,0.09977122650386169,0.11600550913231927,0.11379020948100824,0.14902373413929862,0.16020519018053408,0.19636859601089346,0.16392519775573808,0.23703986676654545,0.16858242286306604,0.22654777376689328,1.6312597266001583
2024-10-28,0.10073056522024498,0.11722341493923008,0.11474848041554335,0.15481482601273142,0.1588448211669554,0.19901032381307282,0.16392519775573808,0.23703986676654545,0.16858242286306604,0.22476392816436425,1.639683847117492
2024-10-29,0.09881188778747842,0.11509208357232299,0.11656979039049829,0.1560936975130941,0.16006914770868763,0.19901032381307282,0.16392519775573808,0.23703986676654545,0.16858242286306604,0.22520987812510218,1.6404042962956062
2024-10-30,0.09996309424713838,0.11524431610540666,0.1175399653117978,0.15563522380746508,0.15648686677838086,0.20270874970964792,0.16392519775573808,0.23703986676654545,0.16971609560218004,0.22520987812510218,1.6434692542094023
2024-10-31,0.09996309424713838,0.11509208357232299,0.11579603125081153,0.15483894252269714,0.15648686677838086,0.20464601211556346,0.16392519775573808,0.23703986676654545,0.17069704558887455,0.22565585096562876,1.644140991563701
2024-11-01,0.09881188778747843,0.1141786504219531,0.11579603125081153,0.1537289887413475,0.15648686677838086,0.20288486605871392,0.1668893859103113,0.23703986676654545,0.17034460846790647,0.2252098781251022,1.641371030308551
2024-11-04,0.09881188778747843,0.1141786504219531,0.11579603125081153,0.15178151323597006,0.16002380393173118,0.20288486605871392,0.1668893859103113,0.23703986676654545,0.17034460846790647,0.2252098781251022,1.6429604919565237
2024-11-05,0.09919562327403174,0.11554879635232114,0.1159626870655133,0.15499485014141676,0.1568995174306387,0.20358931402116773,0.16554711202899514,0.23703986676654545,0.169757213266293,0.22610180092636672,1.6446367812732896
2024-11-06,0.09881188778747842,0.11341745739504046,0.11748639737135796,0.16804294995688915,0.15780641525172162,0.20587882655902526,0.1763412311579127,0.23703986676654545,0.16960449051387352,0.22298008256183527,1.66740960532168
2024-11-07,0.0997712265038617,0.1138741777654122,0.11671859022505346,0.16580335544727903,0.15848205981032676,0.20517436116276144,0.1763412311579127,0.23703986676654545,0.16960449051387352,0.22520987812510226,1.6680192374781286
2024-11-08,0.09862002004420178,0.11311298473849957,0.11671859022505346,0.16706920756105256,0.15644152300142442,0.2035893140211678,0.1763412311579127,0.23703986676654545,0.16760734682838774,0.22164220979983287,1.6581822941440783
2024-11-11,0.09862002004420178,0.11311298473849957,0.11671859022505346,0.16991740731907803,0.15421959994371925,0.2035893140211678,0.1763412311579127,0.23703986676654545,0.16760734682838774,0.22164220979983287,1.6588085708443987
2024-11-12,0.09804441681437183,0.11143836615159063,0.11706975783460358,0.16801860128953058,0.15408355747187283,0.20834443801213873,0.17550230998209013,0.23703986676654545,0.16760734682838774,0.22030433703783042,1.657452998188962
2024-11-13,0.09804441681437183,0.110677173124678,0.11706975783460358,0.16770214290423507,0.1532220034277463,0.20429377941743168,0.18148661436962474,0.23703986676654545,0.1674193803638714,0.2211962369593063,1.6581513719824146
2024-11-14,0.09804441681437183,0.10976373997430809,0.11706975783460358,0.16590073154412185,0.150093171407981,0.20041923717179058,0.18148661436962474,0.24320095195491329,0.1683004731662916,0.2211962369593063,1.655475331197313
2024-11-15,0.10168990393662831,0.10854583416739731,0.11706975783460358,0.16738568451893954,0.15576134406512368,0.20112370256805442,0.18148661436962474,0.24936203714328103,0.1683004731662916,0.2211962369593063,1.6719215887292507
2024-11-18,0.10073056522024502,0.10854583416739731,0.11778994903385048,0.1679699225274049,0.1541742561667628,0.20165205161525232,0.1800324843315322,0.2535775223160714,0.1683004731662916,0.22387200536309984,1.6766450639079078
2024-11-19,0.10073056522024502,0.1097637399743081,0.11637932660226775,0.1669961801315683,0.15222439577079622,0.19812974206774317,0.17801907350955795,0.2529289836997248,0.1683004731662916,0.2296694921314249,1.6731419722739278
2024-11-20,0.10360858136939488,0.11022046034467986,0.11637932660226775,0.16621718992941734,0.1541742561667628,0.2018281679643183,0.1764530873146891,0.2529289836997248,0.1683004731662916,0.23011544209216284,1.680225968649709
2024-11-21,0.10264924265301159,0.11098164578121889,0.11637932660226775,0.16784819776320356,0.15385683858709065,0.20059535352085653,0.1764530873146891,0.24838924505222346,0.1683004731662916,0.23100736489342735,1.6764607753342806
2024-11-22,0.10648659751854474,0.11098164578121889,0.11816492461692947,0.17001476484332942,0.15317664850981275,0.2037654303702338,0.1764530873146891,0.26071141542895904,0.1683004731662916,0.22743969656815796,1.6954946841181668
2024-11-25,0.1070622007483747,0.10656674292394747,0.11908153159778914,0.17223002925817243,0.152587168268402,0.20253263336058214,0.1824373917022237,0.26135995404530565,0.1683004731662916,0.23189928769469187,1.7040574127657808
2024-11-26,0.10840527495131132,0.10915478707085269,0.11908153159778914,0.1697956825548767,0.152587168268402,0.20482212846462955,0.1824373917022237,0.27238507885627267,0.1683004731662916,0.23011544209216286,1.7170849587248125
2024-11-27,0.10840527495131132,0.10900255453776907,0.11908153159778914,0.17079377361807183,0.1513174979497133,0.20517436116276147,0.1824373917022237,0.2697909243908864,0.1683004731662916,0.23100736489342738,1.7153111479702452
2024-11-28,0.10744593623492803,0.10930702719430997,0.11908153159778914,0.17079377361807183,0.15154421683449545,0.2060549429080913,0.1824373917022237,0.2694666550827131,0.1683004731662916,0.22922354217068702,1.713655490509601
2024-11-29,0.10744593623492803,0.10930702719430997,0.1205159620029007,0.17252215754870082,0.1496397113564624,0.20535047751182745,0.1824373917022237,0.2736821244220412,0.17524935840137895,0.23011544209216286,1.7262655884669362
2024-12-02,0.1066784652618214,0.10808912138739919,0.11991481067129794,0.17378800966247437,0.15349406608948488,0.2046460121155636,0.18389152174031623,0.2785461640446405,0.17524348444936283,0.23189928769469187,1.7361909431170528
2024-12-03,0.10744593623492803,0.10671898304740476,0.12105759340068144,0.17386103709195863,0.1537207961152442,0.20693550721961107,0.18389152174031623,0.2723850788562727,0.17524348444936283,0.23011544209216286,1.7313753802479428
2024-12-04,0.10744593623492803,0.10671898304740476,0.12105759340068144,0.17405578928564425,0.15462770507730428,0.2064071581724132,0.18389152174031623,0.27335785511386795,0.17524348444936283,0.23189928769469187,1.734705314216615
2024-12-05,0.10591099428871478,0.10717569582740291,0.12136709705655613,0.17583287055099034,0.15644152300142444,0.20605494290809134,0.18389152174031623,0.2720608095480994,0.17524348444936283,0.23189928769469187,1.7358782270656503
2024-12-06,0.10591099428871478,0.10717569582740291,0.12040882612202101,0.17563811835730475,0.15644152300142444,0.2053504775118275,0.18389152174031623,0.2649269006017495,0.17524348444936283,0.23335187971702678,1.7283394216171508
2024-12-09,0.10437605234250152,0.1068712155804884,0.12077784971171776,0.17493215558463804,0.15703101438381234,0.20570271020995937,0.17986470009636774,0.27627627888742756,0.17391597129371641,0.23241472357358492,1.732162671664214
2024-12-10,0.10533539105888481,0.10580554989703486,0.12077784971171776,0.17649013598894,0.15780641525172162,0.2062310592571572,0.17986470009636774,0.2905440651132028,0.17391597129371641,0.23382045778874777,1.7505915954574909
2024-12-11,0.1045679200857782,0.106262262677033,0.12077784971171776,0.17517558654044935,0.15947965632629973,0.20429377941743168,0.17673272770663,0.2911926037295494,0.17443287907113628,0.23288330164530588,1.7457985669113312
2024-12-12,0.1045679200857782,0.1065667429239475,0.12077784971171776,0.17388538575931728,0.16074932664498842,0.20693550721961101,0.17673272770663,0.2869771343902214,0.17382198806145824,0.23382045778874777,1.7448350402924175
2024-12-13,0.10475978782905485,0.10671898304740475,0.12077784971171776,0.172862964601355,0.16052260776020627,0.2065832745214791,0.17673272770663,0.29184114234589603,0.17382198806145824,0.23522619200391054,1.7498475175891124
2024-12-16,0.10648659751854476,0.10671898304740475,0.11809945268972522,0.17403144061828577,0.16255861019141296,0.20763997261587483,0.17427189225755038,0.2931382195785892,0.17382198806145824,0.2324147235735849,1.749181880152431
2024-12-17,0.10821340720803468,0.1065667429239475,0.11809945268972522,0.17313074422452487,0.16006914770868766,0.20992946771992224,0.17393632378722135,0.2885984492641632,0.17382198806145824,0.23194614550186396,1.7443118690895487
2024-12-18,0.10898087818114131,0.1065667429239475,0.11809945268972522,0.1658277041146377,0.15780188087402602,0.21133839851244995,0.17393632378722135,0.2788704333528139,0.17382198806145824,0.2296032551432593,1.7248470576406807
2024-12-19,0.10648659751854478,0.10732793595086015,0.11809945268972522,0.16655799698207158,0.15820998600761105,0.22894992881618575,0.17393632378722135,0.2740063937302147,0.17382198806145824,0.22726036478465464,1.7346569683285475
2024-12-20,0.10591099428871481,0.10717569582740291,0.11809945268972522,0.1684324543442605,0.1569403156889224,0.22489927022147874,0.17393632378722135,0.27757335612012085,0.17382198806145824,0.2267917867129337,1.7335816377422384
2024-12-23,0.10898087818114131,0.1086980742908546,0.11611743889345072,0.16984436131700253,0.15793791220489534,0.22859769611805386,0.17113991986781268,0.2746549323465613,0.17382198806145824,0.23382045778874777,1.7436136590699782
2024-12-24,0.10898087818114131,0.11022046034467989,0.11611743889345072,0.17283861593399652,0.1580739546767418,0.23011513494429633,0.17113991986781268,0.2746549323465613,0.17382198806145824,0.23382045778874777,1.7497837810388865
2024-12-25,0.10898087818114131,0.11022046034467989,0.11611743889345072,0.17283861593399652,0.1580739546767418,0.23011513494429633,0.17113991986781268,0.2746549323465613,0.17382198806145824,0.23382045778874777,1.7497837810388865
2024-12-26,0.10898087818114131,0.11159059868467432,0.11611743889345072,0.17369063356563175,0.15734843196348458,0.2333285348116333,0.17113991986781268,0.278870433352814,0.17382198806145824,0.22960325514325935,1.7544921125253603
2024-12-27,0.1103239523840779,0.1121995515881297,0.11611743889345072,0.17283861593399655,0.1575751508482668,0.23511375696015385,0.17113991986781268,0.2756277402710811,0.17382198806145824,0.2328833016453059,1.7576414164537333
2024-12-30,0.1103239523840779,0.11204731905504606,0.11727212560959863,0.17135366295917884,0.15938896877238695,0.23225740152252103,0.17382446763044504,0.2759520095792544,0.17382198806145824,0.22866609899981746,1.7549079945737847
2024-12-31,0.1103239523840779,0.11204731905504606,0.11727212560959863,0.17135366295917884,0.15938896877238695,0.23225740152252103,0.17382446763044504,0.2759520095792544,0.17382198806145824,0.22866609899981746,1.7549079945737847
2025-01-01,0.1103239523840779,0.11204731905504606,0.11727212560959863,0.17135366295917884,0.15938896877238695,0.23225740152252103,0.17382446763044504,0.2759520095792544,0.17382198806145824,0.22866609899981746,1.7549079945737847
2025-01-02,0.11166702658701451,0.11356969751849776,0.11686739005960865,0.17025821437173236,0.15802861089978543,0.2326144459522251,0.17421596417916227,0.2860043264657017,0.17673546826146105,0.2342890358604687,1.7742501801556574
2025-01-03,0.11243449756012114,0.11356969751849776,0.11686739005960865,0.17283861593399658,0.15697904172545826,0.23243592373737304,0.17421596417916227,0.2937867581949358,0.17673546826146105,0.2333518797170268,1.7832152368876415
2025-01-06,0.11243449756012114,0.11356969751849776,0.11686739005960865,0.17707437399740553,0.15862641345111916,0.23243592373737304,0.17421596417916227,0.2937867581949358,0.17673546826146105,0.2333518797170268,1.7890983666767113
2025-01-07,0.11109142335718454,0.11387417776541227,0.11703404587431043,0.17936266584173277,0.15793734401506135,0.23118626823340865,0.17220255335718798,0.2885984492641633,0.17673546826146105,0.23616334814735243,1.7841857441172746
2025-01-08,0.11109142335718454,0.11356969751849777,0.11703404587431043,0.17834024468377052,0.158489513124033,0.2310077460185566,0.1690146528890621,0.29184237735595653,0.17673546826146105,0.2356947700756315,1.782819939158464
2025-01-09,0.11109142335718454,0.11417865042195316,0.11703404587431043,0.17834024468377052,0.15971704826718133,0.23190035709281684,0.1690146528890621,0.29346372389682296,0.17673546826146105,0.2352261920039106,1.7867018067484737
2025-01-10,0.1130101007899511,0.1146353632019513,0.11703404587431043,0.17381235832983316,0.1610860515380429,0.2327929681670771,0.1690146528890621,0.2963821476703825,0.17673546826146105,0.23288330164530593,1.7873864583673775
2025-01-13,0.11320196853322775,0.1161577492557766,0.1135342737655735,0.17714740142688978,0.15789171057269927,0.23404262367104148,0.16605046473448887,0.2950850704376894,0.18044780593565818,0.2352261920039106,1.7887852603369554
2025-01-14,0.11147515884373786,0.1158532690088621,0.1130878742619081,0.17892448269223588,0.1579373440150613,0.23172183487796483,0.16778423516452223,0.3002733793684619,0.18044780593565818,0.2352261920039106,1.792731576172323
2025-01-15,0.11377757176305774,0.11493984344886582,0.11460563257437055,0.19053630829501628,0.15917401475946374,0.23172183487796483,0.16778423516452223,0.28859968427422367,0.18044780593565818,0.2366319262190734,1.7982188573122166
2025-01-16,0.11703932339876091,0.11417865042195316,0.11460563257437055,0.19112056487607307,0.15916944695883667,0.22940104608488815,0.16778423516452223,0.3002733793684619,0.18044780593565818,0.2366319262190734,1.8106520110025983
2025-01-17,0.11703932339876091,0.11441182669919338,0.11460563257437055,0.19472338759629956,0.160396982101985,0.22940104608488815,0.1767886557850183,0.3002733793684619,0.17915553649210855,0.2361633481473525,1.8229591182484386
2025-01-20,0.11627185242565428,0.1142563758476999,0.11691500600666636,0.19472338759629956,0.16053845022969823,0.23065070158885254,0.17773943311761725,0.2996248407521153,0.17856814129049509,0.23850623850595717,1.8277944273610556
2025-01-21,0.11627185242565428,0.1142563758476999,0.11687334205299092,0.19881309080074,0.16382405807976597,0.23065070158885254,0.17818685774472265,0.2996248407521153,0.17685882125379992,0.23850623850595717,1.8338661790522985
2025-01-22,0.1189580008315275,0.1142563758476999,0.11687334205299092,0.1988617881354571,0.16313955644433517,0.2290440016551841,0.17499895727659676,0.30481314968288786,0.17685882125379992,0.2403805507928409,1.83818454397332
2025-01-23,0.11607998468237764,0.1142563758476999,0.11687334205299092,0.19956775090812384,0.16519762915125458,0.22690173507695946,0.17499895727659676,0.3080558427646208,0.17786326704855895,0.2417862850080037,1.8415811698171864
2025-01-24,0.11512064596599435,0.11379002329321951,0.11687334205299092,0.19835057755647598,0.16656206462148906,0.23368557924133748,0.1730974026113988,0.31713538339347275,0.17786326704855895,0.24366059729488745,1.856138883079825
