Date,BCOLOMBIA.CL,BHI.CL,BOGOTA.CL,BVC.CL,CELSIA.CL,CEMARGOS.CL,CNEC.CL,CONCONCRET.CL,CORFICOLCF.CL,ECOPETROL.CL,ENKA.CL,ETB.CL,EXITO.CL,GEB.CL,GRUBOLIVAR.CL,GRUPOARGOS.CL,GRUPOAVAL.CL,GRUPOSURA.CL,HCOLSEL.CL,ICOLCAP.CL,ISA.CL,MINEROS.CL,NUTRESA.CL,PFAVAL.CL,PFBCOLOM.CL,PFCORFICOL.CL,PFDAVVNDA.CL,PFGRUPOARG.CL,PFGRUPSURA.CL,PROMIGAS.CL,TERPEL.CL
2022-12-12/2022-12-18,0.050524946443727625,-0.30425746295697276,-0.043529522534350384,-0.05793188104909763,-0.07473310238458353,-0.05868042166054488,-0.028529670903462034,0.040408119343908755,-0.04968557121229766,-0.022323450878973472,-0.19006337459564127,-0.060717863078470935,0.01001042468088853,-0.04945044952442157,-0.003680115164335418,-0.07268051650786078,0.015254934252832308,-0.08073166730838721,-0.013872248942585985,-0.004560160875898611,-0.004761903635775888,0.0,-0.08321079712329815,-0.034545473575327446,-0.01627530526916099,-0.023123033712843077,0.0223048730105464,-0.02875891522278551,-0.04669264676112295,0.011754146247795916,-0.006451652345337178
2022-12-19/2022-12-25,-0.021428510404881806,0.020895516949119175,0.13468627543756262,-0.01686335537834638,0.02692315439666637,0.016949190531970526,0.0820783198095365,-0.06630047234001024,-0.013898048634736315,0.05219006316115116,-0.0942774544027779,-0.0357142857142857,-0.011154059925285509,0.03644193138113816,0.006578815693971007,0.008338105678233454,0.01840351654267347,0.06659592212095489,0.021756170003814246,0.025850495562677933,0.138454053476063,-0.022222184543849055,0.02511077481715729,0.009416211666882335,0.039134700814956735,0.0048000139490747,0.004363569403804668,0.04114201274040785,0.030204076711093375,-0.006099088797230534,0.044009132649189375
2022-12-26/2023-01-01,0.034063373824431364,-0.000974623209150316,0.0027099614184569187,-0.0015042949313172072,0.04119858600803683,0.01694907351914199,0.015309766836366867,0.008403390054338322,0.00671135886339802,0.07174496248730344,0.1499999999999999,0.10833330507631644,-0.015348934916288859,-0.00999999388067685,-0.0032677261221372156,0.04630630618755349,0.03218422114253827,0.044775975678538416,0.0,0.01188209712889532,0.00047640431521078774,0.051136292303382236,0.009299089747653921,0.06343296752721117,0.027250455939600515,0.02706996670230466,-0.0021722685217712145,0.0700126269136867,0.04595880586749734,0.0009351260325189958,-0.0011034331634445227
2023-01-02/2023-01-08,0.010085104635851883,0.013707239360727375,0.07837840517930617,-0.010010305068862468,0.02482009114869599,0.022222036983240656,0.019198450244034326,-0.020833371339694207,0.03333337448080664,0.0933884847176456,-0.011857784189711063,-0.10718458252933616,0.04411746091194124,0.01010100385744006,-0.013084200022266512,0.04697625080571166,0.00589695023231096,0.00013896165863491738,0.04447887675411688,0.04972819142236773,0.04761889363687133,0.08108106146300575,0.022022545105214508,0.008771943329035192,0.05979057021042933,0.046511681487366285,0.04136429451324042,-0.03179743592746087,-0.015354044349793039,-0.007730307092362887,0.008717318377097216
2023-01-09/2023-01-15,0.018052204041510977,0.09234406647473348,-0.020050329852144944,0.011594186799121609,0.019304955466771245,-0.02173895316209551,0.05783456306076462,-0.01702126838442375,0.09612901217420955,0.025699231280075674,-0.0844000344854372,0.10966588649857067,0.030149381399964703,-0.0011766438490705688,0.007985172305218002,0.0005098680414252765,0.01798533478503117,-0.028644808766411733,0.024504776320961597,0.004729703913576744,-0.027272682919203706,0.10000007935065769,-0.011214085162412846,-0.008695665444547362,-0.005763727236792748,0.08148147604553446,-0.012195131549282645,0.041528035673367825,0.015624945037689075,0.037474072212059006,0.009259241205670676
2023-01-16/2023-01-22,0.01469890260970419,-0.07488994750217715,0.010059735802761871,0.003656103029096469,0.020922219079900772,0.015199664235821864,-0.008264350338680782,-0.01835501673148643,0.02884047041036153,0.012895997949674776,0.01310624615898659,-0.08407111813126089,0.06370472114318049,0.0011780299707897512,0.022591154324204776,0.0061162825125335996,-0.02827551785003901,-0.007946522336972572,0.008924223696289202,-0.0002242263379765852,0.009345847007881547,0.04955276196868641,0.002547244873357446,-0.021052614725364016,0.0026087131676943986,0.0034247053021596585,-0.037036994114060806,-0.031535908392478995,-0.010000018649461095,0.026774830389127313,0.004731519447987997
2023-01-23/2023-01-29,-0.03196120846360795,-0.004761803377071994,-0.06313290139651728,0.010273451710848036,-0.0868364845435613,-0.09395035232367432,0.032820338278849226,-0.017022406919185107,-0.062356949318902455,-0.05165507639960332,0.00043130904272947745,0.016019129255861575,-0.023136204556098994,-0.05352949299572074,-0.014061755041359203,-0.04356629291114944,-0.018438558774775293,-0.01067518944310153,-0.044545387076505794,-0.030642712180880327,-0.09444440331583992,-0.025545037929014525,-0.009999990192338104,0.019713077782113286,0.005782127888036115,-0.0648464161258071,-0.07362646339249057,-0.09094955574457031,-0.030302997683394173,-0.07183179037390297,-0.0016654422362955001
2023-01-30/2023-02-05,-0.008076037242310319,-0.022966541552329023,-0.013513496762933674,-0.010948906906108613,-0.055849190693480266,-0.015384538703085315,-0.0193643415724305,-0.030506905071576162,-0.0799267825163752,-0.026850819861527597,0.020258646262442337,0.07557082540563487,0.013157771004553842,-0.06774395540416434,0.0,-0.01747893885410734,0.011215059790707915,-0.0213300655559594,-0.01834855666732005,-0.02814199208553325,-0.028629858453841805,-0.04444441068510563,0.010101000094212997,0.019332540058595526,0.0,-0.05109487760821407,0.012257845337682927,-0.012681189931832981,-0.03766025492776848,0.0003235617721697448,-0.012195196028509048
2023-02-06/2023-02-12,-0.03017251827929135,-0.02056813939258617,-0.095890416122697,0.021428646679592545,-0.06075142962416846,-0.10625006960495764,-0.007341827032813275,-0.04613602788795723,-0.03249341353141899,0.036263370207627155,-0.01901152819516383,-0.06983987783712897,0.038961083833350285,-0.06000000000000005,0.0,-0.09218328289259214,0.039075722671247926,0.0,-0.00787321911041039,-0.0021608117975678853,-0.01578950341703933,-0.11581400905316919,0.13333320256450754,-0.025862284954517256,-0.03305562263058781,-0.03846156451548444,-0.011718770993340621,-0.02752276796463138,-0.018318042983956895,-0.034446876251461256,-0.011111089446804723
2023-02-13/2023-02-19,-0.02716041227395183,-0.0009999634531898671,-0.044397066485771575,0.018181772406888896,-0.07744680213204602,-0.0034966302428341978,-0.06222897650729564,-0.030223683645573263,-0.11309113525097347,-0.0353747731432148,-0.0478035242426782,-0.029979214547605437,0.024999962505501072,-0.00921986430428512,-0.057358915461742765,-0.018408488398169665,-0.05578678505706214,0.02051276318111661,-0.01807228457600396,-0.015529755784162158,-0.038502677179448,0.05155185415485741,-0.0002887779853733008,0.01769914253334548,-0.028834695136334187,-0.04239999112331616,-0.012252919000416806,-0.07735848458462602,-0.10771836074505459,-0.02203300109895423,-0.011235932902300516
2023-02-20/2023-02-26,-0.06091373446251891,-0.011511548628455048,-0.09877597441199326,0.011675838254931126,0.03182649828665629,0.04000004960451764,0.01441378310971575,-0.11255629265681155,-0.09582684886067305,0.033123096390161866,-0.0275893999581307,0.0,-0.03803162191522447,-0.036506719841755575,-0.026194804279026207,0.14458556723560534,0.017370497157460862,-0.07060283899529562,0.0,-0.04088380343902753,0.01056725227561972,-0.029514710240676978,0.0015717280430060931,-0.012173882786431944,-0.05417813164982532,-0.07268168490033444,0.0004000922948583785,0.08179938301828549,-0.06511402348005091,0.038651370058308654,-0.014520198630850412
2023-02-27/2023-03-05,0.0037837970937342202,0.1367089640388892,-0.09570754203927057,-0.005467826307442136,0.17523471017637204,-0.004723160697960971,0.05040221103485698,0.07203323908587755,-0.04444438858814925,0.04007627021714044,0.06930228532508953,0.0,0.039535210077220384,0.11441298965028524,0.03167597942931377,0.025369946498405183,0.018333645951644995,-0.027845423692813953,-0.008413618420356372,0.029324455232383917,-0.03137025938201754,0.02731951493976381,-0.053158098978342117,-0.02271128550289503,0.029126249208876853,-0.05045049637208954,-0.01159992545111077,0.1332703680925671,0.15505843411205955,-0.07918967735782623,0.03587439374333079
2023-03-06/2023-03-12,-0.017232090268416544,0.0022271578676054116,0.05447473421044857,0.06898152284460335,-0.0680866986788441,0.0016948766721631703,-0.029351625875621457,0.10518377023312686,0.01520570638269847,-0.06422026858664565,0.005219806154106443,0.07376285376687286,-0.025458407839902053,-0.06666660887305342,-0.04109278488388168,-0.015463829180251243,-0.027168652722723396,-0.0684093801169866,-0.017014356614514337,0.007431832559191109,-0.00568184929716653,0.15403913212348663,0.180857497100275,0.006845578237916872,-0.04748436070492179,-0.005629848872615084,-0.0732497560734815,-0.06588813867580046,-0.010563383144441385,0.051807482667384885,0.038910324586787226
2023-03-13/2023-03-19,-0.1397261202061808,-0.022222222222222254,0.09815488219363,0.2132821843070638,0.1624489834087588,0.01455161564127505,-0.047594101698501645,-0.05797171641061516,0.035242215499158736,-0.058823399445925406,-0.004759899204307194,-0.08147828475288721,-0.004760231746733012,0.1571427854905758,0.10787080594576604,0.008376952178471342,-0.04665798839621349,-0.01582086500722213,-0.040552108014194066,-0.09098368504339116,-0.13885716284899607,-0.004347929009409057,-0.17421158059864694,-0.06960100550779669,-0.09772186678071748,-0.08879797763479524,0.004366879969669668,0.008928549104769923,-0.10142372074974493,-0.013602773489021724,-0.011856457539171306
2023-03-20/2023-03-26,0.0828026162180866,0.022727272727272707,-0.03259392706982067,0.0,-0.034410051911924255,-0.0010005854186067031,0.007730694564279661,-0.05801980396630568,-0.043404300208495616,-0.042916690696896964,0.0,-0.008141632421785672,-0.02429464344805221,-0.07469150250872447,0.0,-0.09657315060486127,-0.01682333441713313,0.13739751271369394,0.00037482838766567106,-0.010008943470227183,0.021897793243050634,-0.026161301782163138,0.0,0.01903835204308768,-0.0007318915451604013,0.005235559850579774,-0.043478307450933174,0.007079648298464747,0.0227723846300949,-0.030057728517720483,0.01987947782065347
2023-03-27/2023-04-02,0.029117679375892713,-0.033333401153899156,0.09909381773079029,0.01796107751673115,0.05454543182372973,0.007679329906923549,0.06109574183787769,0.11758238404661747,0.021352347652570325,0.0666086177168399,0.019130471250200953,0.0067768133684880105,0.10323580862409942,0.024016199486774026,0.0,0.04482738533887254,0.1068564731449817,0.07866672536542807,0.008946709331183023,0.06694589372882453,-0.016233749608124404,-0.02404847114810793,0.06382974341808301,0.05472742438185052,0.0684730928278221,0.047916694855026254,0.0954545310293986,0.04042163329899484,0.09293335583453577,0.026401726085919064,-0.09627879525031979
2023-04-03/2023-04-09,0.03598678817686474,0.048275921583330605,0.04609751038817844,0.03405878819797481,0.05172421625366819,0.023856961869419324,0.0020721086549873036,-0.026548643355577384,0.010452978201717311,0.03673473294410434,0.03408845719300779,0.030242649890871665,-0.017131695748502818,0.04560254809962738,-0.016393567734064085,0.023102415374801843,-0.04990131154310817,-0.000741652976731566,0.04921066156101461,0.026037310504913425,0.07392739674767679,0.010815817010591422,0.11999992256843317,0.02799223573940135,0.05506738568375669,0.043737703770005076,-0.03692942830166668,-0.020270185253913775,0.00974312129807653,0.03157748719233555,0.12909905657193743
2023-04-10/2023-04-16,0.10963188104893629,0.05043855700946631,0.05004630774292207,-0.02100007235237067,0.008852312135553264,0.029126217293829137,-0.051790714963399376,0.3292929909446023,0.12068968755046927,0.007873957215032368,-0.038872386318616,0.06588758427121699,-0.0073850547758528284,0.06853598943424699,-0.014521476289126034,0.06523288066199573,0.06730765507259573,0.07191016060478006,0.01946910835388116,0.04526163212282164,0.03380456678449084,-0.010909170006374591,0.08892869931771274,0.026455038738330883,0.08017440169781587,0.09498078249253727,-0.02295710387713268,0.0319546822960628,0.06344856193542014,0.012031137690245108,-0.025324697883252312
2023-04-17/2023-04-23,-0.013275617166604747,0.02338208280097187,-0.005555648286407533,0.0980593519690176,-0.0054887548562477795,0.023668373254674302,-0.07092387620790619,-0.0311550601319166,-0.023076916631965982,-0.0937499628245182,0.02177784161316576,-0.08486576599897111,0.025587525189108895,-0.026239240658741947,0.01926680763635824,-0.06410268625069937,0.01567544252818376,-0.055374297182790855,0.032986014646323225,-0.008198611389457988,0.0309156428175148,-0.07490809504168772,-0.038256349778772236,0.030927825234027484,-0.023291824208083955,-0.009096008680390844,-0.028828849712886906,-0.04965750332297336,-0.015280150697899564,-0.02535190257653419,0.01265826346720833
2023-04-24/2023-04-30,-0.06856397887315813,-0.07384738293029802,0.005586685948624659,-0.06511632178046944,-0.02341140441566858,-0.022151943686372633,0.017548908893062043,-0.019607843137254943,0.046456685349981486,0.0002298500979620588,-0.04219219924559259,-0.009433962264150941,-0.02303069071853614,0.07784447114947879,0.04728588952108659,-0.03013688107713164,-0.006563630800340614,0.03669930300222357,0.0,-0.029694966851481652,0.04959621279984017,-0.0064497215959729015,0.029894275054396457,-0.01999991686426794,-0.07472180207433021,0.07085934781016534,-0.021335729724921593,0.022522426278842156,0.0,0.021228089444422782,0.0013157668800520828
2023-05-01/2023-05-07,-0.027777795888243362,1.9696346865494263e-05,0.09004644408227369,0.07105962889819262,-0.03938352980952031,-0.02265367616810765,0.00661116769599257,0.016000000000000014,0.0,-0.09047201555377171,-0.013624016456643795,0.027809506370907844,-0.007837111552580378,-0.01666680954530786,0.01764706295558205,-0.008474518653876939,-0.031863047335170536,0.05250649661742912,-0.04756296393889692,-0.015715575852273567,-0.016483607744188555,0.045000076296972225,0.026704210973012676,-0.036833037873177044,-0.03264609488449588,-0.04098363466111965,-0.06587677354864452,-0.0651982311831627,-0.025862062296094113,-0.03325529435041075,-0.03942177777866329
2023-05-08/2023-05-14,-0.05142853885634402,-0.02118942349860997,-0.013517300384439546,0.036400356558011104,-0.037433158281070744,0.020529667154539633,-0.007709871978065497,-0.03149606299212604,-0.0052671603762149966,0.02114377636623188,-0.020257789665601766,-0.0409562476273021,0.052192155341094004,-0.005649668813193398,0.0,0.05413088345268946,-0.0372232518433121,-0.029345336084911855,0.001985133413992868,-0.014285692142809059,0.02067062367738881,0.018779713470355786,-0.03182555749849736,0.006927400011156326,-0.011367634697062368,-0.021367536646070495,-0.011161854177977104,0.049010211851417296,0.026548665538119076,0.017441886807261886,-0.0025198507601220665
2023-05-15/2023-05-21,-0.050301247428688134,-0.007290948635083838,-0.040833190072114056,-0.051236107769738526,0.0,-0.01135614754828329,0.08230220446793024,-0.024390243902439046,-0.01664140996573149,0.004705861406637535,-0.061560226428463594,-0.02521739720146432,-0.03731835452081511,-0.022727272727272707,0.026597465944260046,0.005405293136013789,-0.01540728937769631,-0.05155302734375,0.0,-0.010741697810252138,-0.09906961034875195,-0.02999657954462187,-0.00787067039851197,-0.10037057750550138,-0.03485435960073113,0.017467300125882934,-0.025141166425690642,-0.025423116337402685,-0.012930837734774658,0.0007499835574993341,-0.018895790099685228
2023-05-22/2023-05-28,-0.0656518161120273,-0.020719114966079033,-0.031952052284083265,0.002381546716115457,-0.03740746797899264,0.0013126218883288132,-0.024195742951832022,0.03750000000000009,0.04230770842008513,-0.03278688063466939,0.001502154515814036,-0.0831598715472811,0.03727533437321129,0.019186101953175383,0.038167947143621817,0.005376460033470698,-0.05763816277199296,-0.0167524068180126,0.0,-0.030506834145471284,0.008474826080849152,-0.031654979355062784,-0.0262802248066355,-0.010784241306430076,-0.010796846520240266,-0.01201729650135519,-0.03520779622967385,-0.006180463488413168,-0.017467404211293558,-0.01240731753585389,-6.994092640999483e-05
2023-05-29/2023-06-04,0.03869659025153105,-0.02314818543302366,-0.019977673881136915,0.008805947766577393,0.0927281176207626,0.11438884820337947,0.02343325735624857,-0.00024095405057733554,0.06937265184441377,0.024697328815925346,0.0,0.08108108108108114,-0.08004061621065417,0.04962914997600065,0.05147076729534983,0.0,0.027578529535065233,0.0,0.009994351529867496,0.026355642270024404,0.11111106712341723,-0.025000076296972207,0.0,0.017918793201314065,0.060594633724875946,-0.0026063892256366072,0.05122179240084335,0.0,0.0,0.005058980190669304,0.006935309580268223
2023-06-05/2023-06-11,0.10620916611862263,0.0023696793856406995,0.017786664266370877,0.034185089654629186,-0.022887277453874866,0.040293943109971586,-0.013045741007990386,-0.01582711658538538,0.07869202154732391,0.02599239443583068,-0.0004998984436371812,-0.0006999969482421875,0.07919948120300124,0.07608695652173902,0.03731547837493476,0.0,0.007293032193189886,0.0,0.01918037863468225,0.047967115809528726,-0.022222154921047954,0.0,0.0,-0.001765090423417215,0.07132724171222238,0.11488041729891951,0.060716128086644394,0.0,0.0,0.04506224596974229,0.021809235142020267
2023-06-12/2023-06-18,-0.047562770975801305,0.03924345198138934,-0.03387608917949869,-0.04178962474763992,-0.01261278031341817,-0.0019789615099988778,-0.018073995516802666,-0.02857142857142858,-0.007279948945794534,0.013357951666868928,0.025012475358589192,-0.09086362256905145,0.00048195258615257863,-0.07121206429416882,-0.05074638546733534,0.07700532851538688,0.05416012069610798,-0.10773079260719731,0.0008555157587648576,0.0028676206319639963,0.008522845115465971,-0.02307690140677543,0.001457943550937868,-0.06679772689808161,-0.039748242321428706,-0.00406508610087164,-0.0014677605567576801,0.12615970708924085,0.1955556300096335,0.059633117435299976,-0.031929352274453704
2023-06-19/2023-06-25,-0.037220868601960166,-0.002866226451050613,-0.0370372529011026,0.015905543228704522,-0.020072883678706854,-0.05779047973568219,-0.05302195502535911,-0.01680672268907568,-0.04000001684710741,-0.027272674539022934,-0.0019520768993772641,0.043478311986564266,-0.03468663942215222,-0.0021750384591487926,0.03874095796285104,-0.09533257948600915,-0.10674551165464952,-0.032979302474276606,0.0,-0.03751032953343869,-0.043380511101995145,-0.0026246480326354016,-0.07123040547505655,0.023157858367062856,-0.042428332854578366,-0.01744823634615289,-0.020088157655112404,0.0,-0.021561269333585154,0.0473479243086925,0.020943211346619472
2023-06-26/2023-07-02,-0.001288645567118274,-0.0007756725796993491,0.03161796293008967,-0.048484752460905,-0.0018621775972156307,0.022249120486362406,-0.11053097469490847,0.017094017094017033,0.03125006855105661,0.0,0.0019558949567399786,-0.1002109672381899,0.04741565459035035,-0.005449637879750058,-0.04003838283116257,0.05927544381670491,0.024269948064732372,0.04046244809003796,-0.03760682498457746,0.004893117253116364,-0.005300251034372705,-0.026315742131517106,-0.0230004467309618,0.0,0.008285138735460329,0.004221485657794455,-0.019499963463639025,-0.009884715826348534,-0.01595747401369685,-0.07900622781599231,0.0017596264512098614
2023-07-03/2023-07-09,0.009545268152749697,-0.004566162003328045,-0.060759292716470514,0.08280253117641445,0.0,-0.031176523367340336,0.07632925308207095,0.06672270959164917,0.01010096068214339,0.009345682272480227,-0.04831619159624201,0.04454859655816823,0.0009533551408658081,0.1474103744626858,0.028282003878174367,-0.01606222519275824,-0.009247002793452919,0.037278448920526674,-0.008570252776072818,-0.004055152589663713,0.0053284933869586215,-0.00864872768985836,0.0070572093206113795,0.01991619875126882,0.023008959399253515,-0.023750240574406334,-0.031616543249463724,0.013311077282916584,0.050960413999331156,0.06931764575835131,-0.003021808967129891
2023-07-10/2023-07-16,0.1085526693244303,0.013761462431433724,0.023007586594358864,-0.06764708251505025,0.014925109764183153,0.061020061172389006,0.030606088262439934,-0.06542461119779208,0.031333373438808376,0.0032407821555617833,0.007179401974745092,0.009315396692130884,-0.008897754813510184,-0.0021738594048253956,-0.027781961903126873,0.020765442255525457,0.018023231837339226,0.029991750455321764,0.016661472231817687,0.03177452904156053,0.007067211214471847,0.03834790902351792,-0.015151694735506371,-0.004064854183211564,0.054814180884271924,0.02627722083831574,0.04476037808012623,0.03762876135519955,0.00903615202634045,0.026425038504272802,-0.007390225145056384
2023-07-17/2023-07-23,-0.002967353830880759,0.0,0.003911460341743167,0.047809630818223425,0.018781635491851967,0.07346839508006875,-0.002352296889271188,0.13330799955523331,0.020685214138691954,0.011536704951452093,-0.007128225577954339,-0.06404984006098091,0.006575381074176212,-0.003812604122212737,-0.03983989393531706,0.022513116205150396,0.04016422574005252,0.02308512741725166,0.021895222775557333,0.008175557186843596,0.012280734653769887,-0.010623185696706616,0.002006039832800788,0.04489783055726204,0.003418819353917746,0.04953972130734674,0.028225826471130366,-0.016207380165319307,0.029104317591353235,-0.00986165005508044,0.012298688440760097
2023-07-24/2023-07-30,-0.008928623531466617,0.004524839076248677,-0.02012997133040073,0.02361650509348512,-0.018518496078303026,-0.02234633465654845,-0.01149425552020833,-0.03309778392895957,-0.018999406977052047,0.006386805569824849,0.0,0.0086729639160541,0.08329355332522503,-0.030617815522286818,0.0,-0.016897118718249615,-0.039399035467051036,-0.072564117257926,-0.005863095182671363,-0.005041941030998864,-0.013864775323319423,0.007386710348767922,-0.01923088391160288,-0.0126952430438384,0.00034066984651426324,0.03776554713138025,-0.029411784993909618,0.0016472716689401867,0.044235095097413524,0.0099598708156583,0.0020547964003936325
2023-07-31/2023-08-06,0.005705702786124256,0.004504525868305631,0.01256513548794902,-0.0784314197269399,-0.018867901233297735,0.0,0.119558712919281,0.019230769230769162,0.0006455655924755277,0.05621033409131804,0.0,-0.02237928729953853,-0.008812464925279984,-0.010152247625134558,0.0074628211789387056,-0.013541680661416033,0.056201291198943126,-0.0047000384315332155,0.006071117269664361,-0.005912298728206089,-0.014059835281557076,0.0010537730400297374,0.004313868187446612,-0.00391749172037037,0.02043606316309421,-0.013646694871910614,0.005050508639877549,0.027960636156139307,-0.048611113750486545,0.0,-0.014354080090654753
2023-08-07/2023-08-13,-0.07136460746266238,-0.017937235993973677,-0.026072586505472284,0.005773375815208315,-0.005769244482326297,-0.02542860583696671,-0.03994671579660247,-0.018905697228773555,0.00258066435752613,-0.012875544500622671,-0.07692308505330037,0.024096385542168752,-0.055345750458345555,0.002848867072285932,-0.007407540032301818,0.02217522068626998,-0.04528913340762619,0.03888885613333648,0.003373459674165691,-0.007154813194977905,-0.0005941514412316495,0.02473695613121385,0.005076076772239757,0.016000052302950873,-0.06742329409822889,0.021521903788476626,-0.025125645907648764,0.0064000043709346865,0.0,-0.00021283882876754756,0.0020804457550862576
2023-08-14/2023-08-20,-0.017684820986227034,0.011643842011477501,-0.0020333508339189788,-0.09595769381138075,-0.029013503542006047,-0.017883415398497693,-0.034951514382497106,-0.038424518672312113,-0.06048906886058503,0.013043486491385758,-0.0005555571458423225,-0.042941194422104756,-0.12166356446389892,0.00511370497343222,0.012129886511056398,-0.02995852927476461,-0.004735309792030518,-0.07754014741742421,-0.04310351299126158,-0.007913090992007432,-0.029131936123444446,-0.017462856452098552,0.008292431262419964,-0.025590509131402595,-0.003936893911286932,-0.035108385837150924,-0.04639178622754436,-0.06279796517176184,-0.014598552393115138,0.00021288413877829093,-0.017649810727055737
2023-08-21/2023-08-27,-0.060556395923179296,-0.01241250337747346,-0.048896511507027896,0.04630487174648712,0.015936364903325506,-0.05611943701887934,-0.020983018414766796,-0.03288000488281251,-0.1363013185890375,-0.008583653376390332,0.0,0.05925015101699782,-0.07606084374924704,-0.006218285379545385,-0.04067529129928038,-0.033546328355867905,-0.07926331938086606,-0.028985519484635902,-0.027026946026498577,-0.03076506264221135,-0.049602107691930075,-0.016727589888899885,0.0038611198408702307,-0.06464660177227088,-0.005389974605717773,-0.09540438314898414,-0.02162152940544948,0.0008480863704918296,-0.07407413713755306,-0.02127664706251242,0.0003550736197923676
2023-08-28/2023-09-03,0.0,-0.024216090471345764,-0.05390891473472992,0.030154905918869934,-0.03921584560777591,-0.025932840150993508,0.010275962782292813,-0.06940193094555391,-0.06819988470219973,0.03246751896230182,0.11172859993380468,-0.025763041289040944,-0.1319222610766173,-0.07224111360797658,-0.08600138415422076,-0.11845737936890088,0.09738210375675971,-0.09313422971167784,-0.030555552032371147,-0.028757464342336392,0.001933044229569969,-0.03589048044472587,-0.010576820479705762,0.026134080690299655,-0.00722538370267789,-0.07169223947747438,0.007182269696292876,-0.05084748981553522,-0.03999999299454793,-0.02195658967268399,-0.028168988304042242
2023-09-04/2023-09-10,-0.013937336204821515,-0.016393474257985652,-0.02487630373578298,-0.023066512155585972,-0.08979587521596277,0.3590908378266269,-0.007555869535183168,0.01777777777777767,-0.017488372359776072,0.018448719692758297,-0.08999985675967082,0.012507481714444602,-0.09819636770234019,0.02268539842314521,-0.12337113697468893,0.050000152768493455,-0.03359201632834663,0.020408153480010682,-0.022445120992770407,-0.006238428550792374,-0.0803858244615695,0.011861003522092517,-0.0202138434554896,-0.024195518498804303,-0.0655022329781142,0.02966895518382251,-0.06747119454172557,0.035714309533988464,0.016666681869470512,-0.044231903684698315,0.014492739974866664
2023-09-11/2023-09-17,0.16572433764330596,-0.0714285454775202,-0.024218681951525545,-0.02964442857319005,-0.008968610687874135,-0.06832296679344263,-0.03074675628841772,-0.0786026200873362,0.22192268718710184,-0.007410559706082176,0.0,-0.16929411046645215,0.018518415707828417,-0.01678643078273445,-0.07335913076927669,-0.013095245244628573,0.05434800627976366,-0.06483876366062213,0.02589158134525138,0.015178511736882117,0.069930118542614,-0.015269767014860491,-0.08351538705960937,0.0999999781924017,0.08255452400180863,0.05904400751323813,-0.0427975920471525,-0.017241482406321174,-0.13114747920817216,-0.033355936963777255,-0.09000000154713472
2023-09-18/2023-09-24,-0.050621333346786646,0.036820492362526824,0.0008006885280027465,-0.05990934814702764,0.051782693142696345,0.0820513014229316,-0.005438058835219972,0.09004739336492884,-0.06951984060546401,-0.033596020419238704,0.0,-0.13609971005923938,0.0,-0.021951232426895895,0.054212871436579047,0.0699637022454922,-0.040804220275869274,0.048637529136943414,0.0,0.008214126932034604,-0.006536014835506587,1.1079339079511641e-05,0.021701994818963177,-0.03162055571048494,-0.01834535926172698,-0.018737240527934573,0.024667931688804545,0.035964939213317004,0.04245289107566008,0.002054635968635088,0.04279901843649103
2023-09-25/2023-10-01,-0.016283561022588877,0.026313132014500473,0.00800004641473051,0.0747917481948348,0.1095145626512759,0.16350722145053265,-0.0012150914836919213,0.0,0.08656738831426014,0.029762812236094227,0.0,0.3114754098360655,0.029090932215669607,0.0891520704342379,0.05158716338021896,0.054115040501586886,0.028610720261479594,0.05230260221664018,0.03619039596294349,0.03167345555224599,-0.018421032090025657,-0.004427160266471386,0.05126564126581301,0.049999839632555165,-0.0076951117128628566,0.002099594733872223,0.08024691358024683,0.12023708377130404,0.1104071759909564,0.021219502545371194,0.02670179026840369
2023-10-02/2023-10-08,0.0013728394170080538,-0.0024095593453816733,0.0023810090389171368,0.019374321576481446,-0.07095767751154158,-0.01832999321901596,-0.02067354717635239,-0.04613043743631118,-0.02545456022018522,-0.0025369868263029893,0.0,-0.14674997329711914,-0.045936320894006455,-0.0692615561575648,-0.018867807263340808,-0.04705874107841801,0.05272568013046386,0.042698190114743184,-0.00781249156905961,-0.015084397931067417,-0.054959707734386964,-0.018899490654719964,0.02988683839194306,0.00835165183692732,0.0325001454891618,0.0313592221179515,-0.08514285714285719,0.050642596636312875,0.048818525907716515,0.011514078095989255,-0.01612899383947708
2023-10-09/2023-10-15,0.015999970440765177,-0.007246432899875699,0.019590408392617942,-0.05225122629702783,0.0016693468768533837,-0.0344398549743552,-0.01242239340248008,0.05246362431677465,0.0037313887940459978,0.09580324327430456,0.0,0.12803981233880735,0.0,0.014760156590669427,-0.009615448730387,0.032171287579941366,0.0,-0.030303047317384757,0.018990321931266818,0.018017970758840374,0.011347482245631868,0.008498567307102523,-0.01960775785164881,-0.00990103796058539,-0.020325359807034094,0.012216476199883974,0.030605871330418477,-0.007958661972555459,-0.008800106151424014,0.015298122986230789,-0.0014903680486008097
2023-10-16/2023-10-22,-0.019028903462910973,0.012165495469051768,0.00039212413010858427,0.0,0.1033595083599752,0.058361348798847246,-0.11352201534057549,0.01775663149369211,-0.03345727825052758,-0.0038684934355145417,0.0,0.0,0.32296289099548003,0.012121188618466228,-0.0038014497014006166,0.020994451393711255,-0.0024000993263600945,0.015625105550477025,0.0,0.011504469375084092,0.05189341633481526,0.030898932078338825,-0.020199643318227878,-0.05882338389830366,0.007544443565230541,0.0,-0.011515151515151478,-0.025185081428863887,-0.007263847094679976,-0.02325589491214919,0.0
2023-10-23/2023-10-29,-0.022408026904639278,0.009615361337176997,-0.019607848079823853,-0.06158362726519451,-0.06459138063606351,0.005869966343236888,-0.25150764562013705,0.06340422934674206,0.0,-0.04077663899190176,0.0,0.022077882444703656,-0.004759289293826741,0.007185633221897136,-0.007762686574855682,-0.01569273408223104,-0.07457868925308764,0.01538452767512255,0.0,-0.03324585212581921,-0.03999998289758522,-0.028873938421459466,0.004295494050623905,-0.020833163298407342,-0.015350165873289301,0.004310307000222835,-0.0006131207847945852,0.003039477483280484,-0.016260107785840083,0.008809634914063169,-0.014925359865294863
2023-10-30/2023-11-05,0.02634286206626646,-0.013809447098216299,0.000870239895331304,0.12500005001757275,-0.020382763775437573,-0.03147143062139257,-0.0563980685111124,0.00440178523562218,0.0,-0.00404848548465897,0.0,0.0,-0.010407826573141987,0.03864444195059624,0.0034845572904316224,-0.03243537121599527,0.08877100425372841,-0.00939395402628418,-0.009090940627362376,-0.007149289639429179,0.01736102914966997,-0.0011223585202486674,-0.01486777398628436,-0.013757952820915076,0.025475335285694456,-0.0557939407867688,-0.036809815950920255,-0.025757546977172696,-0.008264522357529835,-0.03233426094521852,0.0030303331134799993
2023-11-06/2023-11-12,0.023333321016985487,-0.01014004807648028,0.0008077442749958585,0.055555516035499686,0.0403398888363411,0.08457064613693355,-0.020592629259785777,-0.047808764940239,-0.03692305818207264,-0.04471550877892072,0.0,-0.0025412573824331597,0.0,-0.009730922796456487,-0.027122702541909738,0.04545461418401331,-0.1096852576454278,0.008259319988301206,0.0,0.0026432898992034826,0.019795243806466578,-0.011235853341578506,-0.0014471344969099187,-0.028260732857245396,0.011494220467767269,0.0,0.010191082802547768,0.05598754189576982,0.008333393877544948,0.0,-0.007552903946254741
2023-11-13/2023-11-19,-0.016286657182677522,0.0,-0.03309129974467029,0.052631655798006216,0.006122237378859419,-0.010912754993348872,0.0820511993538382,0.0,0.014377009498348414,0.05531907417239368,0.0,0.0,0.0,0.028901678110537565,-0.0020003479700222426,0.005434776562261767,0.04504491470779448,-0.013956126288779735,0.015596313063404477,0.020000028710278617,0.061579642459064665,-0.034090943770715976,-0.004495979473860379,0.006711370316542675,0.018328492506761274,0.0,-0.003783102143757877,0.023564092446635154,0.02479321559643788,-0.008536592166013657,0.04566214185462547
2023-11-20/2023-11-26,-0.01854311043222745,0.0,0.015025119736303605,0.039999970122838846,0.014198939300986257,0.07522578228421928,-0.01895730517218952,0.0,-0.051968495880858945,0.038306425506372754,-0.01098904209955931,0.0,0.0,0.03932593982555632,-0.012601576711039786,0.020540407158806895,-0.034482663145929626,-0.030769308733224476,0.010388509116582956,0.008912764471664447,-0.039092121606694286,-0.011764670400949195,0.017090527998518068,-0.0288886729848139,0.014398835863124626,0.014545419209570865,-0.012658227848101222,0.008632990679893648,-0.01612897970578764,0.015990105794801535,0.01892284311707848
2023-11-27/2023-12-03,0.05937928742641141,-0.00974855564065158,0.005756506680689721,0.08076919328071663,-0.024000124473079865,0.01679098776071597,-0.02512080275758266,-0.05439330543933052,-0.008305664367149301,-0.011650320501915834,0.0,0.0,0.0,0.0378377630548159,0.029230060000738023,0.09957639086841441,0.022321438090878942,-0.01650799796400726,0.008493477396361193,0.008657133805018535,-0.0013122794427181672,0.011904725573535613,0.02418031124487574,0.025171448393434215,-0.0035485932286032362,-0.034050154690088874,-0.002564102564102555,0.0456490552135389,0.014754206368033262,0.009685238321589962,0.019999965963034994
2023-12-04/2023-12-10,0.018471368609080274,0.02955672837657608,-0.008161950602351475,0.014234846728596873,0.0020492183288352006,0.06122072245889654,-0.008919737077831114,-0.02212389380530977,0.018606521996223258,-0.031434296516526516,0.016666599874621824,0.0,0.0,-0.06510416170741662,-0.00599992673893146,0.0019267801836673204,0.10054679575987313,-0.015493823423496256,0.0,-0.005079703520743051,0.038107724993826864,0.011764670400949306,0.0,-0.011949732990155781,-0.0064103743429563265,-0.007842548794833926,0.016709511568123503,0.013642617691076886,-0.02261711579214054,-0.007194250708535077,-0.030812327691650543
2023-12-11/2023-12-17,-0.005628594039682633,-0.009569426896682387,0.021666603597924716,0.01578950077898722,0.11860932926968504,0.09964420614409497,-0.04299995156189451,0.06334841628959276,0.023931623931623847,-0.04056793524412916,-0.016393378002854786,0.0,-0.0022740352358286975,0.0653878304628932,0.20563371631070093,0.1730769325401289,-0.08400004888408674,-0.030163870733191822,0.05921982871944831,0.04445430201899869,-0.04050627482108249,0.00290703905155576,-0.019607865227742605,0.04783590611425059,0.028673894021945534,0.023391812865497075,0.060682680151706636,0.09017498783200462,0.06776846824847915,0.04830915428952731,0.013005792220172063
2023-12-18/2023-12-24,0.012578640467515667,0.0,0.08075044425104849,0.0,0.07129805571250558,-0.004854467339562518,0.08986415509760737,0.11063829787234036,0.026711185308847973,0.06107196328577591,-0.05555554283326125,0.12101910828025475,0.0,0.09422362807113749,-0.02866478155965546,-0.0016393424743316176,0.017467389108127618,0.006761259056040636,0.016906648117713363,0.014369958900553481,0.019902921794241912,-0.008695696480152892,-0.007537786832664817,0.00217391613190121,0.017421725236878238,0.0323809523809524,0.05601907032181175,-0.01728400348268677,0.032507813440574296,0.024667982857659698,0.06990017989911457
2023-12-25/2023-12-31,0.031055856147131244,0.028985509383056884,0.03622652375184332,-0.0069084028691807076,0.010238916788458452,-0.006504058388836942,-0.0028763541312525343,0.003831417624521105,0.09756097560975618,-0.004255310616798846,0.0,0.07954545454545459,0.0,0.027027040800874147,0.017598570721855333,0.01970441197145556,0.01211057960723938,-0.015692787784182483,0.025514378901222212,0.005359135906062962,0.02925530057889114,0.07309941019501687,0.0,0.060432759888702,0.024657526902514437,0.04243542435424352,0.08239277652370203,0.06281411585962471,0.011993930586220669,0.07728339587144428,0.03333333814664141
2024-01-01/2024-01-07,0.14282013021467344,0.13615029225475994,0.0827691349985773,0.0,0.06081077396530099,0.05237318887620268,-0.04325728226586367,0.09541984732824438,0.11703703703703705,0.04487176374115598,0.0823528727138001,-0.04210526315789476,-0.0028489872347549072,0.1684210086059601,0.03424892363024967,0.10305955331940653,0.06837597067032863,0.06896555114729885,0.07544139285695772,0.08099169212664692,0.09819125161175757,0.0517710952329824,-0.0004445349368299434,0.03711340826353249,0.14426711184809715,0.10442477876106193,0.04171011470281538,0.08983450003960947,0.13841963020262837,0.052173907115342644,0.033548369426273705
2024-01-08/2024-01-14,-0.05149046486722986,0.02892557840658294,-0.0013586531923447387,0.0,0.0,0.026438601122616756,-0.025125628140703515,0.09756097560975618,0.12201591511936338,-0.028629800054028154,-0.07608689808095159,-0.03296703296703296,0.0,0.04054052578284684,-0.008196873193104803,0.018475277465361373,0.01000011024192915,-0.006451655291924374,0.0,-0.007645202253608652,0.04117632703852747,0.05440417309789658,0.004891078820149497,0.021868694127268773,-0.06084334524053858,0.04326923076923084,0.013013013013013053,0.05811512819228626,0.03333321342006568,0.03512399014627254,0.04619227773653645
2024-01-15/2024-01-21,-0.03885718150817674,0.008032108579101305,0.015646192718095087,0.0,0.052413068488450065,-0.013636329335954156,-0.015463917525773141,0.0031746031746031633,-0.048463356973995286,-0.04000003501081839,0.0,0.2272727272727273,-0.03571426786928633,-0.030302941959495677,0.028282845581623084,-0.021739037942800743,0.03168309037949535,0.03896109821960558,-0.014850728221268539,-0.018875182147925607,-0.027118518019858096,-0.03194093613918303,-0.013371210982567439,-0.009727660447774622,0.002565677140747402,-0.001536098310291889,-0.0019762845849802257,0.05416678847894629,0.0903226411153184,0.007983926570826805,-0.021479732110109784
2024-01-22/2024-01-28,-0.014268712310659626,-0.00796810787150748,0.0140657568114817,-0.09687567472975778,0.02786371957522915,0.010752616934403436,-0.010471204188481686,0.012658227848101333,0.001242236024844745,0.006578873389509798,-0.011176563048498123,-0.03583335876464844,0.013333370838674474,-0.04017861384085897,-0.044516047689881155,0.005925905152073918,-0.03696732765146171,0.01562500696163993,0.012044557391199806,0.01519439527948152,-0.01974454732616515,0.012699053209910494,-0.007640359280500664,-0.0392927421060566,-0.017914264638108968,0.023076923076922995,0.004950495049504955,0.021739024432860132,0.04142026658243814,0.043564407057350873,-0.02439022135347879
2024-01-29/2024-02-04,0.031363162098141606,0.028112471949146567,0.055331390480441556,-0.0294562356441318,-0.03313242030475838,-0.03343457621955359,-0.07301587301587298,-0.03749999999999998,0.011166253101736912,0.010893285523390306,-0.0481855003832673,0.017958348179257788,-0.19005852011533086,0.030232629672337863,0.05840634483575258,0.011781991340958697,0.015778618670511335,-0.052307752856610934,0.014895190981197404,-0.011486268257100862,0.004739406555069214,-0.04761904179153287,0.03442031741891549,0.025957903726247844,0.028664490558029998,-0.015037593984962405,-0.044334975369458074,-0.005802770623130726,-0.09204554513075391,-0.051233467156469925,-0.013750034351226126
2024-02-05/2024-02-11,-0.04678365522492234,-0.01953129051335789,-0.018308023695810194,0.0,0.00934582827838204,-0.012578682865919122,-0.023972602739726012,0.016233766233766156,-0.058895705521472386,-0.0021552279001181285,0.0,0.0,-0.04693151050638822,-0.03160273460903751,0.003827776919553827,-0.06986897600769293,0.0,0.05519487261216005,-0.014630902238971455,-0.010727032548295212,-0.0483490476392493,0.005263160599930483,0.007005227107132139,-0.01204815228861389,-0.024699190045828434,-0.01526717557251911,0.0,-0.04669251439309008,0.015018756074148376,0.03400002613320097,-0.011406854283657952
2024-02-12/2024-02-18,0.04294481367864744,0.003984145125598859,0.012861629261959218,-0.01587298394779968,-0.012345723360674854,0.02707009624156398,-0.06666666666666665,-0.07348242811501593,-0.022164276401564487,-0.004319646152747381,0.0,0.0,-0.09090897907058504,-0.01631703007560581,-0.03878344024481051,0.0031299984229211653,0.0,-0.054153887458235905,0.0,-0.006472802636894315,0.040892102066208524,0.06282725725418459,0.017310423527110208,0.002032567916101513,0.006493470373426957,-0.029457364341085257,-0.020618556701030966,-0.005102025830290846,0.014796594567717314,-0.01740804752946734,0.0064102853363881
2024-02-19/2024-02-25,-0.0011765220655752806,-0.04761904761904767,0.0406349918890021,0.0,0.1265624753736836,0.058914703998783624,-0.003759398496240629,0.02758620689655178,-0.03866666666666663,0.010846086364541208,0.0,0.0,0.04166664498003603,0.03317538388787988,-0.004975034550320445,0.059282277918674575,-0.021739091709886527,0.008458057765487359,0.0033370828646419604,0.03032251550861287,0.017857143962315192,0.04433487642990208,0.0,-0.004056824656314073,0.05483875639066227,0.02715654952076685,0.05263157894736836,0.010256485416353822,0.02065618511351297,-0.015748132762408718,0.01910829695070193
2024-02-26/2024-03-03,-0.02826858331766746,0.00833331214013966,-0.009151767544551603,0.0,0.0346741189272366,0.024890220054542445,-0.0540880503144654,0.0,-0.00832177531206657,-0.03862665028554357,0.0,-0.10377358490566035,-0.007999956029921651,0.02981639727929153,0.006666687458569687,0.045655346898369586,-0.048484813406315386,-0.05806450341242275,-0.0036996898239844977,-0.00468386182279712,-0.014035052090366928,0.19339628019364286,0.0,0.002036641991814303,-0.013455622324439198,0.010886469673405896,-0.0010000000000000009,0.055837603186450036,0.08928563486906316,0.020000156799205637,0.01499994517341241
2024-03-04/2024-03-10,-0.006666664924379728,0.008264441965576408,-0.006870869092169496,-0.06451610474346203,0.05227887019627486,0.12142856618933373,0.010638297872340496,-0.010067114093959773,-0.027972027972028024,-0.08258930781002838,0.018749924322229994,0.0,-0.042338827678864877,0.03340762102036576,-0.03973501120608136,0.039436625943577,0.007325844594987085,0.0445204562157131,0.033758439609902435,0.02359333919496276,0.07947804008239534,0.06719375980193676,0.0,-0.02742184420890481,-0.011159294764838679,0.006153846153846176,0.05805805805805808,0.0673075849031648,0.03278679042683841,0.00980384319917893,0.009852247956898319
2024-03-11/2024-03-17,-0.032946916164200646,-0.024590102422332172,-0.1406250359030422,0.0,-0.10828031059928833,0.04458595476592686,0.06578947368421062,-0.0847457627118644,-0.06187050359712232,0.0754258455576553,0.0,0.0,-0.04631574894724266,-0.1034482358238562,-0.12068972470537565,-0.031165255149812054,-0.10191065515931175,-0.016393384601350647,-0.01669085631349787,-0.019961663342953795,0.09670335370664329,-0.025926073282901085,-0.015417594280285107,-0.14105268778438895,-0.015674028715607635,-0.02905198776758411,-0.09649952696310315,-0.010810834340382325,-0.04126982453678274,0.0019417727970549858,0.0036585398066459884
2024-03-18/2024-03-24,0.10725559710222843,0.05042016698968288,-0.01818189785558466,0.07112061432153638,0.11857141453100062,0.0317073146296476,-0.11975308641975313,0.03703703703703698,0.03834355828220848,-0.04298646449634569,-0.01840483505773427,0.0,0.06401758626718124,0.09615389098361238,0.2668743799954769,0.058741228840801796,0.02364056692151939,-0.0006667050033358768,0.009077490774907826,0.036788007976556125,-0.027054128677215905,0.09315606578402358,0.0016337211290722298,0.04901959786480137,0.05031841084996924,0.03779527559055129,0.06282722513089012,0.010928985795323864,0.04856533582322897,0.015503773107115704,-0.027946517712615915
2024-03-25/2024-03-31,0.00286697201918118,0.00799997949177067,0.00450171133718813,0.0,0.005108575394659809,0.021276724874331743,-0.056100981767180924,0.0,-0.017725258493353047,-0.01891255789834345,0.0,0.0,0.0,0.0394736655556045,0.023299049213854728,0.015851992175401897,-0.0023201171188272918,0.016677793756007864,0.026109851532216677,0.013574683966149914,0.018537568829634754,0.07826084076641249,-0.0013054691130982565,0.009445785973982268,0.02473833292169414,0.006069802731411222,0.0,0.016216205202374212,-0.02421055874066036,-0.02099224173091163,-0.01250005584189473
2024-04-01/2024-04-07,0.0519253142399545,-0.011904822456744069,0.0407407981983785,-0.02213273911070135,0.06861491305277445,0.024305452384489667,-0.026745913818722156,0.010714285714285676,0.09022556390977443,0.1812472925930957,0.049999884068096856,0.0,0.002074729444976109,0.08016877781005749,0.0288404289479669,0.03250972339683167,0.0,0.06299214176930579,0.0509622238061298,0.0487350906577837,-0.029322520815421638,0.043548466741994085,-0.08061005808444799,0.055813899842726,0.040145985869851186,0.11613876319758676,0.09359605911330049,0.012411237957645094,0.10463853406714163,0.0701753277755035,0.12302404932970878
2024-04-08/2024-04-14,-0.03605108710500238,0.01205591498193015,0.03202843421440238,0.03909466579151699,0.017835852438825794,-0.011299509761262483,-0.03053435114503822,0.09893992932862195,0.10758620689655163,-0.021834048790394744,0.12942614560361632,0.05263157894736836,0.016919232907049997,0.0,0.03275310208487481,0.03933457143543784,0.0930232403305844,0.11111102729312639,0.016073245167853578,0.00532103922081717,-0.01041663056437414,0.00772784626086187,-0.005213246166208885,0.039647540999678155,-0.02456135891671729,0.08108108108108114,0.013513513513513598,0.08335846425267013,0.0664063066073104,0.056466372426189126,0.012499999999999956
2024-04-15/2024-04-21,-0.0304948008501692,-0.00793648823323434,-0.007586147323098813,-0.027722794034371834,-0.046728844890631116,-0.03253741285512224,0.007874015748031482,-0.048231511254019255,-0.05603985056039851,0.0,-0.048648690922725835,0.0,-0.038775604458295754,-0.09960943480585438,-0.08571441198075791,-0.0354956905844479,-0.021276643264863226,-0.0027777114567923977,-0.04418635696168738,-0.04301338625611528,-0.052631613509561914,0.004603157841919225,-0.12196283623805981,-0.0211864221265875,-0.04616316282129118,-0.010000000000000009,-0.0755555555555556,-0.09016392148527219,-0.07142862573055508,0.08448277353618949,0.009876543209876631
2024-04-22/2024-04-28,0.005934771531888039,0.0,-0.018068171830723956,0.03258649121114199,0.047277201597098584,0.017964071856287456,0.109375,0.03378378378378377,-0.01715039577836408,0.026785698803023728,0.0397727636012557,0.0,-0.01698505284446794,0.06290673896179144,0.07453054273887094,0.04949230952473771,0.006521823164629126,0.09757898127787734,0.027932960893854775,0.02798564456784991,0.003333310227866093,-0.00152673406014725,-0.02333156408789061,0.021645002281861947,0.0025141723478174782,0.0037878787878788955,0.05769230769230771,0.06306315274665608,0.15259335126096718,0.039745644626229204,-0.009779951100244544
2024-04-29/2024-05-05,-0.02064899751561433,-0.040000021972936506,0.1500763722267715,-0.11242598319883068,-0.08830556625933395,-0.143529447514273,0.07464788732394356,-0.039215686274509776,-0.024161073825503365,-0.07826088180307966,-0.12568300580532976,-0.050000000000000044,0.05831534686466999,-0.05714290740563799,-0.091188180494439,-0.10882703793478099,0.021692031197710238,-0.2414145973374482,0.0,0.00789099448855235,-0.06423034094113478,-0.22629968026191272,0.297222236973939,0.042572082634489083,0.006269568632565781,-0.19874213836477983,-0.09999999999999998,-0.09322040232445117,-0.16521738281142484,-0.22018345984358445,0.011111111111111072
2024-05-06/2024-05-12,0.045180780801444165,0.14583335320180213,-0.12546349691054193,0.14444446025246682,0.10078529225727029,0.17582414142260894,-0.08256880733944949,0.006802721088435382,0.024759284731774356,0.06839618882010012,0.12500003924778147,0.05263157894736836,-0.06530619552713679,0.09523821740458316,0.11824307648078292,0.1004070649487836,-0.025477853488725333,0.3682432618899478,0.01039402173913051,-0.016832734060404975,0.1053253516110435,0.28063245264199677,-0.2458244128881535,-0.055102000602768264,0.040498453629558506,0.2684458398744114,0.09292929292929286,0.10467281715142418,0.24999997340934987,0.4117646938255146,0.019536019536019467
2024-05-13/2024-05-19,0.0489912773909722,-0.06909095852497227,0.0,0.0,0.034482891728343734,-0.01869140078417264,0.014285714285714235,0.013513513513513598,0.06711409395973145,0.02428260537765148,-0.005555671535168338,0.0,-0.008733634909986243,0.027667900442065907,0.007953657015981275,0.003699159724511736,0.004357393184766023,0.0,0.016607274927721294,0.02436022543258587,0.004282774434535064,0.010802434831647112,0.021010754453805847,0.008639254068390834,0.044910104176477894,-0.0606435643564357,0.03327171903881698,0.02199665581326893,0.11583338374920693,-0.02777784633709124,0.2191616766467066
2024-05-20/2024-05-26,-0.0247252376428323,0.019531202269106318,-0.00706714943712472,0.01553394859843582,0.005747133808541305,-0.011904941345004194,-0.035211267605633756,0.09333333333333327,-0.03647798742138364,-0.006465569441919117,0.0,0.0,-0.024229049254988255,-0.013461498812098793,-0.02585696552466754,0.006142482395437021,-0.002169175638370602,-0.09876553170246227,-0.010383597883597884,-0.008268561896343396,-0.009594926926251413,-0.045801499971485526,-0.040600643321729635,0.00428266221367779,-0.014326564070048287,-0.017127799736495364,-0.02415026833631484,0.009933779558411127,-0.055265185929001426,0.02571432112743688,-0.056974459724950854
2024-05-27/2024-06-02,0.011267588306464349,0.06896558578484613,-0.01992878659985764,0.0,-0.017142879006112333,-0.012048193506245086,-0.08613138686131383,-0.030487804878048808,-0.019582245430809442,0.023861215475671216,-0.055865859698770115,-0.09999999999999998,0.024830672850517876,-0.007797337693216333,-0.07253086515051155,0.0024420175328194738,-0.019565158417337303,-0.09589036629704262,-0.009556907037358786,-0.00748238165192916,0.05123295527166927,0.011199964499617243,0.713043524440157,-0.040511657709772275,-0.009302253406716865,-0.002680965147453085,-0.03758020164986253,-0.04426231592371954,-0.051383379109780414,-0.03899721022651004,-0.03125
2024-06-03/2024-06-09,0.008356533253478737,0.0035841658777389096,0.0036579930503939373,0.015296336099718477,-0.03488376619538969,0.004878123196728978,-0.060702875399361034,-0.012578616352201255,0.011984021304926706,0.0,0.005917164688353127,0.05555555555555558,-0.006607882598752113,0.011787920940095509,0.03993347882482268,0.01705235820194062,0.020014442854898506,0.07878787137933885,0.011808367071524994,0.010697864915435451,-0.024033407455246292,0.03955692632899699,-0.035533020923430136,0.006496012529838113,0.029342547374704653,-0.03897849462365588,0.0,0.04116640107071867,0.05249998489651042,0.040579705534155464,0.008602150537634357
2024-06-10/2024-06-16,-0.039779038339532446,0.0,-0.018895385245953245,-0.011299387345329204,-0.008433758501686484,-0.007281541016020521,0.04931972789115657,-0.035031847133757954,-0.051315789473684204,0.016949143243566223,-0.0588235189819043,0.0,0.002217242210915682,-0.01941753666745094,-0.008320006925015777,-0.011976121931756345,0.0,0.006179762103464714,-0.025008336112037344,-0.02322936052280611,-0.06209843963557138,-0.028919198163626425,-0.025614019249033837,-0.03325950424567925,-0.04503980806912955,-0.03916083916083912,-0.05238095238095242,-0.03130144184339512,-0.016627127737151914,-0.0013927757066954927,-0.04051172707889128
2024-06-17/2024-06-23,0.006329152919916536,0.02499999455036228,-0.03703716146026381,0.03809521099577129,-0.00364513151336443,-0.00977997562342836,-0.0016207455429497752,-0.00990099009900991,-0.026352288488210807,-0.04375003034607472,0.0,0.0,-0.04203539408237089,0.0,-0.030332390737584425,-0.014545363324916183,0.0,-0.0619764846163704,0.004103967168262557,0.0027272744709676555,0.012557040315797963,0.032915253977851,-0.09974792014939915,-0.004587133743069183,0.01014929693511335,-0.05385735080058229,-0.007035175879396949,-0.010204172234338116,0.013687583235164613,-0.0725244006440211,0.004444444444444473
2024-06-24/2024-06-30,0.009147998751470654,0.0383275939344736,0.02307709661421642,0.025688094949075646,0.0,0.02839514926334341,0.043831168831168776,-0.050000000000000044,0.015669515669515688,0.07222638578314333,-0.012500010204423151,0.0,0.013856944802114635,-0.009901021787326103,0.028618993157789596,0.03813036978012008,-0.05895199332661549,0.023809488077967567,0.008174386920980936,0.004533094458820663,0.025930182016006276,-0.02427917719495909,0.03600001497594252,-0.0023040273049242943,0.007092221133397469,-0.006153846153846176,0.012145748987854255,0.022336810462357137,-0.03018255615601173,0.06766910733710185,-0.004424778761061954
2024-07-01/2024-07-07,0.021081486904415137,0.013422785801033621,-0.014296230988137593,0.0926505082095388,0.004877956142809392,0.008403397108407429,0.034214618973561484,0.01403508771929829,0.0028050490883591017,-0.010775862068965525,0.0256409832467972,0.0,-0.029612844980276498,0.024000099130774055,-0.013264262187269504,0.016587661404662946,0.00466202410363481,-0.03488375774629782,0.008918918918918939,0.005703971918603612,0.00659329512035467,0.054432327817492965,0.022393788668576775,0.0023094209055918302,0.020876277027712664,0.017027863777089758,0.014000000000000012,0.0,0.01556098905528347,0.0211267413820988,0.03333333333333344
2024-07-08/2024-07-14,0.015367091014412804,0.009933801268799725,-0.03448292562625921,0.0,0.04854369529696645,0.0,0.04511278195488733,-0.03806228373702425,-0.02237762237762242,-0.04575163398692805,0.012658238835719704,0.0,-0.009048360620154794,0.015624922725081758,-0.013770502643420057,-0.0012461057734481917,-0.02552200205737909,0.019277117363585283,-0.015537101526922004,-0.010338189266381415,-0.0032751097774662563,-0.013274335645852564,-0.04645018377586141,-0.023148129653930316,-0.0005898850988486082,-0.010654490106544956,-0.018737672583826415,0.01860638506405099,-0.03629045240721074,-0.006896425439564036,-0.03010752688172047
2024-07-15/2024-07-21,0.0005605206864260914,-0.02622954395548094,0.015873192808904424,0.0,-0.03124993762188688,0.010088707503992822,-0.060431654676258995,-0.010791366906474864,-0.02145922746781115,-0.004566210045662156,0.0,-0.11578947368421055,0.023753019886974203,-0.0038461869205608235,-0.007603113801196382,-0.0023556784399518804,0.0,-0.026976265973679192,-0.0004761904761905189,-0.0020311748672562357,0.002190655309482148,0.02093245647097164,-0.02970297107792641,0.0071089617485200485,0.003541885051054461,-0.020000000000000018,-0.055276381909547756,-0.010033484255157488,-0.012846567313339996,0.0,-0.022172949002217335
2024-07-22/2024-07-28,0.005602296147842356,-0.013467980946511249,-0.007812703290488221,0.0,-0.021455698469377227,-0.0023809039185770375,-0.009188361408882129,0.01090909090909098,-0.013157894736842146,-0.016055045871559592,-0.04999998163203756,-0.04761904761904767,0.002320294264569922,-0.04826249686160067,-0.008403337688435042,0.0011806203819555439,0.0,-0.0024554972516697138,-0.011093718097053062,-0.011412356714499472,-0.0029005328147828635,-0.014641293352970486,0.08122449633189377,-0.004705878704963085,-0.02529408261250632,-0.02982731554160123,-0.010638297872340385,-0.013513482689395895,-0.01977644641816123,0.04166662432120827,0.00340136054421758
2024-07-29/2024-08-04,-0.001114171439623557,-0.02729754217859348,-0.011040468340896337,0.0,-0.009950212090351518,-0.017899755124821004,-0.021638330757341562,-0.003597122302158251,-0.011851851851851891,-0.03962703962703962,0.05263155859505586,0.018750000000000044,0.011574039445633622,0.016029193701362576,-0.05254235890436665,-0.016509428439081764,0.0215311886165781,-0.03138462418936494,-0.0227116311080523,-0.03665440960209587,-0.04362405801591196,-0.04903414126768635,0.0003775470612561449,-3.3528092981405244e-05,-0.0036210356170549574,-0.029126213592232997,-0.016129032258064502,-0.006849342050387119,-0.05263156500456223,-0.03866668004686413,-0.02824858757062143
2024-08-05/2024-08-11,-0.023982204519699457,-0.01754386528490748,0.0,0.0,0.0402009805065322,-0.02065614097314361,-0.012638230647709303,-0.02166064981949456,-0.01799100449775115,0.03640776699029136,-0.062499992346682354,0.0,0.05034321428579558,0.025157194146333106,-0.0035778073213423855,0.007194140108218061,0.0,-0.0012706496415801904,-0.016901408450704203,-0.004846794285719769,-0.0385965485894314,0.010937480449574988,0.04528298767347971,-0.02612823590326374,-0.027256183582672344,0.02499999999999991,-0.030601092896174853,0.006896579079479936,0.025000011651280074,0.040221928486520175,0.005813953488372103
2024-08-12/2024-08-18,0.03657146038795567,0.042857200467227186,0.0191999739284463,-0.04472271914132375,0.014492790227897956,0.08560793550708445,0.022399999999999975,0.07749077490774914,0.056488549618320505,-0.023419203747072626,0.0,0.0,-0.01960789410383379,0.010225029762413795,0.027223672684144606,0.009523908592227626,-0.03512889762061833,0.014631030093225972,0.03008595988538687,0.034974745601775936,0.10705600510323188,0.004636809307670076,0.010469298792076476,0.04390240781332233,0.06662517021280001,0.001626016260162677,0.04284103720405863,0.010274013075580735,0.040650394674885515,0.019999980487211966,0.09826589595375723
2024-08-19/2024-08-25,-0.003307617326132606,-0.010273933589355133,0.07927787692625032,0.0,-0.04761904761904767,-0.0011428338290732087,-0.04381846635367759,-0.0273972602739726,-0.05780346820809246,-0.014388489208633115,0.0,0.0,0.008888973828094837,-0.034412996461128276,-0.031228037721780066,-0.003537801574927113,0.007281557998663368,0.0407524346432544,-0.00020862308762170656,-0.014524985832027548,-0.05164839951247602,0.04615378490167954,0.03394071275411403,-0.023364372780998566,-0.02977233702365445,-0.03246753246753242,-0.010810810810810811,-0.025423743180895797,-0.027777729230777815,-0.037433125486154406,-0.03894736842105262
2024-08-26/2024-09-01,0.05033176315942911,0.038062208101211636,0.05454556280725509,0.0,0.012499999999999956,-0.04805491373848547,0.02782324058919805,-0.04225352112676062,-0.027607361963190136,0.0,0.0,0.0,0.008810546639539174,0.06079665111396504,0.14958349920242542,0.005917191747517592,-0.004819229951394499,-0.027710936800261154,-0.008833553592543675,0.0076702929465302105,0.05214363977814118,-0.005882383775707711,0.019350403970081587,0.016746410589568494,0.046329753888644465,-0.028523489932885893,-0.049180327868852514,0.0295651591534547,-0.04910718659402458,0.06944441782729838,0.03943044906900339
2024-09-02/2024-09-08,-0.04423372757050492,-0.0033332529698625324,-0.021332903104259726,-0.0449438202247191,-0.012345679012345734,-0.02524047160656362,-0.1719745222929936,0.011029411764705843,-0.006309148264984188,-0.06082725060827254,0.0,-0.006134969325153339,0.0,0.0,-0.016068079786327183,0.02941180593504522,0.004842567397236985,-0.04275089213511485,0.0,-0.012947743446290128,-0.04625549062322287,-0.035503001320316585,0.036920653494939115,-0.006990737287789983,-0.02817722783186183,-0.006908462867012077,0.02298850574712641,0.030405441652284537,-0.007511747562179427,-0.025974043212994347,-0.009483667017913588
2024-09-09/2024-09-15,-0.021487611135378337,0.0,-0.002830850657465356,0.0,-0.02000004979286174,-0.025893925982785837,-0.009615384615384581,-0.010909090909090868,-0.030158730158730163,-0.010362694300518172,0.0,-0.012345679012345734,-0.015283798004049665,-0.003952579990493477,-0.02817800697510564,0.0022856810851890064,0.0,-0.014239500134274552,-0.014245614035087728,-0.011832281410051548,-0.02078517892888354,0.007668752432526071,0.07133333333333325,0.0,-0.014792825988184433,-0.008695652173912993,0.030337078651685445,-0.03934425315543244,-0.027436107131465937,0.026666684837305832,0.0478723404255319
2024-09-16/2024-09-22,0.04166675311173429,0.003344400703439776,-0.009936104930303169,0.0,0.015306161333452861,-0.05063295879222762,0.025242718446601975,-0.007352941176470562,-0.03436988543371522,-0.010471204188481686,0.0066666723267201355,0.0,-0.006651975129247201,0.01984132437417352,0.04136809862168955,0.04332947065886428,0.0,-0.09717661819891266,-0.016658361215918016,0.005508748342274883,0.030660381801330683,0.09589047102592896,0.042314872433105055,0.009523870132366774,0.008408363579722966,0.0,0.0032715376226826187,0.0,-0.03501950326291503,0.012987021606497118,0.02131979695431463
2024-09-23/2024-09-29,0.016216152816941554,0.0033333546957750038,-0.002867306421004634,-0.04803921568627456,-0.0201004902532661,0.004000052412359123,0.02840909090909083,0.014814814814814836,0.04067796610169494,-0.002645502645502673,0.0,-0.0625,-0.022321364173123026,-0.025291847047752336,0.0,-0.02185793357813448,0.0,0.047272678452009886,0.0,0.0035763433771274222,-0.011441675567308796,-0.03333330394588241,0.0408955223880596,-0.00943402173454122,0.0,0.03684210526315779,0.01413043478260878,0.00682596536458413,0.06350802789370613,-0.012820521220401226,-0.005964214711729587
2024-09-30/2024-10-06,-0.020170542828105043,0.006644560713892744,0.0029527417657828625,0.0,0.010256371954209031,-0.014608269014441122,0.0036832412523020164,-0.014598540145985384,0.0016286644951140072,0.0026525198938991412,0.0,0.06666666666666665,0.004566083074541982,-0.01596810720501285,-0.015555506251610951,0.008938640454642544,-0.0024330991812517855,0.006944522883157722,0.0034749873307753365,-0.0027674417261216444,0.010416703981296793,0.04885054769866093,-0.0008603383997706215,-0.007199493196881512,-0.004174299519321578,-0.027072758037225086,0.011789924973204746,-0.01694921863212051,-0.0037913792924125778,0.0,-0.0040000000000000036
2024-10-07/2024-10-13,0.027793143959253364,-0.006600701949038168,-0.013678891527484804,-0.011328527291452062,0.011421332867757483,0.017520264719673273,-0.01834862385321101,-0.011111111111111072,0.08943089430894302,-0.023809523809523836,0.02721092363228994,0.0,0.07314837254047957,0.012170418958417528,-0.0009675101362233152,0.02786542478237619,0.012195167959436315,-0.004827626595734991,0.0,0.004295731264660763,0.002290933452454569,0.021917788794114212,0.07634902411021804,0.021686830862769346,0.04972373041252465,0.08347826086956522,0.006355932203389925,0.041718784787929675,0.0038058085561634147,0.016883074992423808,0.016064257028112428
2024-10-14/2024-10-20,0.01892918802405985,0.016611300396781825,0.008029181048098133,0.0,-0.005018833197657724,0.05558211577120953,-0.03551401869158877,0.01872659176029967,0.08358208955223878,-0.046070460704607075,-0.006622541651882585,0.0,0.017094056686388415,0.030060150734631863,0.010473914716453203,0.0684782073802428,0.0,0.1686435922922651,0.038886083255176285,0.025815736742223594,0.029714290147974776,-0.02010623118209187,0.10000000000000009,0.03537732218597012,0.03742691195559811,0.0930979133226324,0.05263157894736836,0.07550334334392672,0.0709121705145499,-0.005108534326452752,0.007905138339920903
2024-10-21/2024-10-27,-0.018046759031364434,-0.0032679947150398014,-0.0036205120251057155,-0.013541666666666674,-0.02010658435586088,0.04060916324294506,-0.0794573643410853,0.06617647058823528,-0.02892561983471076,-0.014204545454545414,0.013333320617675781,0.0,-0.029411831683137546,-0.01167318320995625,-0.02532042249423594,-0.04069176195569557,0.03132526887231113,0.00480184277151352,-0.00347222222222221,-0.010959390752799614,-0.006659217302618092,0.0,-0.05818181818181822,-0.03189068065506939,-0.043968435211194645,-0.038179148311306865,-0.06699999999999995,-0.060842383388305166,0.0036003808876514665,0.011030790879837937,0.019607843137254832
2024-10-28/2024-11-03,0.016756851617677482,0.016393447543849637,0.02688948673516678,0.029567053854276715,-0.015748031496062964,0.04146340254258862,-0.04421052631578948,0.07241379310344831,0.07801418439716312,-0.03170028818443804,0.0,0.0,0.004329014485860316,-0.0059055784108817955,0.007892083110363268,0.022269406475141196,0.021028116418533527,0.03942650430082906,0.010452961672473782,0.007349901905340239,-0.025698352190913654,0.0,0.010038610038610063,0.0235294374523507,0.035377405841928056,0.09160305343511443,0.012861736334405238,0.11295679102845324,0.03318387043648752,0.0,-0.009615384615384581
2024-11-04/2024-11-10,-0.007442863560715662,0.0,-0.031125767783556135,-0.013333333333333308,-0.009333333333333305,-0.019906317611046886,0.04625550660792954,-0.012861736334405127,0.006578947368421018,-0.0535714285714286,0.013157882353605599,0.0,0.002155177448535772,-0.015841526823648477,-0.01631318671201898,-0.030083038599768352,-0.01369781748839527,0.034482825044857224,-0.01606896551724135,-0.012592586321828692,-0.002293560649863524,0.0,0.019367991845056,-0.016059360821183866,0.0,-0.0013986013986013734,-0.02645502645502651,-0.011940348621952257,0.0034721562832091823,0.0,-0.001941747572815511
2024-11-11/2024-11-17,0.017675372147052837,-0.0161290370215047,0.0007336494574161634,0.0,-0.04037685060565277,-0.0023894507366949425,0.01473684210526316,-0.006514657980456029,0.013071895424836555,0.09748427672955984,-0.025974001846660322,0.0,-0.040860204343935114,-0.0020121295529824668,-0.010212177712848436,-0.021390375457352007,0.004661984752461157,-0.04166668948640584,0.004135417396789798,0.0012753255143069797,-0.024137977729135618,0.05198353570149172,0.0,0.058685482652883536,0.006833607753652382,-0.019607843137254943,-0.016304347826086918,-0.010573988520333977,-0.01211071153202592,0.0064935494709270625,0.03112840466926059
2024-11-18/2024-11-24,0.03157894847598186,-0.0032787095204247496,0.018328440503914356,-0.021829521829521803,0.02244039270687237,0.09580838038937878,0.2551867219917012,0.0360655737704918,0.006451612903225712,0.04871060171919761,0.0,-0.006249999999999978,-0.03587441221520782,0.028225885280318996,0.015467419968411944,0.07431694388759547,0.060324783883557,-0.023768088378199104,0.0,0.036937113238792785,0.01531213427460787,0.0455136572338668,-0.006249999999999978,0.00886914660455096,0.020927678255328264,0.02285714285714291,0.048618784530386705,0.06412210658687623,0.01313484073954685,-0.03225808323289092,0.04716981132075482
2024-11-25/2024-12-01,-0.01581631346871304,-0.0032893944309880796,-0.010799104655534353,0.02125398512221044,-0.015089163237311354,0.05136605922822768,-0.0016528925619834212,-0.025316455696202556,-0.012820512820512775,-0.016393442622950838,-0.04000002543131509,-0.0691823899371069,-0.020930280523325795,0.011764637239581655,0.0,0.018311292880063057,0.0,0.06888360572361463,0.0412885662431941,0.0007225720629417953,-0.025522081266808105,0.04975121235769797,-0.0062893081761006275,0.0,-0.003324159602716592,-0.0013966480446927498,-0.005268703898840932,0.004304178967775574,0.007778783372202502,0.026666642684255448,0.009009009009008917
2024-12-02/2024-12-08,-0.009849711605675715,-0.003300350974519084,-0.002027545033784217,0.0,-0.01949860724233987,0.003118508368294526,0.0281456953642385,-0.0032467532467532756,0.009090909090909038,-0.03888888888888886,0.02083334713070517,0.0,0.01662711730314692,-0.034883718617966575,-0.029801358785840337,-0.020978972849352906,0.004395619055691524,-0.017777818183929206,-3.351768057646698e-05,-0.005542466228560694,0.004761987961494851,-0.03199048472303745,0.0,0.015318756433477798,0.0027793349659221978,0.01118881118881121,-0.04766949152542377,0.0057143098779752766,0.0,0.0,-0.014285714285714235
2024-12-09/2024-12-15,-0.015706807378716103,-0.026490032764163396,-0.0161171947408002,0.0,-0.0042613636363636465,0.036269456670185996,-0.0628019323671497,0.43973941368078173,-0.002574002574002532,0.028901734104046284,0.0,0.0,0.03264450765241622,0.05915683329315513,-0.0037542326310112673,-0.010204081632653073,-0.006564539679247305,0.003959309574204761,-0.008111550579875337,0.006644880174291989,-0.004739418905721271,0.10159119999899602,0.0,-0.0021739311527380067,-0.007760524272845015,-0.017980636237897696,-0.015572858731924377,0.011363614066413286,0.00600338029202141,-0.016883072894463003,-0.010869565217391353
2024-12-16/2024-12-22,0.010638334072379685,0.027217388569392265,-0.005956851558990395,-0.01144640998959412,0.004279600570613384,0.033999990084922604,-0.015463917525773141,-0.05203619909502266,-0.0619354838709677,-0.0730337078651685,-0.06802721176701776,0.0,-0.04109589041095896,-0.03585657370517925,-0.04418409894138142,0.04639170184517871,-0.02863435468915143,0.042253544593836345,0.0,-0.00624030588320168,-0.014156172524096067,-0.04888887876153125,-0.012658227848101222,-0.056644885558014946,-0.016759743404509364,-0.05633802816901412,0.006779661016949046,0.06320223716737439,0.08866156150552884,-0.015852046161124678,0.01098901098901095
2024-12-23/2024-12-29,0.0,-0.01655629139072845,-0.005992474795532554,0.04842105263157892,0.046875,0.0038685103468723003,-0.048865619546247796,0.12171837708830546,0.031636863823933936,0.0060606060606061,0.0,0.0,-0.0023809523809523725,0.026859504132231482,0.08093526041872234,0.009852217226432813,0.0,0.0,0.0,0.019237749546279437,0.0185185185185186,-0.007009375381827887,0.012820512820512775,0.057736778107969844,-0.0051136147018272515,0.04179104477611939,-0.011223344556677839,0.01849406865404646,0.0313234413258916,0.023249525448717945,0.04166666666666674
2024-12-30/2025-01-05,0.023563315566527354,0.010101010101010166,0.003041875297972174,-0.011044176706827336,0.012211668928086894,0.0019267535620965948,0.04587155963302747,0.18085106382978733,0.014666666666666606,0.07831325301204828,-0.0583941753191729,0.0,-0.04534606205250602,0.002012072434607548,0.030282879950298103,-0.0009755617930057303,0.02505694760820054,0.012200524750773267,0.016761286834279465,-0.0039886039886040114,0.014545454545454639,0.06588240322253203,0.03772151898734166,0.01548095372152658,0.02200845984706934,0.03295128939828085,0.02724177071509648,-0.014267181738744528,0.0021213510833413274,0.0,0.019130434782608674
2025-01-06/2025-01-12,-0.0052631578947368585,-0.010000000000000009,0.0135849056603774,-0.025380710659898442,0.009383378016085686,0.030923982245909976,0.01754385964912286,0.2072072072072073,-0.006570302233902758,0.030726256983240274,0.062015520495496634,0.0,0.020000000000000018,-0.002008032128514081,0.052473290968826136,-0.002017617243245895,0.0,-0.019407008086253397,0.0,0.010011441647597152,0.020310633213858953,0.008834262957912564,0.06123444742620143,-0.010799136069114423,0.008022922636103047,-0.001386962552011095,0.04972375690607733,-0.025530123559449502,0.001536098310291889,-0.024161073825503365,0.005119453924914641
