Date,AAPL,AMZN,BAC,BRK-B,C,CBU7.L,CENCOSUD.SN,CHILE.SN,CSPX.L,EIMI.L,F,FALABELLA.SN,GE,GOOGL,ISAC.CL,IUFS.CL,IUIT.CL,JETS,JNJ,JPEA.CL,JPM,LQDA,META,NKE,NU,NVDA,PBR,PFE,RBOT,SDHA.CL,SGLD.L,SUAS.CL,UBER,VOO
2022-11-21/2022-11-27,-0.021019162615151354,-0.00775436299417831,0.013713807452505389,0.02146345314890019,-0.007603665466622167,0.003040951153985727,0.022645926791288407,-0.004011364377895732,0.01701085557596027,-0.0035688929277665205,0.01695331153061841,-0.01374139014656861,0.031118224975237085,0.00030783814708001955,-0.013345139459869704,-0.005858585858585896,0.021445783132530094,0.023652381625833163,0.005902298559325114,0.041228070175438614,0.02166780891767761,0.06623930644236564,-0.0057117450735540976,0.0051223647349267765,0.03009250750880521,0.05587636841767463,-0.09251100633744813,0.020319119460370016,0.10703364080856659,0.029659465397290363,-0.003682427323754567,-0.0035714285714285587,-0.015883946789186587,0.015961910791292055
2022-11-28/2022-12-04,-0.0020255007378044976,0.007707885270115344,-0.04297092755715637,-0.004032381340235425,-0.021743502211347465,0.007659220854604243,0.008370785970009953,0.0021321454414895413,0.006608829628725665,0.045128947902534744,-0.015624966215044722,-0.036668813680557744,-0.01429538760289939,0.030576747451472874,-0.008076923076923093,-0.024588498272708814,-0.029252182118424175,0.006985446346212898,0.015767302674315697,0.0,-0.011555009946330075,0.10020040539760577,0.10842835816165675,0.05889016323702645,0.0022472425416770747,0.03724630024738951,0.24876060909710795,0.034545842279821715,-0.09116023632576786,-0.03307254623044098,0.023181537714112466,-0.003072196620583667,0.00877192982456143,0.011357607705551276
2022-12-05/2022-12-11,-0.03822463220068284,-0.05354298377337241,-0.09730314159321884,-0.03087135674986774,-0.0503812450031037,0.0015835070737111323,-0.0037733351776901847,-0.01477538149208435,-0.019935004244745702,-0.004797785749974914,-0.04906208181496241,0.03872199323738257,-0.062499995548519593,-0.07576661423472064,-0.0027465425875662364,-0.02041666666666664,-0.03791008505467797,-0.03361788519002795,-0.01755371594487165,0.002106149957876946,-0.022195758199825333,0.029143958273185833,-0.061462478684594535,-0.02178377711728352,-0.11883407328623552,0.007664728593374637,-0.06052638468062155,0.015910548309274075,-0.24316110174335148,0.007723427730783383,0.007108979870340093,-0.02157164869029271,-0.07652176566745927,-0.03336894573669058
2022-12-12/2022-12-18,-0.053812695194587756,-0.013806215940048716,-0.021000659098720176,-0.020855818867888454,-0.011368693682616504,0.005217420253829097,-0.007650873016245674,0.01367724570906681,-0.03127815651857413,-0.02169425097291855,-0.08042484451899956,-0.018987297975975204,-0.046654439237497125,-0.02768506959973327,-0.02443054790525867,-0.03955763504891541,-0.01869158878504673,-0.0364439439629205,-0.0003982439242651292,0.0025220680958386588,-0.02171613351797619,0.05132742601027651,0.030457258321424208,-0.0317127750519034,-0.007633580376634641,-0.02529263413780336,-0.1251167374052089,-0.0061872795867554675,-0.24497986840672703,0.0021897810218978186,-0.007862238836083169,-0.00017497812773403787,-0.021845572142105585,-0.0211884152905647
2022-12-19/2022-12-25,-0.01970123959249437,-0.02970635775347419,0.02429023328347779,0.02163330078124992,-0.0020292283173533043,-0.007313622824728694,0.02900758010590132,0.028524096406776778,-0.0028919062922291294,0.0,-0.06270637747747165,0.06129031056450973,0.054333950530953246,-0.011411433167453189,-0.033378723969577195,0.00797165633303809,-0.04761904761904767,-0.012607519259848154,0.01030325407660948,-0.006708595387840632,0.015391624831685435,0.03872054155856541,-0.011638630889629353,0.09721585722017512,-0.0025641000560834293,-0.08237271646520172,0.1835645036753104,0.008365857481662742,-0.05851069082407068,-0.004734158776402042,0.004685316611037882,-0.05792789639481977,-0.05121293642168612,-0.005623681245811141
2022-12-26/2023-01-01,-0.014636710959104016,-0.014662756598240456,0.020018468457193128,0.007863237752940844,0.021915915401381048,-0.004832453411465876,0.03486651964210119,0.01265828610417441,-0.0010844161396524887,0.008095724867005938,0.023767637088686344,0.0030394816728238627,0.024452791672678664,-0.011206943674634595,0.011201209455744987,0.012741652021089678,0.010675675675675622,-0.008705723883658645,-0.0046765112962532385,-0.015618404390038032,0.02148105822095059,0.032414879544907294,0.019484893883764398,0.006537564353599645,0.0462725094866383,-0.03893201167032723,-0.0396753113756666,-0.0113833614279506,0.14124294191185727,-0.005854372484449311,0.012291982709575766,0.009288500835965108,0.0036526036857655875,0.003275536571861082
2023-01-02/2023-01-08,-0.0023859310174592085,0.02476192656017484,0.03894915765740703,0.031693132853225725,0.045987040879373,0.011144673347194933,-0.07060932085989402,-0.05125002018524394,0.011739740815159605,0.03980451540823382,0.08168536992427744,0.036303097404595475,0.09983455062511082,-0.010087468116232734,0.033163438668025735,0.06073752711496749,0.00294156972857329,0.07903983533372294,0.020379347568898254,0.05789022298456259,0.02863514816360002,-0.10204083313109547,0.08043877302756197,0.06426794936717029,-0.12530717625833743,0.01676472001897511,-0.034741762241407015,-0.0062452401350328035,-0.01980193033758304,0.0003680529996319404,0.02283520238496206,0.010123320449107354,0.06752932095456599,0.014942877775500518
2023-01-09/2023-01-15,0.03965442893042481,0.13986989613636047,0.023830534255220748,-0.003294699503985199,0.05516812464022425,0.00795152072841443,0.002699509255031707,0.004910769795244407,0.02487897755068591,0.031564761754035775,0.011128849221490489,0.05503239259792769,0.11481804170239895,0.05472881287282538,0.017924093928829876,-0.003476482617586929,0.030395947207038976,0.09441127196452137,-0.03783633194902458,-0.019862180786380246,0.044413318778495636,0.1276223856380645,0.05353013141797236,0.03469043418432238,0.03370790053551764,0.13729051465220454,0.05447477331075712,-0.060290583622070404,0.4191919341118313,0.0331125827814569,0.026857217134167888,0.02441690962099119,0.11515155149447631,0.027033875159684584
2023-01-16/2023-01-22,0.023078071678456658,-0.00886672158814572,-0.03917118911863704,-0.024461715063984646,0.023437525265336268,-7.806378919961166e-05,0.056923141530693666,-0.0030989211535268346,-0.008156621882139059,0.010416719053562673,-0.02515740943721756,0.02549888236866349,-0.03142147411461815,0.06404676154195332,-0.02839972860327611,-0.06628360352965323,0.005304696597231207,0.003470485600368889,-0.027042599737688966,-0.028535980148883366,-0.05545064842113201,-0.004651121528422064,0.0174478044682973,-0.01730687201651937,0.03532605262610611,0.05562476231159574,0.05719551081541385,-0.05726226760235176,-0.01779359366190103,-0.03311965811965811,0.007635261147397765,-0.0030238349341871196,0.031250002024614254,-0.006881153414996288
2023-01-23/2023-01-29,0.058460841962368226,0.05131103201819576,0.047267355102214914,-0.0022589527882117544,0.01507152075262086,-0.0014841621236152402,0.0735079771140541,0.03228114882319533,0.03414671092474797,0.01868556400125354,0.07016147482816426,0.0027027407499093936,0.07144687168252428,0.013772773031677898,0.0035913806863527853,0.03384615384615386,0.0012870012870012104,0.002964400524747113,-0.0030224469843824764,0.0025542784163474774,0.038791927820193584,0.040498403264002336,0.08875662518295968,0.007186945062572114,0.14698161448553715,0.14159953528668012,-0.014834223613595876,-0.029261800922046444,0.01811594136128658,-0.0353591160220994,0.0026870163106187395,-0.017841213202497763,0.0,0.025184994003696337
2023-01-30/2023-02-05,0.05872681142636882,0.011248058977967101,0.0276445707474402,-0.0021347596255923973,-0.01754725970686688,-0.00015649121625904705,-0.01830500461717499,0.006601896393186646,0.027535799857651755,-0.023402962012215367,-0.0030144348057947745,-0.007816702129702646,-0.015258868604212772,0.05444297010690735,-0.005301524188204065,0.014455782312925214,0.07326478149100257,0.021674903970160475,-0.02151822104161305,-0.01995753715498938,0.005487342582403132,0.06736531402190371,0.2292737460619647,0.0006271571432059364,0.1212815157180589,0.036091564229279616,-0.03985820890692293,0.015402947333104322,0.049822026052164015,0.002290950744558984,-0.033229697113285384,0.05504087193460494,0.08992093173099303,0.01603781104285873
2023-02-06/2023-02-12,-0.02258895085530921,-0.05590481490877708,-0.023332476721167672,0.004473128388478909,-0.006786622265307796,-0.01056254205389684,0.0013811553438216606,0.012541688218776992,-0.024326007572888386,-0.0220206741032265,-0.03779291484161529,0.03662046605183922,-0.00817465838237219,-0.0974423050137393,0.03194536975349771,0.0044006705783739,0.008742514970059956,-0.05255545634604053,-0.014944438581716457,0.025996533795493937,-0.0003543142999954396,-0.03646566966461029,-0.06637008596958871,-0.042159631232352446,-0.032653126762290374,0.0078198464562238,0.06365301971386117,-0.004085413686559347,0.05762710140249827,0.036190476190476106,-0.00454599901331354,-0.006198347107438051,0.03656691081574448,-0.010109668672076189
2023-02-13/2023-02-19,0.011740316612792956,-0.004200426795877843,-0.006464367698295392,-0.005324548504521576,0.026142431778025,-0.005693509615022019,0.03793102256601322,-0.022727279320166827,-0.005398491260753757,-0.01423842034148104,0.07640287275290492,-0.012526873124982019,0.021527812902724763,-0.0023263447449887176,0.06568966073791915,0.06300855414145623,0.05318770034429532,0.01272264655742017,-0.010854049988046621,0.022804054054053946,0.008508150694543914,0.13973799914682927,-0.007292389166889901,0.021353137979306602,0.0527426185805544,0.0057841027114462484,0.001734725994674724,-0.01526907650324294,-0.01602564128689299,0.00588235294117645,-0.012586291699510976,0.023562023562023526,0.01370265980050811,-0.0021330910418470017
2023-02-20/2023-02-26,-0.03828246682699232,-0.038065813419854266,-0.03224881842648786,-0.013690635071375357,-0.02411509020848046,-0.0073962169633832175,-0.006644492364831334,0.005813881005759081,-0.022449156621884403,-0.031239512625981458,-0.07835524442102693,-0.01273886305547789,0.006141711380361903,-0.055325794389762595,-0.02162718846549949,-0.023159960745829267,-0.06797429827527901,-0.02763815314591289,-0.020563614152748433,-0.001238645747316247,-0.0092098103898417,-0.04469986054187702,-0.014403083261346317,-0.054469685655040845,-0.010019983204628713,0.08874150057816288,-0.01471851299908955,-0.03378834198661018,-0.08794786762561224,0.02119883040935666,-0.012013563712069963,0.006431956668923489,-0.039401751908198834,-0.026695660072631244
2023-02-27/2023-03-05,0.029445734389812905,0.01497327835164608,-0.0014615646004243477,0.027728516209440057,0.04324418551174802,-0.0017626890874654633,0.03678928556370531,0.0,0.014416829846240153,0.031206644028034525,0.10101008297285508,0.010752707346727952,0.0338717784352951,0.05071239443204445,-0.02947368421052632,-0.03757283504118947,0.00882922109337203,0.03979330452629104,-0.012502306322353607,-0.011575031004547376,0.019371465933995857,-0.018716559642861674,0.08721159462813732,0.024567894756188924,-0.052631624670087085,0.025938265029183505,-0.019332421451948578,-0.014371156331080215,-0.017857142857142905,-0.003221188260558394,0.01763998612884854,-0.011436259670366655,0.03502988369742366,0.019355970026438518
2023-03-06/2023-03-12,-0.01675152351910636,-0.04394097051524459,-0.1081287048676538,-0.028228538901046818,-0.07659968270963247,0.011076369880210102,0.0,0.026589619940439402,-0.02030966679389956,-0.02656351762806386,-0.07492349470246884,-0.016489371190840485,0.053484711574571575,-0.03224775717473516,-0.018278678065586362,0.012108559498956062,-0.025776285817048272,-0.04771376499892166,-0.01564755144264407,-0.010874111250522844,-0.06967851575931294,-0.1607629810143456,-0.030985144791648045,-0.02575661293539866,-0.04059830431402134,-0.03871921504214915,-0.025089393202010535,-0.042770406970138675,-0.18545458244554924,-0.0129263913824057,0.005104923651697346,-0.01650221163661114,-0.10008675484572493,-0.04471026665812605
2023-03-13/2023-03-19,0.043770976050653054,0.09059840501681649,-0.08093816495065931,-0.03333002323368328,-0.08460897794215416,0.02246568074645361,-0.014193526871037365,-0.06531532826459252,-0.0016662811680838718,-0.018307449833438016,-0.0661158633119382,-0.055002634972934006,-0.006882328297104001,0.12126233974093603,-0.0363931762794476,-0.11509900990099009,0.03236524735417179,-0.08559495838774489,0.005078926988512533,-0.010570824524312905,-0.05866069582875344,0.17207791705138753,0.08968864890343098,0.024683043484381217,0.044543495834630686,0.12037321628967645,-0.08180155787563148,0.018024781879562468,0.06696428875533922,-0.014550745725718461,0.05603621503336087,-0.04947240961771315,0.02153648547570297,0.014661150016284763
2023-03-20/2023-03-26,0.033871131471898686,-0.008287010814695961,-0.024442834082929354,0.018432092542361334,-0.02576274879231033,0.007142842757353218,-0.01178011013410507,-0.07578309257169924,0.004270857904161929,0.02216745809554399,0.01858409339102285,0.0437817721939755,0.011961389063296135,0.03759105934877982,0.04538863598044185,-0.007226107226107281,0.05244963642865663,-0.013127827410210346,0.001771854358771252,0.011538461538461497,-0.007153519045979717,-0.05124652303476873,0.05316687853161528,0.0026579914686448713,-0.11087419500687445,0.0409718397052774,-0.029029062764469482,0.007232014307808843,-0.205020886665499,0.011443337024732436,0.01374129672041291,0.04567788898999092,-0.03241034186252645,0.010225730258717869
2023-03-27/2023-04-02,0.02901700813827013,0.05258334664764952,0.0537950749035907,0.03295187723627868,0.08768256603421953,-0.009790350451047036,0.01721849284610677,0.12244592796074238,0.03600149384348961,0.026506040550298593,0.0947002771362544,0.002302870630050524,0.046295267322613576,-0.01621778559297926,-0.014193090545466247,-0.006339516318384586,-0.0032846301959451596,0.0775013403287832,0.015394703902842144,-0.01056189269117025,0.04323100610210617,0.008759115856186162,0.02878511799488659,0.015988852588416647,0.14148684455474836,0.03726794168251657,0.07525768122417187,0.01015093310101145,0.19473681533545784,-0.021532846715328513,-0.0037015351864609913,-0.015140967629655444,0.030894333754128533,0.03866877963257109
2023-04-03/2023-04-09,-0.0014552664971361207,-0.01190825197048373,-0.026573459203950822,0.012112643343027418,-0.021966300238214886,0.01479181938820151,0.005208364633429552,0.005440489830866646,0.0008257197779648617,-0.005700874514879772,-0.021428548579059847,-0.01531728694618073,-0.020920645583626607,0.045213512374335574,0.009162003861130197,-0.000945179584120992,-0.03295454545454546,-0.026838433844536214,0.06548380078831406,-0.009393680614859123,-0.021794139108129218,-0.023154826475434986,0.01962810305587026,-0.019732720591665864,-0.0588235706606518,-0.026640679781304577,0.02492812305411718,0.017156862745097978,-0.06167396537957692,0.0029839612085043044,0.015750886502878814,0.006891676974730476,-0.016403799534655095,-0.0003191388110731497
2023-04-10/2023-04-16,0.0033401071100720436,0.004409216033719465,0.06034498704842872,0.023135196450738693,0.08068039498132462,-0.011430804935910754,0.039572501074204736,0.011337248418954893,0.011479610096100545,0.010792569947428499,0.015409633016434388,-0.0027777485829394433,0.019658236767929882,0.00415050054391064,-0.03699620634869172,-0.04470198675496684,-0.027849588719153884,-0.011031376991104236,0.004178097245681522,0.0,0.09687568774193944,0.0014815153899017108,0.024942241999201142,0.04766277132901431,0.04017853294024065,-0.010319272340106544,0.12815712012535596,-0.007469788584502757,-0.00938970695603758,0.0,-0.005872955468877783,-0.035626535626535616,0.009621527714056777,0.008086127077769234
2023-04-17/2023-04-23,-0.0011500445116895408,0.04341036831048317,0.011856358515200949,0.014355402758741809,-0.010694156181543013,-0.0014744873545421422,-0.02186780777722519,0.009554140127388644,-0.00011656562534467785,-0.01668335039891722,-0.056709319107098755,-0.033426173740383924,0.0426444478055501,-0.031780949941434544,0.0023232323232322827,0.023520673434018313,0.0009670010878761737,0.017847166167188844,-0.01899422755396707,-0.04741379310344829,0.013046840860299502,0.026627192639665953,-0.03882794937404965,-0.003334622175414803,0.07081543659047917,0.013491255525072798,-0.03814255449607795,-0.02379226182695937,0.10900470449203215,-0.04499814057270357,-0.010467970460085296,-0.013466787989080964,-0.020648018677960178,-0.0010553797827571598
2023-04-24/2023-04-30,0.028238899522584626,-0.014117447168617958,-0.019752241331518983,0.013011443268946321,-0.0399755110701383,0.006839239102630845,0.047770810041167344,0.08454254824280372,0.005780237867119675,0.004411302040863152,0.005927247050387496,-0.0023055361472552605,-0.005426366805263649,0.018309294604048842,0.043736773153280284,0.029027576197387495,0.07148895060982974,-0.00986303042059078,0.006208088252689148,0.012217194570135703,-0.016365283045897683,-0.033141212849730706,0.12884590728481005,0.009479738626736456,0.03406815312455436,0.023231057819978362,-0.08448262260491957,-0.03282746676819248,-0.03846149666121601,0.02102803738317749,0.006441454554578785,0.02047592695074707,0.007135884330162767,0.009139208807384724
2023-05-01/2023-05-07,0.022925666722437787,0.0019915288757217375,-0.05362036232160772,-0.014213918988482788,-0.005145446424473787,0.0037822479570241985,-0.03416412162399396,0.016288558180193702,-0.007230076995836443,0.004054017916833796,0.02186449150901204,0.028307337947491185,0.01283193229987023,-0.016489556012937,0.008464484567603181,0.0263281617301363,0.002366730530823924,-0.006640782175504789,-0.006231072334485499,0.019222172552525674,-0.010850738853139141,0.10283160257790525,-0.03137483127442131,-0.0010258600229616777,0.0581395735671042,0.033550675454250944,0.13280200117678453,-0.01028563394580495,-0.03999995478877316,0.006864988558352492,0.01170777440810844,0.037780187997107806,0.21578102826303747,-0.008061843362436427
2023-05-08/2023-05-14,-0.005761450543676272,0.04353585382063252,-0.022374530725867592,-0.004291758143391555,-0.018782261359057695,0.0017687711335236944,0.027608490591485513,0.025643937068106082,-0.000933670766474104,-0.018506031284240554,-0.026688993630873736,0.016853962826580027,-0.014365219874027835,0.11310031825686417,-0.02668028339822559,-0.046953733394411334,-0.007195862379131945,-0.012813450685742245,-0.01167906882634373,-0.0061403508771930015,-0.01930670948400659,-0.005405400180747089,0.004424699276199373,-0.05039888329272113,0.06410254618814104,-0.011854911186314876,0.09611822956290839,-0.02961801757833782,-0.07407411768057937,-0.0049242424242423866,-0.0009771495642341144,-0.03570806479707367,0.018543066567932476,-0.0021636261803473777
2023-05-15/2023-05-21,0.016412341466987668,0.054326117791732464,0.03765236170771291,0.02449696007098079,0.005720590566560935,-0.010516698633947774,0.01581701623765963,-0.03828544275015877,0.018574289170962377,0.011655815964985328,-0.0017137961351926245,0.07458566516968967,0.05526281758171625,0.04467701655567824,-0.009082562791002724,-0.005046863734679219,-0.008154020385050975,0.041196471663224266,-0.011630883826177496,0.0,0.03788219469857368,0.12771739676200355,0.050596668999069117,-0.04533729898041772,0.12220310587598804,0.10317565389031835,-0.012647509567432325,-0.0048760597970137765,0.034999974568684866,-0.015226494099733534,-0.01451815920751709,-0.013728323699422007,0.01898568342656448,0.01697728069457649
2023-05-22/2023-05-28,0.0015414852818964597,0.03320430632560489,0.007114767242630382,-0.029631671996319997,-0.024283567176931142,-0.012955706893918895,-0.01042334559712188,-0.017525557939298553,0.0007340291093012041,0.0003388759337266123,0.037768242041482436,-0.05043701528012379,-0.014578892172523172,0.015070033706996222,0.010886469673405896,-0.007971014492753614,0.059831011646494625,-0.012466202714038088,-0.02869547002862516,-0.01853486319505737,-0.016094196869488764,0.006024119227211244,0.06676434909716922,-0.063175305027249,0.04141104014054697,0.24571408479944123,0.022203255571112912,0.022572789685394,0.05797099134585837,0.009277155005798177,-0.020321802459820182,-0.00586080586080584,-0.018631943250390748,0.0033803787683901465
2023-05-29/2023-06-04,0.0314654873988538,0.03446839870627416,0.014129292989634834,0.027698080828935767,0.03856491732446243,0.008095505169584793,0.004551345191872835,0.02693442100647614,0.02042267279508425,0.015243863435390637,0.024813896856715756,-0.0265850860705531,0.029783913523737215,0.00048150758328358023,-0.026186579378068786,-0.025566106647187725,-0.029519500107735408,0.03128439207761469,0.024647316801142738,0.0,0.025777688446793512,0.06467065115965642,0.040337387218926324,0.002511206708313507,0.026509547768760244,0.009782851892138344,0.02255635008159751,0.02021279846765167,0.004566256707654759,0.0,0.010664960342445129,0.017870302137066973,0.03328995458774142,0.019151594995958865
2023-06-05/2023-06-11,5.522746664143874e-05,-0.006599595129369917,0.027640766146568074,0.01763383927662554,0.04274629801602359,-0.004288129158885656,0.016181272483654308,-0.02852873977024406,0.005638064089175776,0.01668335039891722,0.10895888465540438,0.029035424663977905,0.004726067799304179,-0.01957157728331327,-0.03808403361344537,-0.02298850574712641,0.027087033747779765,0.036189375449429795,0.019366920161576706,-0.02383093525179858,0.003844261921441605,-0.05399330454145268,-0.02809866982301501,-0.014580934491463249,0.07460545144610631,-0.014163309019812997,0.12418306885199448,0.01590196930598653,-0.018181771943063474,-0.03178858674837226,7.913992373254075e-05,-0.03963800904977377,0.031714124106419384,0.004500818265499973
2023-06-12/2023-06-18,0.02188339729736799,0.01668960182695045,-0.002733108881809221,0.009007095161522649,-0.0022776239979570567,-0.0021141386344214474,-0.007643379181644372,-0.016814662170036576,0.029394623153250254,0.023958039581084334,0.0494906148190728,0.01945950762865878,-9.406948587264985e-05,0.01063567746141958,0.013488485865045252,0.0023017902813298186,-0.022049286640726362,0.05649719672641362,0.02637342769455131,-0.03270382312298481,0.015956153787067606,0.02615936635201077,0.06057757545401454,0.0730208413053135,0.006675593092494658,0.10127448619574064,0.010174333871097119,0.027970230317150735,-0.03240744120244898,-0.04113924050632911,-0.0016090779431140456,0.007538635506973312,0.06172233900214641,0.02587154187419749
2023-06-19/2023-06-25,0.009517675284781646,0.03060007994783631,-0.04933201213594718,-0.00904495161442509,-0.04502997909515316,0.0,-0.008344005455750758,-0.019631425718199536,-0.01735885139582527,-0.04006410158440754,-0.02773932167503157,-0.015853688165356483,-0.023614750938719453,-0.009633392554145193,0.0,-0.0005103342689461998,-0.004531388152077764,-0.017501245293753964,0.007611138426059538,0.0,-0.0307830228454119,0.042873682578514316,0.027508702387610384,-0.035830530623473966,0.00265251737767902,-0.011313585617645172,0.07218684383580487,-0.04393416331764255,-0.06698565728602002,-0.0008250825082508628,-0.01923483028951789,-0.0013093901982791367,-0.00413603638057114,-0.013917321855902332
2023-06-26/2023-07-02,0.03905073898039757,0.007964113235244374,0.03387396309092239,0.017151379567486913,0.0004345340758591387,-0.004080384985083674,0.005760566597688088,0.028132688852583243,0.021176582532510313,0.013355579577321475,0.07917257319493376,0.03712086635519163,0.05848911444720195,-0.021579192846307937,0.0,-0.006382435537401032,0.021427778394581987,0.05987140260441337,0.00024185268428467133,0.0,0.04746125254426525,-0.1277777883741591,-0.006060943007401232,0.007761220817400272,0.04365078388938781,0.0022032916279981496,-0.018452776204358257,-0.04229749227932922,-0.061538435455061435,-0.0049545829892650994,-0.0026401157168646217,0.034088780670537444,-0.0039225192211364,0.01919367552787188
2023-07-03/2023-07-09,-0.016961462354648127,-0.004449231576703627,-0.005576999988636477,-0.00029327303083759304,-0.006515972671118142,-0.008115338750051215,0.04897348485661834,0.0060938522160158826,-0.005081643510614908,-0.002965408614717502,-0.009914043713550313,0.031428553195427034,-0.014383183161040036,-0.0018378844070434663,0.018929076302451442,0.03083247687564228,0.01076086956521749,0.012138199250969484,-0.037880673786978125,0.012380952380952381,-0.007563235964113013,-0.017834378112919103,0.012370121358124653,-0.05354722398967737,-0.013941655074608095,0.0047515450844193285,-0.015907397848194615,-0.031352428217762185,-0.03825140674774763,0.011203319502074649,0.0074009784056523475,0.0,-0.006022662324786321,-0.0068906370824100005
2023-07-10/2023-07-16,5.2570584677669174e-05,0.037756156130169805,0.020329447971256798,0.0005573553675801701,0.00021859704135196445,0.01477480831971878,0.025153425814262276,0.027315951723509313,0.023799133979993004,0.041969611637725945,0.0,0.0501133578224755,0.01856455561391135,0.04971546567442009,-0.026529507309149936,-0.0012462612163509634,-0.009355844714485473,-0.013837690968000582,0.0038931613744996874,-0.006585136406397019,0.04474553183074348,0.01815821865018341,0.06312599122361484,0.03340988536042877,-0.0077121359895410135,0.06978337054163686,-0.005878074247167242,0.02223475349202131,0.08522727395877361,-0.0016413623307345304,0.014210688631424606,-0.008150697337438895,0.04288045115662853,0.02452273711067643
2023-07-17/2023-07-23,0.006555013797037379,-0.03474898225638845,0.09859161854773535,0.013691440610612782,0.02841521560204252,-0.0030528327956824697,0.08019150377631878,0.06682079513637995,0.007175469632530795,-0.015223642217942146,-0.07009342297683385,0.07146279486529261,0.0011932839283883556,-0.04305537723494235,0.01918798665183541,-0.007237334664337403,-0.014003473729917504,0.019176883575988013,0.06455251056869771,-0.007102272727272707,0.03458621822046992,0.03821652452768376,-0.04730138852949406,0.010282551607075696,0.025906773515252945,-0.025511880206996462,0.02956397983848813,0.02973587677767342,0.06282726591189802,-0.03616933826551583,0.0013746867240713723,-0.0016435354273192093,0.055418984184052,0.006783318124731874
2023-07-24/2023-07-30,0.020266771288512286,0.017000051645132297,-0.002501566159565427,0.011713291527594594,0.007651506533886243,-0.003611801839417339,0.008864206833409716,0.017663685569729193,0.0077145284206570075,0.0347826685214736,-0.04809759160079785,0.011548826151619007,0.03679871903906262,0.10464922510788255,-0.02220327421555257,0.0012569130216188995,-0.002312011449961515,-0.02615886086386876,0.025207135623119825,-0.025274201239866456,0.012649448913115036,-0.047852688086231776,0.10609665030436877,-0.004034410002190625,-0.002525250092658138,0.05509045639608168,0.0,-0.03556160551124199,-0.19211823431511155,-0.0034115138592750727,0.00047519054955724727,-0.016279495152734635,0.019267411734745554,0.010347262796672085
2023-07-31/2023-08-06,-0.070673525030022,0.05566901321077977,-0.018808766489732953,0.0005145441154839059,-0.035857373045492746,-0.00015763807896296278,-0.011532074449419505,-0.04163564593371405,-0.012800926946947011,-0.02240900083310704,-0.01732189416823482,0.04425167180218459,-0.011626832486698158,-0.03371545822355704,0.015382468868812893,0.041928194828019016,0.003089825645552935,-0.04382650461453441,-0.03117838824590735,0.024461839530332652,-0.005672152604093705,0.045103017715482974,-0.045317707920088046,0.001749147669017459,-0.006329137991299971,-0.04427816154765929,-0.029432887417379816,-0.018293080528954397,-0.42073171629972816,0.038083012409071415,-0.01103016880418295,0.01729267385645228,-0.06107184594898796,-0.02260223535067718
2023-08-07/2023-08-13,-0.02307827280398811,-0.008311267473209427,-0.000319528852769424,0.02388644276238372,-0.013626753117362722,-0.0027585000133790727,0.026388854752895208,0.026111094156900938,-0.015678949673379683,-0.031200240273706048,-0.058184680358753016,-0.03000253104644457,0.013621026401636982,0.011318342741726495,-0.007214015802129881,-0.023855421686747036,-0.018921892189218914,-0.00492855480322818,0.028454885972157173,-0.029130850047755508,-0.010062791176119634,-0.11590624169871155,-0.02925353146041698,-0.00661711922647179,-0.011464926986511248,-0.08560869817754424,0.008136025928353385,0.02912625567382232,-0.021052644963850065,-0.013190436933223415,-0.012967568619969172,-0.009870224821787565,-0.032964638347716235,-0.00236368325414138
2023-08-14/2023-08-20,-0.017235776294819205,-0.037497307305014105,-0.06967085060723532,-0.016157411598450855,-0.05205301542471774,-0.0024499925834542413,-0.014884985585573496,0.017866827862929258,-0.020384443832798027,-0.02563262171616998,-0.014826991682615032,-0.047662779286382295,-0.024519941859697636,-0.016208707266693656,-0.02768166089965396,-0.02493211552703034,-0.04496523884278991,-0.04754833909993739,-0.007822865825853342,-0.011313330054107285,-0.03548073210128311,-0.02928870793757621,-0.06096687075891116,-0.030345052195796862,-0.07087631114852622,0.059821196287541234,0.01907562561221754,0.01720310279414261,-0.007526849008742675,-0.027151211361737704,-0.012489255695997015,-0.023260107070334102,0.022420488738570166,-0.020321943949717758
2023-08-21/2023-08-27,0.023611713368182796,0.0003002048173423866,-0.02095489402908679,0.009558642899149206,-0.023905295603081966,-0.003248325607226543,0.01565933459693314,-0.021702137399227106,0.005669054136814955,0.00910625501643958,-0.004180685903529158,-0.02977197868831616,0.0016099398052489278,0.018986377163698442,0.02530249110320293,0.011139240506329084,0.04614300810144423,-0.016640650152974668,-0.03617606304226517,0.02189054726368167,-0.012888554590145818,0.01724136277318622,0.007943465737767719,-0.05696006652523,-0.01386961221962335,0.0627959838958847,0.030237553905150927,-0.00763777185474579,0.09425780616337409,0.03177329325890943,0.008759957059853107,0.01833301833301837,-0.016334740762333433,0.007753974462614943
2023-08-28/2023-09-03,0.060746695068638834,0.036470064615695685,0.01684205283919682,0.01834630099645773,0.008486869081712811,0.0066767664222704415,-0.0045982883721725765,0.0011961788978545052,0.02980251456632943,0.020053488634350414,0.019311561459261606,-0.002364099423443622,0.020273306647973,0.044502634160237475,-0.010690361320329078,0.01827741612418632,0.03007856341189674,0.01586458167537219,-0.02769837215209292,0.007302823758519983,-0.0015640062960451395,-0.011299424374029976,0.03810867410119867,0.03561299624036818,0.0,0.054130953476857924,0.04868468487771094,-0.016492701397473275,-0.03564356273597147,0.004161464835622075,0.01449117052344806,0.03656273199703053,0.07006373737943483,0.026001971208452046
2023-09-04/2023-09-10,-0.05953769718633273,0.0007964133669293716,-0.013238980269667744,0.0019036651152484207,-0.024044206762349418,-0.0023687567954471245,-0.03152178139802064,-0.032258077881476166,-0.009208173365119143,-0.016710361115086503,0.013179529192285822,-0.028435953838384487,-0.022058737322912525,0.005307444227866442,0.018313861698768585,-0.01180231128596021,0.0013074743952929957,-0.046330006874795715,0.0004987403444451921,-0.019816336394393397,-0.02036522415419928,0.011428560529436416,0.0050948735702969206,-0.04261825027096877,-0.04219411886094804,-0.060545495427665186,0.01311250696905697,-0.042761270944677965,-0.02977409145547616,-0.0029009531703273472,-0.007810782523967941,-0.026857654431513,0.004251716816473072,-0.01282818666069685
2023-09-11/2023-09-17,-0.017790973638399876,0.01562615733828787,0.016925254082147845,0.012969823858569818,0.052229496602997694,-0.0026909089196408553,-0.005611617874904051,0.052749771696144476,-0.0012206246751650385,0.008663786301194687,0.025203119211436364,0.019512109181040405,0.033745054728959945,0.007478959391127971,-0.024186046511627923,-0.022891266484200035,-0.05680087051142546,-0.01746723254120064,0.005542903840807689,-0.03205128205128205,0.03462432968554685,-0.08898306797030897,0.008123721284661878,-0.014436437930954171,0.08076361165289203,-0.03660981327703883,0.03542241305291727,-0.005255394278842362,-0.14603178981623854,-0.015793848711554426,0.003046409803537209,-0.021527138914443467,0.005927154304579574,-0.001587973060486192
2023-09-18/2023-09-24,-0.0012569173441959736,-0.08027640374284328,-0.0416088257408509,-0.02093182731493415,-0.041910497669564006,-0.003412429949099627,-0.05191877367307185,-0.050213289558938,-0.02420618866721591,-0.015196596791041905,-0.014274280218795399,-0.02440188192741677,-0.03671310992866139,-0.05203786261910648,-0.02453836104932383,-0.01018589253883373,-0.028495616059067808,-0.046111106872558594,-0.005884059033619882,0.004075394803871646,-0.02069767300940306,-0.009302316985087988,-0.004095842636077429,-0.05620189620459792,-0.06929350810192314,-0.052164110652366036,-0.00789484265240925,-0.04050496433712403,-0.1214373704208268,-0.023226351351351315,0.0004569639384828239,-0.047386235426852163,-0.06544614015977901,-0.0288202029631921
2023-09-25/2023-10-01,-0.020481729274665406,-0.015489408660450343,-0.009406832860561765,-0.027376765240126333,0.0051320603172582135,-0.0007962929818684517,0.0029761983573204365,0.015714463839117565,-0.00960185261924662,-0.013082837860966978,-0.0008044714237560591,-0.02609114978742677,-0.006292249199329358,0.004683470678221502,-0.02168090343130158,-0.02263956779006948,0.017693860586628585,-0.008153720968337663,-0.02959502373812639,-0.004058853373921867,-0.004872058131650814,-0.007824681524634225,0.003778260259005517,0.052504206238217055,0.05839417531917279,0.045397917782489694,-0.005968157433176913,0.014683437997806248,-0.1664316332553356,0.0034587116299178433,-0.038149514159534714,-0.007303592577970752,0.03557761397170456,-0.01073139366408904
2023-10-02/2023-10-08,0.036680029561402705,0.006607900564360225,-0.04784500955398163,-0.011304572061299978,-0.013615520557176186,-0.006136469970204117,-0.04154298971032655,0.005636005616866724,-0.00729896515789652,-0.007477882827463422,-0.03381633805223749,-0.018028045812614635,0.009047776145440833,0.051352564316362814,0.0809500906433831,0.06712292708607537,0.08984830805134192,-0.01526718839686958,0.012134814747648992,0.061130922058074466,0.0005517595270969622,0.04416399467386456,0.05069783749663004,0.015582476690289448,0.0179310502677128,0.052024043300118006,-0.060040051537796346,-0.0012058149729827772,-0.20981384147770143,0.08703145196036188,-0.011954636362869198,0.07794790216742897,-0.004566272918147041,0.008569441154284707
2023-10-09/2023-10-15,0.007662512098782992,0.014301298958685482,0.026467129364563302,-0.0036091702177547536,0.0211980289321525,0.005693200943668764,-0.0618576098666227,-0.003296736832503422,0.013386718067182724,0.002397249760111686,-0.015833270577603753,-0.0010256680339510993,-0.01874949791781655,-0.001599087075556227,0.005852756956566285,0.011346817957572863,0.001927194860813719,-0.05187840283156531,-0.005011322660026352,0.01392222755640904,0.027512580277461174,-0.0694864117974413,-0.002345902469311212,0.02883330943934448,0.05149052961359013,-0.006577506688332568,0.09581259567972356,-0.03078784893383546,-0.08137047285499865,0.010701545778834642,0.04839711536669755,0.014757424829367372,-0.05024026427236772,0.004714098688094026
2023-10-16/2023-10-22,-0.033379988335104915,-0.0355959269294539,-0.016816142341451124,-0.026746677922505402,-0.04223993340939325,-0.007973210130755692,-0.03504721682546985,0.00882032060281479,-0.023486655920961885,-0.02699012310120419,-0.014394763051785886,-0.050308010026438366,-0.030169992581690508,-0.01281307451577618,-0.005852729005036084,-0.040243902439024426,-0.007266509938020915,-0.048427642928492776,-0.02454576852875312,-0.026988636363636354,-0.0341218043336885,0.001623413819731967,-0.019193533973448806,0.027624745564732933,0.05283503032463033,-0.0896152759419997,0.04987056745649987,-0.045468700961151076,-0.11421913598291777,-0.02784313725490195,0.03753441723980733,-0.01563352117796768,-0.011959532273190243,-0.023787971676760722
2023-10-23/2023-10-29,-0.026955197674558007,0.020532074238392317,-0.04332945952898548,-0.012356321316873586,-0.03629039100700848,0.0028130403413593186,0.011012305628587793,-0.002841553401425889,-0.02098007742422814,-0.004564577347475396,-0.14432979686087177,0.0,0.0025451556357225513,-0.09904131001990724,-0.0396700438116101,-0.021092757306226173,-0.04725511302475782,-0.025776625272495246,-0.04836596629983747,-0.012652068126520644,-0.05078687323022735,0.004862193290151584,-0.0386197768098715,-0.04568028035569416,-0.019583824469765254,-0.021431817066968173,-0.05428749278460743,-0.01761826881236417,-0.12105256201267445,-0.012101653892698683,-0.006497219210798821,-0.08587257617728528,-0.04027000882459553,-0.02498761116954651
2023-10-30/2023-11-05,0.05011297168702722,0.08501650556881901,0.1291218820966913,0.06059511808898188,0.10512559767614582,0.015067764153193774,-0.0020972240812657805,0.03671633661284135,0.05404717803044168,0.047266318679267005,0.060240818436824606,0.02648648749150695,0.02416567134882519,0.056724420153972055,-0.01753573083366,-0.032710280373831724,-0.0027115580160433916,0.08141111451144245,0.039422865139720153,-0.017249876786594398,0.05387279386354438,0.07258069353967156,0.060223112189570216,0.09267199264051484,0.05867656678208388,0.11123465062152249,0.02283110801376198,0.03819329318850162,0.1916166701501476,-0.03266639444671293,0.005022531740779934,0.003030303030302939,0.15813729153900513,0.05862397240605288
2023-11-06/2023-11-12,0.055193950424920146,0.03578637255884165,-0.026037904064848183,-0.003553054230051589,0.008669179263319338,-0.005369129861690802,0.040677904189389213,-0.0035944217259096245,0.0019039591905702924,-0.00808352195355666,-0.05172892975426735,-0.0036334932938087983,0.058299539452008275,0.027033124839341394,-0.00939597315436247,0.022007514761138047,0.04746799592160422,-0.01568381471651137,-0.027025182241631085,-0.009027081243731194,0.02398592408189315,-0.05714287353253367,0.04504125970438522,-0.008873550451481416,0.004717089349841386,0.07399174623794136,-0.028699132342000055,-0.056941767127698495,0.037688507433348395,-0.003799071338117299,-0.026028109532207355,0.025176233635448186,0.08020946243046456,0.013568845324879009
2023-11-13/2023-11-19,0.018990949363783427,0.011284446536203863,0.08309236872848036,0.02387607021759086,0.07794676466437145,0.007223910644570841,0.028664506862057015,0.0038196351230934678,0.030602236387010873,0.03022069156508933,0.04158220929917267,0.062311739972266356,0.04042679573829089,0.020514361693280803,0.046216948655973145,0.022584033613445298,0.011031797534068799,0.06564689359577591,0.01724965281830082,0.00809716599190291,0.043638638394949414,0.00956936889347082,0.019071128318408848,-0.0014136733213390151,-0.052816988117576846,0.01992353560015858,0.0531846926231998,0.028608984041340824,-0.24939467852825048,0.017796610169491522,0.022287536252875384,0.011001964636542239,0.05544778391094174,0.023341381371571268
2023-11-20/2023-11-26,0.001476123156250564,0.010745370547487587,-0.008338811721631312,0.010447719824259183,-0.002865915873178859,7.883146632248206e-05,0.0006332982457513125,0.011520942087081654,0.010978747393858956,0.0065919829246405826,0.012658203951508185,-0.018905481697990667,0.0003335900357499533,0.010198914714328655,0.028843461215345867,0.055469953775038494,0.04086435601198124,0.005382784466743784,0.018092024244170446,0.0431726907630523,0.004711359846138796,0.08214849718703743,0.00952123804256333,0.015855114869521625,0.017348246420944013,-0.030873460342580206,-0.044264413771850086,0.019385040257933195,0.16774187461808165,0.02497918401332222,0.009175456604912702,0.05091333074232418,0.016164604891879986,0.009799377691445565
2023-11-27/2023-12-03,0.006685188204546222,0.0019762387575099627,0.04137230994043262,-0.015468141239810662,0.044218303004917914,0.01331864173327535,0.009493696131958052,0.023615488070002355,0.006184511964426154,0.003601791084000938,0.017307735517141598,0.06232250975742759,0.021088620844888384,-0.03533547843544971,-0.0023816004354926257,-0.011192214111922172,-0.029804727646454254,0.030339098458338043,0.04687427813930056,-0.009624639076034613,0.021492814778350633,0.06131388060456833,-0.03964760262821709,0.05425490167001645,0.010962259703984678,-0.02116139711820131,0.027704166154918886,-0.05213117863165617,-0.20994473343001796,-0.0170593013809911,0.02851964800871709,-0.00591715976331364,0.03669556743484215,0.008342041666722366
2023-12-04/2023-12-10,0.023373709629983974,0.002652515764717256,0.00798137623689743,-0.011174337441145488,0.03514734688809984,-0.0020220446658381075,0.04263321718211599,0.007554081979231242,0.0022085582490547484,-0.012071743441754323,0.0406427039761843,0.04916705975294566,-0.015591969953903106,0.02373720785787925,-0.017324875520087324,0.007874015748031482,0.0008474576271186862,0.06466517661476012,-0.025003108516599926,0.005830903790087438,0.010711538313274094,-0.005502058040986357,0.02441348355467854,0.02485230518903303,-0.00963854480333115,0.015845219403537225,-0.02169618198901002,-0.004496702679399389,-0.06293705905066949,-0.004132231404958664,-0.025084348754141006,0.0022321428571427937,0.07585008551972816,0.0025126560088406524
2023-12-11/2023-12-17,0.009503960545056422,0.01729753821347546,0.08527130901439661,0.009686228497220117,0.01922685964071169,0.016832826371828258,0.010222486795821384,0.02948332068982107,0.029313268538440074,0.029722575895686942,0.09173475583223212,0.03098415149869216,0.021892450561931343,-0.017704983124875895,0.007496355938085619,0.00634765625,0.009102455546147414,0.04013013826932532,0.004792083927527058,0.007729468599033895,0.04232916244854423,0.03042873991857098,0.006521507570526053,0.04865836628539966,0.009732350499663811,0.029223648117391088,0.00470424797440927,-0.07470468447813328,0.1753731161818486,0.0024896265560165887,0.014879822157653377,0.010022271714922093,0.0025931903635925124,0.024047078017177093
2023-12-18/2023-12-24,-0.020094102946683456,0.023004580383813034,-0.005059457178851479,-8.414804851852864e-05,0.020670132664749152,0.0035254960831525572,-0.011904719872069314,-0.0010825766134318071,0.005715936203213978,-0.005452215350547185,0.027454283256491907,-0.033539290708042846,0.02807753506527355,0.06704378320726523,0.016190148122631864,0.016496846191169423,0.017411369834277268,0.00834201485225905,0.0019333397520970852,0.020134228187919545,0.01313304616605837,0.579865873704587,0.05514751077848001,-0.11114758745384057,-0.00963854480333115,-0.0012271526429440405,0.05551847437943391,0.06646631968094874,0.4444444332313424,0.0016556291390728006,0.01394901794700254,0.023153252480705655,-0.0024248549046054224,0.005079884359027176
2023-12-25/2023-12-31,-0.005526965330673872,-0.00964669368532578,0.007178913271833176,0.0005330110268904065,0.011403841112050728,7.632890369313472e-05,-0.003012056040724187,0.019605890283443728,0.008153587859355493,0.02547562084320565,-0.012955561726746168,0.0045661618919285996,0.00741973838135479,-0.012721777955571056,-0.005084745762711895,0.0,-0.027216494845360817,-0.016028927791962855,0.008233647154722634,-0.008458646616541388,0.016129185078116226,0.022089997034453912,0.001612889523742389,0.004905474004758714,0.013381952932345342,0.01417159704127502,0.01204051949477547,0.013732503698500764,-0.1934065540972295,-0.006611570247933907,0.0007531714447583937,-0.010057471264367845,-0.0022686662084826503,0.007610236088495537
2024-01-01/2024-01-07,-0.05895190820294749,-0.044096333030045565,0.022572215008750618,0.02503783038212859,0.05618200161283915,-0.002901791774562845,-0.06042296929727231,-0.03758816764852091,-0.01573703963443107,-0.013207549885864922,-0.027891683549536195,-0.024954452122183834,-0.009877634241378996,-0.02834846782772038,-0.0131516183986371,-0.01384248210023864,-0.019711742263671006,-0.013662649474536992,0.02800815154375047,-0.02180094786729858,0.012757228962546385,0.052369087982125695,-0.005678517596376942,-0.059777075825111825,0.028811497396915575,-0.008582150273966804,0.0356919461258709,0.023619214759195373,0.13351492123481856,-0.022462562396006636,-0.006472047448922269,-0.013425253991291686,-0.06480425342774432,-0.015613397898676995
2024-01-08/2024-01-14,0.02616189591589313,0.06458268568755265,-0.047342432471952134,-0.005388553408016028,-0.03147429044182981,0.006356640313304851,0.02257230950960709,0.004016079638624159,0.015361255300815557,-0.005417465928631682,-0.03291133201795016,0.002284195470230621,0.027713909178852303,0.05098356416375727,0.011048197762739909,0.027105517909002952,0.022486486486486434,-0.03249869981219167,0.007819838700805937,-0.003875968992248069,-0.012640470435346662,-0.01737758844237114,0.06404317522125003,0.02919268436678646,0.08051348408732584,0.11432469601110151,-0.012091939505545879,-0.026128191971970582,0.3509616369208912,0.019574468085106433,0.0007069605136162949,0.0051489518205223295,0.09760331283723112,0.018628554622712734
2024-01-15/2024-01-21,0.030335622478155244,0.004656585457511131,-0.01768287650680722,0.009267903752381512,-0.02090465500014138,-0.00981730095930644,-0.04094075768224015,-0.010000000000000009,0.00422570732298988,-0.030118508628109608,-0.022687655072348933,-0.06976745116193284,0.00015406412715401885,0.026147986090736097,-0.003961207485316254,-0.021677662582469392,0.05942059632057517,-0.002753261975807386,-0.004372223858869706,0.012645914396887115,0.0074533348339282934,0.03617369599023634,0.023925788279886895,-0.0312201954293454,-0.009719238700144017,0.08738810721174572,-0.0367196999978997,-0.01463414221343129,-0.17259790603446168,0.0,-0.014028353459068277,0.004390779363337094,0.030221516208147614,0.012100854051281473
2024-01-22/2024-01-28,0.004489519744577564,0.024333712298246324,0.03755433926153229,0.05016486594185299,0.04173123276088164,0.0015371374014603312,0.04918029332997742,0.03232320149739576,0.02244893434707662,0.023125168318630873,0.016964247318293824,0.09999999385770919,0.010630937004446617,0.0396911234073094,0.016524958859023497,0.043352601156069426,0.024550898203592908,0.05577030341481737,-0.01348330688268573,-0.004803073967339144,0.011567094831849145,-0.055857272913245604,0.02787855788992233,0.009530459584277562,0.03598690523014958,0.025886311840042975,0.08322736366917871,-0.02864218262577989,-0.11827954416417963,0.004173622704507496,-0.0031731159175198975,0.00910746812386165,0.00629697479452429,0.011143951100616167
2024-01-29/2024-02-04,-0.03414402468411726,0.07975114901216784,0.0011964660430066054,0.013881697426680883,0.034842781474539786,0.0029928585446643563,0.049999976829478765,0.04696676316134041,0.00780404482325614,-0.012592812344050186,0.06584734248966018,0.037727289885076676,0.04078057244649336,-0.06445890267740728,0.013018549747048969,0.0027700831024930483,-0.02259887005649719,0.0015689737437312168,-0.018119232937865437,0.0038610038610038533,0.01422105834570253,0.11585865559349173,0.2051300505758069,-0.019854123598129547,-0.013684222572728166,0.08403916476641538,-0.002345896893307331,-0.004905272691076656,-0.019512176211098575,0.006650041562759723,0.00754736965886571,0.002888086642599319,0.038919462490962564,0.013497443051540214
2024-02-05/2024-02-11,0.016141924318558765,0.015365807736235526,-0.011951063471208001,0.01947533039427385,-0.018629838945806387,-0.00573833219213471,-0.008035684074716443,0.010373837479921155,0.013098562239656442,0.021582728877002744,0.04448107915282429,0.01182655957682921,0.020067365988984953,0.0464952665888807,0.007124783593021711,0.007366482504604033,0.06597568267889176,0.028720686964242903,0.0009577199029131567,0.0028846153846153744,0.001602474921580166,0.0905744111061062,-0.014484584343502416,0.03763279084918714,0.05549631420648038,0.09028135603191267,0.0105819634365929,0.023393966560395052,0.019900477841425568,-0.0016515276630884035,-0.005732776031945219,0.010439164866810735,0.041721815484319746,0.014066226355508693
2024-02-12/2024-02-18,-0.03339886795663838,-0.02831758399440909,0.030843852060038035,0.01915354243242784,0.015928774404490254,-0.005386663829788252,0.059105865093592946,0.05540651031312627,0.004354067035619469,0.018886048556676194,-0.02996846428630917,0.012943694074577516,0.07093629800376511,-0.0569126581142706,0.012628099173553675,0.005484460694698434,-0.00018698578908005192,0.014720761266378668,-0.0013396053105007022,-0.0009587727708533222,0.022970139540964718,-0.014854845428458274,0.011130019548899028,-0.009473616203142243,0.047522679174810456,0.006654190918306879,0.02966836504463921,0.00217719406400807,-0.09024395066169877,0.0016542597187758634,-0.006175854225096478,0.011400071250445398,0.10576786930851068,-0.0035600306322910447
2024-02-19/2024-02-25,0.0011519731845774928,0.0323285420560091,-0.004986962867322364,0.027660807548100186,0.019690085110122935,0.0008510685520430883,-0.03966002214568054,-0.05600350109643293,0.01253241080961165,0.010053459093304129,0.013623715076879206,-0.057652009554662764,0.02795648854597399,0.02448044084388412,0.0005876207887176577,0.012727272727272698,-0.007854871890779824,0.007503732878826552,0.041640384131754304,-0.0028790786948176272,0.027704959335489,-0.01850585708978081,0.022627280393871407,0.02048107809763322,-0.013513455047096001,0.08543933456320252,-0.019209050882589285,0.0050687221466456656,-0.06166216320444806,-0.004128819157720898,0.01356293937576436,-0.004931313842902463,-0.0026783153176750396,0.016883434948095966
2024-02-26/2024-03-03,-0.01566941491403495,0.018458172616408364,0.012676930684722532,-0.024231858107379156,-0.005900197815487451,0.004638266084451503,0.007079635436613385,0.029709447635656305,0.004580746599730512,-0.0009332066118251658,0.025535330836699677,0.14603174603174596,0.03469640465497226,-0.04737425781754878,0.02192495921696569,0.02782764811490135,0.021489161168708693,-0.0019860481326166024,0.001730102637117703,0.004812319538017418,0.007065369298938862,0.01396653402246506,0.038846700621214536,-0.03550129580232919,0.1027397420059093,0.04392447007457756,-0.039170530478232934,-0.0421469299732572,0.042857124691917825,0.011608623548922115,0.018825747091812506,0.019469026548672552,0.03618928313933001,0.009961896873826648
2024-03-04/2024-03-10,-0.049705120694280125,-0.016103664558016484,0.04369078534703963,-0.009727080144345868,0.03435239854362382,0.00654040320725735,-0.022261292319480264,0.003155697976418459,0.008356579818321386,0.009651350672471137,-0.021686675641362507,-0.0344282312604719,0.058682677297073216,-0.012614760857000196,0.013345252538152108,-0.010043668122270755,-0.009595866396014063,0.0,-0.016037437197915172,0.014367816091954033,0.015813220853663434,-0.03305788435109824,0.007266666418912715,-0.023220628418682443,-0.01774629590202692,0.06379523802810327,-0.11390878387061687,0.023693022617542914,-0.02739727816990678,-0.0008196721311475308,0.048741481417753585,0.0010416666666666075,-0.02875480520987006,-0.0022060273157548105
2024-03-11/2024-03-17,0.01107015836308367,-0.005303723422862561,-0.005337133361229762,0.01235274975002687,0.001738985245510527,-0.010473168280381917,0.0155782170180232,-0.009527279953584489,-0.007844368062093432,-0.0030835175201997522,-0.009852174553602766,0.015204989392968438,0.005536894391433789,0.04261111262531836,0.000945179584120881,-0.0004411116012351668,0.011552077510713632,-0.021890573418260062,-0.00840033428572573,0.0037771482530688516,0.011050867257746733,0.13247860838539194,-0.04318620393076922,0.0048406983300974815,0.048780485703671994,0.003577314200731596,-0.01623825869552764,0.026451129341880097,0.07887325658926292,-0.00656275635767023,-0.006476193382626505,-0.013180714533472027,-0.03341800959849606,-0.0008078254823520314
2024-03-18/2024-03-24,-0.001969652692796142,0.025513111999530436,0.04631452344253151,0.008502195817970959,0.05571937225462076,0.006257706607819324,-0.0035398177183066926,0.022686026036590423,0.023254084367589467,0.00278367871307017,0.07048085039980934,0.009244654240945227,0.03706562641835087,0.06792767767963204,-0.011898016997167193,0.003971756398940762,-0.011604347025234829,0.034079353077011376,-0.018649621280960038,0.0,0.03321065411365787,0.05220125431567624,0.052633824692355446,-0.05800884674860496,0.05512492353560683,0.0734541949052705,0.010316348820241572,-0.020758755559412423,-0.10704957064734821,-0.002477291494632494,0.00124613931938522,0.03796133567662574,0.054686521346107186,0.01951012117837636
2024-03-25/2024-03-31,-0.004643623249263373,0.008441939994663139,0.02348185404457115,0.02167148391128282,0.03978963318620776,7.673325785750862e-05,0.006512731851541886,-0.03283049732416077,0.004454243882086484,0.005243738224680827,0.028659966341881615,0.02919995829138977,0.0021694629194790593,0.001061129036419306,0.015800203873598262,0.02285714285714291,0.026276556093924652,0.03344812138355491,0.019068553372715957,0.00470366886171214,0.01871634704228642,-0.11835024485431989,-0.04709769532534336,0.0012784477907148428,-0.026122424067283156,-0.04171216514710108,0.03539826595921469,0.014254371661061693,-0.11695904312820038,0.005794701986755024,0.025323162754821382,-0.01760921097189294,-0.04038396307612835,0.006398256081617815
2024-04-01/2024-04-07,-0.01107996752160012,0.026000678093191176,-0.02136066159508232,-0.00451820114649204,-0.025933014508263574,-0.005911170321993731,-0.03235295314924269,0.008532112891521004,-0.011004755194323979,0.004602685645185289,0.0,-0.04391759466265721,0.11572905069768336,0.01040218571716589,-0.025652282990466624,-0.0012892135797163418,-0.04339930996913022,-0.04236075106867354,-0.0366647022798442,-0.022471910112359605,-0.01422863482076231,0.0650847483489474,0.08600026733463784,-0.05469251070149561,0.004191050778000083,-0.025986078102486876,0.01840901973066078,-0.03927928647757506,-0.09271524433587486,-0.016460905349794275,0.04673418176730393,-0.005170630816959676,0.002208154345459956,-0.008758148051952852
2024-04-08/2024-04-14,0.041101538832207574,0.005727549125433162,-0.03556991573524437,-0.03669195339621234,-0.031168822244782346,-0.007568236502853987,0.008510600576908889,-0.02392429042224009,-0.007466840385814688,-0.012828404462752796,-0.05045183523013674,0.0026422836697661545,-0.010684607730204854,0.03429505567354396,-0.0019311232700354175,-0.04475043029259895,-0.003986332574031914,-0.02882703277899834,-0.031957577442655705,-0.01819923371647514,-0.06884673039449263,-0.11203056808454548,-0.029278943644709843,0.03556962510096651,-0.05759596049654747,0.0020225176230002084,0.014848301266047859,-0.030007441728275963,0.14233577108104556,-0.02175732217573223,0.030107047689025057,-0.04158004158004158,-0.024365018060979016,-0.014522851770097711
2024-04-15/2024-04-21,-0.0654205785821187,-0.061784772461809134,0.032970039698238196,0.004513159655226806,-0.009048234176146974,-0.0028013432864353316,-0.022905306577526985,-0.024697124422267125,-0.03153068442136575,-0.022277206687900897,-0.03727194698194547,0.005878768686982783,-0.04078518339282233,-0.023077469771806025,-0.001999355046759077,0.0108108108108107,-0.002096436058700246,0.04708281094369049,0.002643836167729674,0.013658536585365866,0.016467016052411854,-0.04731181766567183,-0.0602266114724449,0.027499958395033275,-0.07174494440686907,-0.13591723627790664,0.04770989593244046,0.0054137706685633,-0.07987220155250863,0.022241231822070162,-0.001905184876468513,0.006869125090383177,-0.08076516909730314,-0.030815371488579713
2024-04-22/2024-04-28,0.02606062451053215,0.028574644075189726,0.023262110775088107,-0.00735652356949601,0.059519830853346,-0.001248505972181957,-0.0018507447576208147,0.010797871351569288,0.021076495508385085,0.03227843475005665,0.05354192304959904,0.00370815121849577,0.09651504819658263,0.11590647394356135,-0.006203955021326091,0.024955436720142554,0.01948051948051943,0.0004887697619413434,-0.011966764772737837,0.015399422521655382,0.04138863119861114,-0.057185871411836287,-0.07853323110508104,-0.004337166360649403,0.05438937723244419,0.1513779622974678,0.03521544674831589,-0.0230768752932905,-0.06249999310131449,0.01589958158995808,-0.024120418598287174,-0.0028725314183123407,-0.0021675419523004003,0.026609493097787595
2024-04-29/2024-05-05,0.08316587885042415,0.036688630307445624,-0.015331758554708474,-0.0030589678379946417,-0.01819345340165246,0.009141384622767035,0.047775076194451316,-0.0037814476318295265,0.004493817330866401,0.030042905405444964,-0.028146871210349755,0.03228671509922232,0.010840666845975067,-0.027391803130204284,0.02275978670828449,0.003043478260869481,-0.026227051330086182,-0.0004885309827691309,0.02141776399450457,0.0028436018957345155,-0.015401289950058072,0.020750218230067174,0.019558181267799846,-0.020930708496973427,0.057013584033162035,0.012013431119846318,-0.011074957326836943,0.09488182996058847,0.14814811762359437,0.0049423393739702615,-0.01613687340862091,0.01764494058336341,0.002606810966262474,0.005928852451273503
2024-05-06/2024-05-12,-0.0017994662396316752,0.006820197453853094,0.03221483228741073,0.02788932275291134,0.04164317703386344,0.0012388019322757682,0.018108824098194365,0.022015560403224166,0.01965800781194682,0.00029768263942542283,-0.03539831639170743,0.06940008850479473,-0.004448213884982066,0.008431090011841835,0.017611902339776275,-0.016471608149111416,0.018468641785301942,0.008308899506401346,0.0042875744699824025,0.001890359168241984,0.04335736740974028,-0.057075804879874736,0.053633117366971295,-0.013130802783951734,0.006849308357518069,0.012264977418562806,0.03956182589111057,0.0071916428269269694,-0.06451616872733801,0.0,0.030453596653380544,-0.005661712668082131,-0.0323559928433792,0.01863894903006713
2024-05-13/2024-05-19,0.03866440159442974,-0.014828242173298256,0.021846537492165474,0.011867527710968995,0.008499966881339693,0.0037116896099120833,0.055972750248799,0.00937792167919782,0.015801916746178257,0.030645604302061313,0.03662632083451456,0.018552174790860576,-0.021361184908797903,0.04393717267978636,-0.00018744142455484614,0.024680475980608296,0.02058934642992072,0.017450345370648268,0.03155226330174776,0.0018867924528302993,0.030286158679492914,0.05389714725656147,-0.009008796538320984,0.013635346753298805,-0.008503433632946034,0.02893926166581573,-0.12060888519426849,0.03791194569550793,0.45517242815680725,-0.004918032786885296,0.018635447011736916,0.014946619217081958,-0.019704429570345128,0.016606200713488617
2024-05-20/2024-05-26,0.0005793669958471526,-0.021386015232848554,0.010435108089663192,-0.02285700274258562,-0.007647879749238196,-0.0027735023257897673,0.034381261705552335,-0.0005519046922917159,0.002491155054111127,-0.015588941254101596,-0.009771957285359623,-0.022678565160928033,0.046532037319297226,-0.006077539667621479,0.0,-0.01677419354838705,0.04756616694429017,-0.034302016255626566,-0.04959915425953665,-0.007532956685499026,-0.019922783538712463,-0.022816676709885186,0.013371141401747888,-0.004664833918524236,0.006003404437415538,0.1512775466351557,-0.01331569201620364,0.008379871408959572,-0.17061610374771408,-0.014827018121911006,-0.03146656465677933,0.0007012622720896644,-0.021470931506460955,8.219618062588196e-05
2024-05-27/2024-06-02,0.011948592819767567,-0.02384507639609268,0.0073048407558804485,0.017157139421083656,-0.01997486061378828,0.001467880391089027,-0.07431671631064629,0.0032213388790218733,-0.018592388767444845,-0.03225802121240262,-0.002467057329151867,0.016261615920924788,-0.013088026825882726,-0.014229452681180144,0.006624171978502735,0.0017497812773403787,-0.02544169611307423,-0.011840146309727406,0.006025744711249059,0.005692599620493288,0.009565999980363005,0.03623186847833049,-0.023817443434043795,0.03596735586758237,0.012787773065504604,0.02971766444810031,0.0492578338494849,-0.007617690661279042,-0.10000001816522508,0.012541806020066826,-0.0019999864366319065,-0.005606166783461819,0.004668462688925734,-0.0043350805867945486
2024-06-03/2024-06-09,0.024135268618041383,0.044547724447928205,-0.00525128499221561,-0.00164090899082181,-0.008505881275973848,0.0033942947221519137,0.036487048856236104,-0.002293577981651418,0.02918195964477155,0.018787846420750487,0.0016487994792599991,0.025170802505188883,-0.019498549829302436,0.01136235514410977,0.021231686118698745,-0.0021834061135370675,0.13306744017403926,-0.004992530106921023,0.0027954882071417053,-0.0018867924528301883,-0.013226018326909283,0.06993011501223445,0.0559732280007339,0.01578117563791226,0.000841770099789807,0.10266066322168821,-0.06495175841064693,-0.002791363995317986,0.06349210514072845,0.002477291494632494,-0.008684021027569155,-0.016913319238900604,0.0735749718033829,0.012752281926541542
2024-06-10/2024-06-16,0.07923211359064175,-0.003472595654101518,-0.007575182048682683,-0.01977180859432892,-0.03965675787031031,0.009840844985164798,-0.009402310481882559,-0.01618392768947563,0.01162853756310489,0.005651470774618472,-0.03621404071348633,0.051560857109592684,-0.03730233715558673,0.013355467945235455,0.05227963525835877,0.01969365426695835,0.053279999999999994,-0.024586039318369335,-0.01047061113179315,0.06994328922495274,-0.030857787465278563,-0.06027602394976017,0.022719963111114128,-0.028949226707954412,-0.010933566920704463,0.0909270990912101,-0.06533701280256499,-0.03673893860263533,-0.1920398277161285,0.056836902800659006,0.008490563063010548,0.09139784946236551,0.010820949739118957,0.016666599685372097
2024-06-17/2024-06-23,-0.02353048625924281,0.029511042474532623,0.006371118227083361,0.010060626538191952,0.011124228144519854,-0.00121814735191772,0.004237288135593209,-0.007010001074632899,0.008170590891776852,0.01212658476068551,0.01110163049146129,-0.009339559925155005,0.05363099896093626,0.01723046778225723,0.010976314269208531,0.03905579399141623,0.008962479112866406,0.014917644043818346,0.022055801206869452,0.007067137809187329,0.013004473676034412,-0.05718700116806685,-0.017630869143997252,0.04058254592409538,0.04166664639297846,-0.0401850259286044,0.03679176144494534,0.007627990766811088,-0.14285712607891754,0.02104442712392829,0.00017815174463975403,0.011165845648604344,0.002141043835370615,0.005611523028942633
2024-06-24/2024-06-30,0.015084964219792107,0.022054147073000685,0.007090454675088287,-0.006884447433802565,0.057842895573705366,-0.0009909663876297437,-0.0014064697609000865,-0.011577520258577834,0.007271406527646684,0.00263004527695454,0.05912168898833281,-0.02323233559921123,-0.03208735316373945,0.014028746745023746,0.005885714285714272,0.018587360594795488,0.006624510689551277,-0.0035478812188702857,-0.017411694397351463,-0.0061403508771930015,0.030361724526791978,-0.01639342724524051,0.019079184925969717,-0.22442884456040435,0.05224492598553088,-0.02393933257415448,0.02838887050378025,0.00865181985554453,-0.15660921646748893,-0.0007633587786259888,0.00017818797104784956,0.012341669373173048,0.035180191609621936,-0.0032883509348164974
2024-07-01/2024-07-07,0.07463679599328521,0.03492884864165591,0.016092496785879096,0.010742442885690595,0.008982026028937495,0.006485625815273011,-0.034366197183098635,0.027521182086057028,0.009131297937736926,0.01719615648419004,0.023923448347181964,0.047569829440378575,0.00962464817306552,0.04639048901507947,-0.009089359768221339,-0.0020275750202757292,0.006132216571941296,-0.025941008791460773,0.0021892893944319702,-0.0044130626654897975,0.01250857425575913,0.019166628519694084,0.07078249681839144,0.0007960073928841016,-0.0054306164960497005,0.018536535892785144,0.01656312875908572,0.0025017233353044066,0.2487223282131148,-0.005347593582887722,0.024936503816565647,-0.008982996470965676,-0.022289525863783854,0.023037274031954658
2024-07-08/2024-07-14,0.0185561674555752,-0.02754997253417968,0.029200674692219986,0.032273727607337266,0.0076526576491593445,0.003866230707886942,-0.0040840140023337135,0.019462450828765077,0.01502432778168905,0.022922613240212497,0.09267902834564024,0.0026324333641303266,-0.009283570167128552,-0.029013680136375175,-0.00934472281144294,-0.000812677773262882,-0.032555373866508086,0.005744157312939091,0.02321140391518406,-0.021276595744680882,0.006277607074685054,0.031071147069841487,-0.07601260926685538,-0.026647233488350852,0.04602185387150115,0.027100085790124462,0.024439999487212205,0.03101608592155536,0.1773533702954777,-0.006144393241167445,0.009862294349912482,0.008416963418582002,0.01927952144175582,0.00923819121387881
2024-07-15/2024-07-21,-0.027023507597142116,-0.05840917419661873,0.03149796862763443,0.023631134486861827,0.009609403478656464,-0.0007551038068962512,0.010544815465729274,0.015454517711292581,-0.02094128338495227,-0.03865549127796741,-0.0035638160126892915,0.0,0.0024486575002635735,-0.040038982349419716,-0.004745370370370372,0.037006913379422635,-0.009680393362015982,-0.007788142094896644,0.03209241702853238,0.004528985507246341,0.023616710567947674,-0.1213322580989149,-0.04425995002276284,-0.00980662764620055,0.004474304272887641,-0.08751163863062983,-0.009940407470787171,0.036307013921340614,-0.09038241013498305,-0.0023183925811437467,-0.0021941566007063207,-0.013483146067415741,-0.07068897866919044,-0.019434457408773587
2024-07-22/2024-07-28,-0.02830899350096172,-0.0034402056791056346,-0.028671468074239592,0.007342284697317458,0.0006140896197439627,0.002947395465999536,0.006956521739130528,0.0031334477446567366,-0.011888574953324738,-0.007575708736746067,-0.19957080972447416,0.009550445603333513,0.06711477759959616,-0.06000222999323679,-0.013257355506454238,-0.018039215686274535,-0.042513576415826204,-0.0010465963958598001,0.03846399304940862,0.01352569882777277,0.011726621292894368,0.049639006725813895,-0.02325970434057223,-0.0019257409456748809,-0.07869342231650245,-0.04129567942509493,-0.03145907912559798,0.026693394055471886,-0.0025477683018455544,-0.004647560030983766,-0.00862329178268817,0.006833712984054774,-0.043232746074335804,-0.008363849709391635
2024-07-29/2024-08-04,0.008717213096349985,-0.08000003344392126,-0.0981520274680765,-0.02124941331793906,-0.09849645444525645,0.020872495467837426,0.0017271157167531026,-0.002231146748693291,-0.024341475103409005,-0.01996477621134274,-0.10366402286290188,0.014271295263074357,-0.056121455165274226,-0.0020358148058858827,0.013140836770771935,-0.007587859424920129,0.05055906660184739,-0.0885280524122215,0.021787746147456488,-0.003558718861209953,-0.06172262687958818,-0.034393857976657394,0.048185456699358475,0.01998350577886887,-0.12006444717474174,-0.051211834312497984,-0.06081552847092664,0.0029072695847931485,-0.23499363608128765,-0.003112840466926059,0.01726613033168367,-0.012928248222365823,-0.08400620682032311,-0.020826251526386397
2024-08-05/2024-08-11,-0.016464980137406937,-0.005717638415579596,0.01862696317233703,0.007727211199373141,-0.015656885064521675,-0.005388217822261732,0.020747112405711254,-0.024865888486643395,0.0022988113182222936,0.008987394471569043,0.0069791887905459316,-0.0064102675156466615,0.04273774685537424,-0.017940812848144194,-0.04775199208980396,-0.006036217303822977,-0.07943853154403824,0.004597696865513701,-0.021445152116430166,0.02499999999999991,0.033443856355613644,0.03739983022388493,0.06069981882286912,0.004458751655692206,0.13553109266448038,-0.023492022753577868,0.04562181213714145,-0.06178121328190389,0.013355660033402383,0.014051522248243575,0.0015391219313622972,-0.034708578912901134,0.1618918285358617,-0.00018373353309364404
2024-08-12/2024-08-18,0.045366176399344704,0.06062055210966877,0.027690643034735896,0.02974493464564021,0.07176333688076131,-0.00022262544932749595,0.01233040071791991,0.05980558129906721,0.039986469911015954,0.03028504894659756,0.05680262921424983,0.03874192259081344,0.013701839309206987,-0.004337931550122409,0.03115074517468841,0.009311740890688203,0.024296246648793485,0.011441691543309096,-0.007657706944985576,-0.0034843205574912606,0.039698761686631556,0.21115880847190271,0.0186375473121414,0.11958593197373935,0.13629036984260212,0.1893078447678529,0.06685426419997498,-0.008756550434615096,-0.03789127060445119,-0.003079291762894565,0.023264801224402776,0.014246947082767969,0.05106507080899525,0.04007600479989404
2024-08-19/2024-08-25,0.004656308294764155,-0.00011298019166816609,0.010930424232717062,0.019954545279788682,0.012052088721163923,0.007200127760643715,0.03503893214682985,-0.0012116962830110989,0.016856693065879114,0.015850121756998847,0.07231215863799645,-0.001521714764394777,0.01062450581172647,0.016322980911700924,0.03494846582158506,0.03650220617729638,0.05005725503026337,0.037895931262953875,0.029738324601485733,0.005244755244755206,0.02028311694474705,-0.29340889371951717,0.0010996915739582835,0.009852086820745898,0.023420860193918758,0.03844919415318526,-0.05013195090830547,0.021201454058827673,0.17808218059586345,-0.0007722007722007485,0.012431670118369986,0.04147157190635453,0.03137148955453939,0.014152394712741989
2024-08-26/2024-09-01,0.00952218500822366,0.008246762139826336,0.024641578061322278,0.049715488778001804,0.008046353237508352,-0.0002948525624734133,-0.00591080064481464,0.001733075785075533,-0.005379968207413044,-0.011914841672207466,-0.00709861128372391,0.004603126485568154,0.019857494755840976,-0.013524911150353591,0.01041666666666674,0.01393188854489158,-0.00794516279794355,0.01907358987431773,0.010540469594218171,0.04434782608695653,0.02972843845804607,-0.046138417836177115,-0.012670312143732487,-0.008685312525631206,0.03814148320561017,-0.07729763882222218,0.08629996538480555,0.0038062556236773126,-0.08284886078198794,0.006955177743431129,-0.00486220249165481,0.007707129094412402,-0.015747049128986057,0.0026710285064650563
2024-09-02/2024-09-08,-0.035720501244359104,-0.03983193619244574,-0.04883431776680636,-0.03466969140709486,-0.05667303479615993,0.008993743277527333,-0.02086485166807428,-0.00951555786021352,-0.029936309215339407,-0.0304335721379696,-0.054512858105169926,-0.030650144931438694,-0.0766807855204058,-0.07626402487743944,0.015463917525773141,0.04656488549618332,-0.0483668341708543,-0.005882385340302609,-0.0014007599293144324,-0.00915903413821817,-0.05489326053030552,-0.04311249606145551,-0.04036000640853776,-0.03228521658678929,-0.0848363684108161,-0.1385608306604169,-0.03151669845770955,-0.015511954524832006,-0.0855784416402322,0.03069838833461236,0.0035195483534804506,0.031548757170172026,-0.0485436285476869,-0.04130950513557352
2024-09-09/2024-09-15,0.0076079729071243385,0.08810319246916132,0.0036630981658312134,-0.025706385727642167,-0.02403117012226308,0.003799256893490144,-0.025615559119290365,0.011353738443299566,0.03695898409457099,0.02280131617785197,0.010396865408486056,-0.013478120065912202,0.10574949717959181,0.043334375941971315,0.00965024822892846,-0.015317286652078765,0.05693069306930698,0.037116757847985404,0.00693511787202028,0.001680672268907557,-0.03831305168767252,0.07692305273860667,0.04867378883542273,-0.015720805599936938,0.07591240703154534,0.15822230427724682,-0.014915243945578305,0.024860011870073695,0.008665544350111798,0.0014892032762472418,0.026118178804726,0.007723200494284876,0.041678664121342246,0.04012962978536683
2024-09-16/2024-09-22,0.025617931398587146,0.02740093549162803,0.04191461595620494,0.017202503203728847,0.07750997817078065,-0.0044399200310173415,-0.005665722379603388,-0.011226278216735164,0.011309180401345431,0.017371119230380927,0.017773730000258503,-0.012464347947960253,0.05132370431671074,0.04030901238188678,0.00348066298342542,0.020370370370370372,0.013583138173302034,0.026452293087058543,-0.00821648346328041,0.019295302013422777,0.03313425039677864,0.015306083225598899,0.07001243901554965,0.0950512500230507,-0.0074626633911338836,-0.025945230039676415,-0.008947057763200261,0.005124677432856828,-0.010309268214748757,0.018587360594795488,0.014435627900789783,0.0012262415695891704,0.020143474294320507,0.014151140818684294
2024-09-23/2024-09-29,-0.001796654220172722,-0.018945745131403124,-0.021604110670641608,0.004744028625972341,-0.004345043134882043,0.001974004056664702,0.07407407407407418,-0.003406108206536529,0.010684245451343388,0.06146840879139015,-0.009191264988790415,0.1130052563974826,-0.01093726113276483,0.0022006280651889476,0.03435555800253254,-0.006170598911070746,0.031423290203327126,0.05305705853892673,-0.016812998781757682,-0.0024691358024691024,-0.0027949962746054435,0.006030193041896226,0.011670641911446067,0.033749448938123594,-0.05194806718638767,0.04655178900586354,0.012500017831694521,-0.011216873669029459,0.0,-0.00948905109489051,0.01367526940278907,0.00520514390691984,0.024479273719636208,0.0028631922629911433
2024-09-30/2024-10-06,-0.004346085736497862,-0.007767232560438875,0.018020242348173232,0.009836710577725949,0.012445472487181197,-0.009996427183289969,-0.0283819628647215,-0.0070983923780670866,-0.006937888537813408,-0.0032171296069501976,-0.019480502594796945,0.013254755435520016,0.010664940684642854,0.018969231928918973,-0.003246926065896605,-0.005843681519357213,-0.008363201911589013,-0.006238055046227542,-0.006877332259125457,0.0033003300330032292,0.0034204600811311714,0.001997952410795145,0.05037373491812236,-0.08038908225961072,-0.04614277927926291,0.028995015726496876,0.04183813858598984,-0.0175317842952043,-0.008680588324311511,0.004421518054531948,0.0016814919710415044,0.023149558330795017,-0.019405956708952177,0.005540518549139728
2024-10-07/2024-10-13,0.0033068794650583655,0.012385463972002464,0.04587387856084724,-0.0038097923262860878,0.04948912118891413,-0.0036851417083636484,0.034671034671034606,-0.0014122123371548279,0.018608330197521727,-0.008337852897969511,0.01419119887596354,0.0174418916084238,0.02180893593440736,-0.022866041978578666,0.005820783936772322,-0.0007347538574578039,0.027108433734939652,0.016900067452544576,0.007299388445436872,-0.00164473684210531,0.0588589030015898,0.10568299579632146,-0.010051340650257479,-0.00121583896664601,0.03628121787746541,0.07909061025069897,-0.02962472713070652,0.02029390912308937,0.1225919097353112,0.0,0.0007026572189570146,0.01041976778803222,0.16235861277309382,0.01150666240054754
2024-10-14/2024-10-20,0.03274001485466749,0.0009003186227687365,0.008819957595513683,0.009973699882912301,-0.04396105859148425,0.0005178822903670888,0.0395778364116095,0.03765248505578689,0.007882678225785256,-0.007323039478858706,0.03544770517368945,0.02285711277245439,0.007585217365024377,0.0011026731612366891,0.016724183700557393,0.05220588235294121,0.02815249266862163,0.07169991771955009,0.02266810768380001,-0.0032948929159802853,0.013855791824341823,0.00450858341270588,-0.022849463618111132,0.009373104502372165,0.05397518373881649,0.023738900956389086,-0.039348734249190054,0.002057603737909197,0.2074882925688386,0.005135730007336692,0.02172898261602807,-0.003241013553329397,-0.08315952027241724,0.008728891271499561
2024-10-21/2024-10-27,-0.015276552300911406,-0.006137910092559595,-0.010160648980658493,-0.023214239050603935,-0.01734291817165845,-0.004731973306088211,0.030456852791878264,-0.009965912723496895,-0.0026123897470542445,-0.018852422280751346,-0.0027027375362835837,-0.013128442985576028,-0.07014171474893827,0.011320541656271166,-0.0016710182767624149,0.024109014675052443,0.01968054763262983,-0.0013291439832741059,-0.02567822186650659,0.014049586776859524,-0.013577688627006479,-0.011669668800220356,-0.005585724349155163,-0.049083448076299385,0.03391001921010295,0.025652123191142184,-0.026129899551105562,-0.026351803776119453,0.02596902061587647,0.016058394160583855,0.008094364810603105,0.008572273130357688,-0.019454280498782728,-0.009490866926404884
2024-10-28/2024-11-03,-0.03673135534386751,0.053771978631034,-0.0031034392766242647,-0.004118841164213238,0.031573860561370015,-0.007206011561584735,-0.017733990147783207,-0.03639338582778473,-0.014599885686135794,-0.006683421873756812,-0.07678401653630385,-0.02320975617558363,-0.041317732009137464,0.03642514245656803,0.017627366879380713,0.0180825656772432,-0.013146853146853155,0.02706294047143154,-0.00466188320348182,0.008149959250203676,0.0028339124860834453,-0.0027248579493039937,-0.010623622337887384,-0.01001901766537372,-0.04016060539809041,-0.0433799307970415,-0.04931119502574055,-0.012653788633792296,0.017504085031096128,0.012931034482758674,0.0019694315648826066,0.017291910902696328,-0.05629995609314076,-0.0137526510677205
2024-11-04/2024-11-10,0.018168829010644094,0.051785986860465316,0.08069930907556411,0.024925882798572552,0.07722487922088117,0.002169958750802614,-0.028786371320994264,0.008839266640799481,0.04156073031887253,-0.00280343367688074,0.07338551442641239,-0.00028976091022803185,0.07635406043440995,0.041216786871444366,0.007967103572346534,0.056635388739946446,0.013463718820861725,0.05615555791925808,-0.029101372754651744,0.010509296685529579,0.06297660387223725,0.004553751622896618,0.039107213248234185,-0.027927239033966655,0.06206411298313852,0.0903249568379807,0.04347837668421617,-0.048771834665253366,0.03960392300071258,0.026950354609929006,-0.021092371308791713,0.03399596658023629,-0.016518758832391178,0.04764360372398757
2024-11-11/2024-11-17,-0.0075452433602632984,-0.026755655016783342,0.035896297808614364,0.014824874437101565,0.010778899381162832,-0.006794507974947961,0.002272035768631664,-0.0046021475608253315,-0.018840518537313833,-0.0368288272288525,0.017282795319457644,-0.004347815869157556,-0.04263841042778005,-0.032856798041210555,0.003008669046404844,0.02917856010149067,0.01789959446231304,0.0016359512037047441,-0.009455192876694274,0.007200000000000095,0.03515065087050129,-0.10788754389776822,-0.05982971538557613,0.010279489993065383,-0.0768220064206141,-0.038271365921632716,0.03143273262175739,-0.05743985302189791,0.11428572401708537,-0.014502762430939176,-0.04552654164323078,0.013374198941209281,0.01679621139776888,-0.0208201559783171
2024-11-18/2024-11-24,0.021644422743055447,-0.02709641911369487,0.005347637899584701,0.013375028836541736,0.015706721467524387,0.0022553228245529855,0.01494075218959301,-0.004178902957250208,0.013534763843521258,0.0058377341721511655,0.01544051523704737,-0.01659394743172149,0.023851320580517754,-0.04481424919079746,0.00935482230921747,-0.027734976887519247,0.0020607226267344014,-0.012658206159232965,0.0075973251854135615,0.007148530579825341,0.013207800684167603,0.0823170176201018,0.009132341057445315,0.009652938354435037,-0.010668603679080069,-0.00021130333098318133,0.05598860764524671,0.03427420998463204,0.22756412313769858,0.010511562718990897,0.05409011859112933,-0.01292273852075887,-0.023754237048048243,0.01665731626807898
2024-11-25/2024-12-01,0.03245315557632522,0.054636792508330645,0.010850993310731916,0.01353417460252615,0.014748087953901923,0.00997589633363316,0.04060913705583746,-0.007589272090366861,0.012704481834966641,0.004062663765755037,-0.004472288852417572,-0.023090576714921096,0.005575515182951962,0.02543097813237405,0.019896237344481982,0.033914421553090435,0.006854949273375377,0.01530185803205164,-0.0010310980847665352,0.0007886435331230235,0.004707293222165454,0.08450709900859055,0.02714876069623995,0.01770018118670147,-0.09920921132847171,-0.026065463695983948,-0.04161073594183684,0.021832338178197297,0.21758050912099436,0.0034674063800277377,-0.01539044112806931,0.03064066852367686,0.006292783314212791,0.010923117203655242
2024-12-02/2024-12-08,0.02321659488612937,0.09206791786926849,-0.01599660701765382,-0.02592022959388851,0.018061220963598856,0.003490540230283612,0.039024390243902474,0.01691405512918731,0.009979829345204694,0.015028915627051331,-0.05570529013334391,0.04545458944891445,-0.03612213191442193,0.03409299694601042,-0.0008889766890557427,0.00797057020232983,0.04234749455337683,0.039511252580359146,-0.029043036069519412,0.010244286840031425,-0.009450628877008205,-0.04675324267840297,0.08610184453963621,0.0015234452272328003,-0.03990423069876925,0.030307422032979314,-0.029411758359456308,-0.01831360392990966,0.15010724916558615,0.007601935038009655,-0.0076791188706855085,0.009459459459459474,-0.08157313537054567,0.009702732466300157
2024-12-09/2024-12-15,0.021783926143538856,0.00189405777598739,-0.01766745542971837,-0.026780034226388194,-0.01580040700677654,-0.008658956566203191,0.03234737199237081,0.018402210506222483,-0.006102192367140713,-0.0002846902573259147,-0.01141768629360429,0.02608696642990771,-0.054505120300624266,0.08648614004334121,0.0030647553138902772,-0.038929440389294356,-0.0257348138471587,-0.009796238068794594,-0.018016224535471026,0.003900156006240163,-0.029996730468112243,-0.00817440061007435,-0.0054828763061969266,-0.015790510685464,-0.007481309608114328,-0.05743298510172956,-0.018037485796708275,-0.00582975597352986,-0.11746428374140006,-0.005486968449931462,0.00738502112866013,-0.003212851405622441,-0.0932061790595562,-0.005744264364358931
2024-12-16/2024-12-22,0.025631727260696513,-0.011166835795081487,-0.03284431924983022,-0.01026420998493316,-0.02563018786188187,-0.0028368020356899226,-0.022238348499460492,-0.01998091425212778,-0.01636202190885694,-0.02164631509594439,-0.049085679694860995,-0.0223164333128405,0.01421606739499004,0.009532019781739676,-0.022176227084565348,-0.015822784810126556,0.021185304371145186,-0.005144482222409041,-0.014663715510056963,-0.030303030303030276,-0.009752419359529751,0.016483544314852328,-0.05658087707478676,-0.0040129133798543215,-0.13065322619486253,0.0033519325753608165,-0.004606051440253278,0.030492599256134012,-0.15492956611377506,-0.017241379310344862,-0.014349806041730528,-0.023905452591995724,0.0133488942597495,-0.019024208541481347
2024-12-23/2024-12-29,0.0043223341623768174,-0.005201841447937783,0.0038488111996821672,0.007303613127622066,0.02615981348066221,-0.002320976269996833,0.023255813953488413,0.0016842695285721465,0.002566410289930321,0.0,0.015182147448665528,0.004045073801193899,0.010156268651256406,0.007052875079139875,-0.01678258240096764,-0.01607717041800638,-0.004595588235294157,0.017502010530628276,0.00401468696721774,0.0,0.015025226663633484,0.04234227902722476,0.025704915390948324,-0.006758568442429502,-0.004816974006127572,0.017149202753741433,-0.032975493553918045,0.009863437893083082,0.10249996185302734,0.01403508771929829,-0.0013451421882842984,-0.023940561364887203,0.006586555720302867,0.0037429886367861265
2024-12-30/2025-01-05,-0.047850056351074755,0.00196649135824023,0.010599937282041116,-0.00646209753110516,0.0,0.002664047733469621,-0.004545454545454519,-0.0035398365122026876,-0.006794640055073908,-0.0029111638591899913,-0.014955096961487002,-0.010071942751234353,0.012700757370846194,-0.005032170825615578,0.006458557588805203,0.017973856209150263,-0.013982324231631704,-0.01759189852547338,-0.00592899408657499,0.0032051282051281937,0.008748985952017119,0.06222992964735319,0.008035890271648638,-0.04069616180147162,0.061955503199378814,0.05444863158136237,0.07037359499578777,-0.0011269979601687963,0.1043084022818983,-0.00692041522491349,0.00875492920013543,0.007893994925288972,0.056600608691631304,-0.0017136440471099412
2025-01-06/2025-01-12,-0.026750470457383102,-0.02341763657089091,0.006694916935203743,-0.02403208826871084,0.005633824308153512,-0.006174547566616395,0.013698630136986356,0.018206066425737744,-0.01808924562565184,-0.028321203524178884,-0.023279402150458317,0.03268191483199656,-0.001570157373337433,0.0013035090919839565,0.0014260249554367554,-0.02985553772070626,-0.04013377926421402,0.04337446036566606,-0.014772209215254462,-0.018370607028754038,-0.00892452866588267,-0.008136727565509982,0.018573309921869674,-0.028781894429407484,-0.0018231957408227917,-0.059251038182777216,0.03533018957755596,0.004889024446054657,-0.14715945715629453,0.0,0.018653845704423855,-0.0022377622377622863,0.021365613269170414,-0.019305674677250306
