Date,AAPL,AMZN,BAC,BRK-B,C,CBU7.L,CENCOSUD.SN,CHILE.SN,CSPX.L,EIMI.L,F,FALABELLA.SN,GE,GOOGL,ISAC.CL,IUFS.CL,IUIT.CL,JETS,JPEA.CL,JPM,LQDA,META,NKE,NU,NVDA,PBR,PFE,RBOT,SDHA.CL,SGLD.L,SUAS.CL,UBER,VOO
2022-10-24/2022-10-30,153.8640594482422,103.41000366210938,34.207122802734375,299.6300048828125,42.02439880371094,123.66999816894531,1189.89990234375,77.36781311035156,398.489990234375,25.239999771118164,11.099038124084473,1844.800048828125,48.3671989440918,96.05216217041016,289720.0,46000.0,78650.0,17.670000076293945,22220.0,119.57516479492188,5.059999942779541,98.9022216796875,91.25515747070312,4.590000152587891,13.821361541748047,8.367348670959473,42.39436340332031,111.9000015258789,27100.0,158.58999633789062,56310.0,27.5,346.60845947265625
2022-10-31/2022-11-06,136.7131805419922,90.9800033569336,34.78386306762695,287.4700012207031,41.1134033203125,122.73999786376953,1246.11572265625,78.18372344970703,385.489990234375,26.6200008392334,11.308296203613281,1850.0,50.059085845947266,86.36614990234375,295100.0,48150.0,77990.0,17.729999542236328,23060.0,123.93783569335938,5.019999980926514,90.51746368408203,93.161376953125,4.869999885559082,14.143067359924316,7.869662284851074,42.2066650390625,112.80000305175781,28420.0,161.64999389648438,55370.0,28.389999389648438,335.3968505859375
2022-11-07/2022-11-13,148.1421356201172,100.79000091552734,36.31552505493164,309.7200012207031,46.252193450927734,124.81999969482422,1218.0078125,75.76289367675781,408.1499938964844,27.979999542236328,12.136956214904785,1738.0,53.29468536376953,96.17186737060547,303720.0,48760.0,80110.0,18.719999313354492,23210.0,128.3195037841797,4.920000076293945,112.68073272705078,103.17872619628906,4.440000057220459,16.312084197998047,7.191564559936523,42.910972595214844,113.0999984741211,26890.0,170.08999633789062,55910.0,29.149999618530273,355.1238098144531
2022-11-14/2022-11-20,149.7156219482422,94.13999938964844,35.16204833984375,310.760009765625,44.84222412109375,124.95999908447266,1203.9539794921875,75.99601745605469,409.1499938964844,28.020000457763672,11.710068702697754,1601.0,52.78218078613281,97.18933868408203,316220.0,49500.0,83000.0,18.18000030517578,22800.0,126.9347915649414,4.679999828338623,111.71365356445312,102.52710723876953,4.320000171661377,15.394923210144043,7.060922145843506,43.478912353515625,98.0999984741211,27310.0,169.72500610351562,58800.0,28.959999084472656,353.0191955566406
2022-11-21/2022-11-27,146.56871032714844,93.41000366210938,35.64424514770508,317.42999267578125,44.501258850097656,125.33999633789062,1231.218505859375,75.69116973876953,416.1099853515625,27.920000076293945,11.908595085144043,1579.0,54.42466735839844,97.21926879882812,312000.0,49210.0,84780.0,18.610000610351562,23740.0,129.6851806640625,4.989999771118164,111.07556915283203,103.05229949951172,4.449999809265137,16.255138397216797,6.407710075378418,44.36237716674805,108.5999984741211,28120.0,169.10000610351562,58590.0,28.5,358.6540832519531
2022-11-28/2022-12-04,146.2718048095703,94.12999725341797,34.112579345703125,316.1499938964844,43.53364181518555,126.30000305175781,1241.524658203125,75.85255432128906,418.8599853515625,29.18000030517578,11.722524642944336,1521.0999755859375,53.646644592285156,100.19190979003906,309480.0,48000.0,82300.0,18.739999771118164,23740.0,128.1867218017578,5.489999771118164,123.11930084228516,109.12106323242188,4.460000038146973,16.86058235168457,8.001692771911621,45.89491653442383,98.69999694824219,27190.0,173.02000427246094,58410.0,28.75,362.72747802734375
2022-12-05/2022-12-11,140.68060302734375,89.08999633789062,30.793323516845703,306.3900146484375,41.34036636352539,126.5,1236.8402099609375,74.73180389404297,410.510009765625,29.040000915527344,11.147392272949219,1580.0,50.29373550415039,92.6007080078125,308630.0,47020.0,79180.0,18.110000610351562,23790.0,125.34149169921875,5.650000095367432,115.55208587646484,106.74398040771484,3.930000066757202,16.98981285095215,7.517380714416504,46.6251220703125,74.69999694824219,27400.0,174.25,57150.0,26.549999237060547,350.62359619140625
2022-12-12/2022-12-18,133.1102294921875,87.86000061035156,30.146644592285156,300.0,40.87038040161133,127.16000366210938,1227.3770751953125,75.7539291381836,397.6700134277344,28.40999984741211,10.250863075256348,1550.0,47.94730758666992,90.03705596923828,301090.0,45160.0,77700.0,17.450000762939453,23850.0,122.61955261230469,5.940000057220459,119.07149505615234,103.35884857177734,3.9000000953674316,16.560096740722656,6.576830863952637,46.336647033691406,56.400001525878906,27460.0,172.8800048828125,57140.0,25.969999313354492,343.1944885253906
2022-12-19/2022-12-25,130.48779296875,85.25,30.8789119720459,306.489990234375,40.787437438964844,126.2300033569336,1262.9803466796875,77.91474151611328,396.5199890136719,28.40999984741211,9.608070373535156,1645.0,50.55247116088867,89.00959777832031,291040.0,45520.0,74000.0,17.229999542236328,23690.0,124.50686645507812,6.170000076293945,117.6856689453125,113.4069595336914,3.890000104904175,15.19599437713623,7.784104824066162,46.72428894042969,53.099998474121094,27330.0,173.69000244140625,53830.0,24.639999389648438,341.2644958496094
2022-12-26/2023-01-01,128.57786560058594,84.0,31.497060775756836,308.8999938964844,41.68133544921875,125.62000274658203,1307.01611328125,78.90100860595703,396.0899963378906,28.639999389648438,9.836431503295898,1650.0,51.78862380981445,88.01206970214844,294300.0,46100.0,74790.0,17.079999923706055,23320.0,127.18138885498047,6.369999885559082,119.978759765625,114.14836120605469,4.070000171661377,14.604384422302246,7.475266456604004,46.19240951538086,60.599998474121094,27170.0,175.8249969482422,54330.0,24.729999542236328,342.38226318359375
2023-01-02/2023-01-08,128.27110290527344,86.08000183105469,32.72384262084961,318.69000244140625,43.598148345947266,127.0199966430664,1214.7286376953125,74.85733032226562,400.739990234375,29.780000686645508,10.639922142028809,1709.9000244140625,56.95892333984375,87.12425994873047,304060.0,48900.0,75010.0,18.43000030517578,24670.0,130.8232879638672,5.71999979019165,129.62969970703125,121.48444366455078,3.559999942779541,14.849223136901855,7.215561866760254,45.903926849365234,59.400001525878906,27180.0,179.83999633789062,54880.0,26.399999618530273,347.4984436035156
2023-01-09/2023-01-15,133.3576202392578,98.12000274658203,33.503662109375,317.6400146484375,46.00336837768555,128.02999877929688,1218.0078125,75.22493743896484,410.7099914550781,30.719999313354492,10.758334159851074,1804.0,63.49882888793945,91.89246368408203,309510.0,48730.0,77290.0,20.170000076293945,24180.0,136.63356018066406,6.449999809265137,136.5688018798828,125.69880676269531,3.680000066757202,16.887880325317383,7.608626842498779,43.136348724365234,84.30000305175781,28080.0,184.6699981689453,56220.0,29.440000534057617,356.8927001953125
2023-01-16/2023-01-22,136.4352569580078,97.25,32.19129180908203,309.8699951171875,47.08157730102539,128.02000427246094,1287.340576171875,74.9918212890625,407.3599853515625,31.040000915527344,10.487682342529297,1850.0,61.503604888916016,97.77788543701172,300720.0,45500.0,77700.0,20.239999771118164,23490.0,129.05712890625,6.420000076293945,138.95162963867188,123.5233383178711,3.809999942779541,17.827260971069336,8.043807983398438,40.66626739501953,82.80000305175781,27150.0,186.0800018310547,56050.0,30.360000610351562,354.4369201660156
2023-01-23/2023-01-29,144.41139221191406,102.23999786376953,33.712890625,309.1700134277344,47.79116439819336,127.83000183105469,1381.970458984375,77.41264343261719,421.2699890136719,31.6200008392334,11.22351360321045,1855.0,65.89784240722656,99.12455749511719,301800.0,47040.0,77800.0,20.299999237060547,23550.0,134.0635223388672,6.679999828338623,151.2845001220703,124.41107940673828,4.369999885559082,20.35159683227539,7.924483776092529,39.476295471191406,84.30000305175781,26190.0,186.5800018310547,55050.0,30.360000610351562,363.36334228515625
2023-01-30/2023-02-05,152.89219665527344,103.38999938964844,34.64486312866211,308.510009765625,46.95256042480469,127.80999755859375,1356.67333984375,77.92371368408203,432.8699951171875,30.8799991607666,11.189682006835938,1840.5,64.8923110961914,104.52118682861328,300200.0,47720.0,83500.0,20.739999771118164,23080.0,134.79916381835938,7.130000114440918,185.97006225585938,124.48912811279297,4.900000095367432,21.086116790771484,7.608626842498779,40.08434295654297,88.5,26250.0,180.3800048828125,58080.0,33.09000015258789,369.19091796875
2023-02-06/2023-02-12,149.4385223388672,97.61000061035156,33.83651351928711,309.8900146484375,46.633907318115234,126.45999908447266,1358.5472412109375,78.90100860595703,422.3399963378906,30.200000762939453,10.766791343688965,1907.9000244140625,64.36183166503906,94.3364028930664,309790.0,47930.0,84230.0,19.649999618530273,23680.0,134.75137329101562,6.869999885559082,173.62721252441406,119.24070739746094,4.739999771118164,21.251005172729492,8.092942237854004,39.92058563232422,93.5999984741211,27200.0,179.55999755859375,57720.0,34.29999923706055,365.4585266113281
2023-02-13/2023-02-19,151.19302368164062,97.19999694824219,33.61778259277344,308.239990234375,47.8530387878418,125.73999786376953,1410.078369140625,77.10780334472656,420.05999755859375,29.770000457763672,11.589405059814453,1884.0,65.74739837646484,94.11695098876953,330140.0,50950.0,88710.0,19.899999618530273,24220.0,135.8978729248047,7.829999923706055,172.36105346679688,121.786865234375,4.989999771118164,21.373926162719727,8.106978416442871,39.31104278564453,92.0999984741211,27360.0,177.3000030517578,59080.0,34.77000045776367,364.6789855957031
2023-02-20/2023-02-26,145.40493774414062,93.5,32.53364181518555,304.0199890136719,46.69905471801758,124.80999755859375,1400.708984375,77.55609893798828,410.6300048828125,28.84000015258789,10.681313514709473,1860.0,66.15119934082031,88.90984344482422,323000.0,49770.0,82680.0,19.350000381469727,24190.0,134.6462860107422,7.480000019073486,169.87852478027344,115.1531753540039,4.940000057220459,23.270675659179688,7.987655162811279,37.98278045654297,84.0,27940.0,175.1699981689453,59460.0,33.400001525878906,354.94366455078125
2023-02-27/2023-03-05,149.68649291992188,94.9000015258789,32.48610305786133,312.45001220703125,48.71852111816406,124.58999633789062,1452.2401123046875,77.55609893798828,416.54998779296875,29.739999771118164,11.760232925415039,1880.0,68.39187622070312,93.4186782836914,313480.0,47900.0,83410.0,20.1200008392334,23910.0,137.25457763671875,7.340000152587891,184.69390869140625,117.98226165771484,4.679999828338623,23.87428092956543,7.833237648010254,37.436920166015625,82.5,27850.0,178.25999450683594,58780.0,34.56999969482422,361.81396484375
2023-03-06/2023-03-12,147.1790008544922,90.7300033569336,28.973419189453125,303.6300048828125,44.9866943359375,125.97000122070312,1452.2401123046875,79.6182861328125,408.0899963378906,28.950000762939453,10.879115104675293,1849.0,72.0497817993164,90.40613555908203,307750.0,48480.0,81260.0,19.15999984741211,23650.0,127.69088745117188,6.159999847412109,178.97113037109375,114.94343566894531,4.489999771118164,22.94989013671875,7.636704444885254,35.83572769165039,67.19999694824219,27490.0,179.1699981689453,57810.0,31.110000610351562,345.63714599609375
2023-03-13/2023-03-19,153.62120056152344,98.94999694824219,26.62836456298828,293.510009765625,41.18041229248047,128.8000030517578,1431.627685546875,74.4179916381836,407.4100036621094,28.420000076293945,10.159834861755371,1747.300048828125,71.55390930175781,101.3689956665039,296550.0,42900.0,83890.0,17.520000457763672,23400.0,120.20045471191406,7.21999979019165,195.02281188964844,117.78057861328125,4.690000057220459,25.71243667602539,7.012010097503662,36.48166275024414,71.69999694824219,27090.0,189.2100067138672,54950.0,31.780000686645508,350.7045593261719
2023-03-20/2023-03-26,158.82447814941406,98.12999725341797,25.977493286132812,298.9200134277344,40.1194953918457,129.72000122070312,1414.762939453125,68.77836608886719,409.1499938964844,29.049999237060547,10.348645210266113,1823.800048828125,72.40980529785156,105.1795654296875,310010.0,42590.0,88290.0,17.290000915527344,23670.0,119.34059143066406,6.849999904632568,205.39157104492188,118.0936508178711,4.170000076293945,26.765926361083984,6.80845832824707,36.74549865722656,57.0,27400.0,191.80999755859375,57460.0,30.75,354.2907409667969
2023-03-27/2023-04-02,163.43312072753906,103.29000091552734,27.374954223632812,308.7699890136719,43.63727569580078,128.4499969482422,1439.123046875,77.19999694824219,423.8800048828125,29.81999969482422,11.32866382598877,1828.0,75.76203155517578,103.47378540039062,305610.0,42320.0,88000.0,18.6299991607666,23420.0,124.49980926513672,6.909999847412109,211.3037872314453,119.98180389404297,4.760000228881836,27.763439178466797,7.3208489418029785,37.118499755859375,68.0999984741211,26810.0,191.10000610351562,56590.0,31.700000762939453,367.99072265625
2023-04-03/2023-04-09,163.1952667236328,102.05999755859375,26.647506713867188,312.510009765625,42.6787223815918,130.35000610351562,1446.6185302734375,77.62000274658203,424.2300109863281,29.649999618530273,11.085906982421875,1800.0,74.17705535888672,108.1521987915039,308410.0,42280.0,85100.0,18.1299991607666,23200.0,121.78644561767578,6.75,215.45130920410156,117.61426544189453,4.480000019073486,27.023799896240234,7.503342151641846,37.75533676147461,63.900001525878906,26890.0,194.11000061035156,56980.0,31.18000030517578,367.8733215332031
2023-04-10/2023-04-16,163.74038696289062,102.51000213623047,28.25554656982422,319.739990234375,46.12206268310547,128.86000061035156,1503.8648681640625,78.5,429.1000061035156,29.969999313354492,11.256736755371094,1795.0,75.6352310180664,108.60108184814453,297000.0,40390.0,82730.0,17.93000030517578,23200.0,133.5845947265625,6.760000228881836,220.82513427734375,123.2200698852539,4.659999847412109,26.74493408203125,8.464948654174805,37.47331237792969,63.29999923706055,26890.0,192.97000122070312,54950.0,31.479999542236328,370.84796142578125
2023-04-17/2023-04-23,163.55206298828125,106.95999908447266,28.590557098388672,324.3299865722656,45.62882614135742,128.6699981689453,1470.978759765625,79.25,429.04998779296875,29.469999313354492,10.618375778198242,1735.0,78.86066436767578,105.1496353149414,297690.0,41340.0,82810.0,18.25,22100.0,135.3274688720703,6.940000057220459,212.25094604492188,122.80917358398438,4.989999771118164,27.105756759643555,8.142074584960938,36.58173751831055,70.19999694824219,25680.0,190.9499969482422,54210.0,30.829999923706055,370.45660400390625
2023-04-24/2023-04-30,168.17059326171875,105.44999694824219,28.02582550048828,328.54998779296875,43.80479049682617,129.5500030517578,1541.2484130859375,85.94999694824219,431.5299987792969,29.600000381469727,10.681313514709473,1731.0,78.4327163696289,107.07485961914062,310710.0,42540.0,88730.0,18.06999969482422,22370.0,133.11279296875,6.710000038146973,239.59860229492188,123.97338104248047,5.159999847412109,27.73545265197754,7.4542107582092285,35.3808479309082,67.5,26220.0,192.17999267578125,55320.0,31.049999237060547,373.8422546386719
2023-05-01/2023-05-07,172.02601623535156,105.66000366210938,26.523073196411133,323.8800048828125,43.57939910888672,130.0399932861328,1488.593017578125,87.3499984741211,428.4100036621094,29.719999313354492,10.914854049682617,1780.0,79.43917083740234,105.30923461914062,313340.0,43660.0,88940.0,17.950000762939453,22800.0,131.66842651367188,7.400000095367432,232.0812225341797,123.84619140625,5.460000038146973,28.665996551513672,8.444144248962402,35.016937255859375,64.80000305175781,26400.0,194.42999267578125,57410.0,37.75,370.8284606933594
2023-05-08/2023-05-14,171.034912109375,110.26000213623047,25.92963218688965,322.489990234375,42.7608757019043,130.27000427246094,1529.69091796875,89.58999633789062,428.010009765625,29.170000076293945,10.62354850769043,1810.0,78.29800415039062,117.21974182128906,304980.0,41610.0,88300.0,17.719999313354492,22660.0,129.12635803222656,7.360000133514404,233.10813903808594,117.60448455810547,5.809999942779541,28.3261661529541,9.255781173706055,33.979801177978516,60.0,26270.0,194.24000549316406,55360.0,38.45000076293945,370.0260314941406
2023-05-15/2023-05-21,173.8419952392578,116.25,26.90594482421875,330.3900146484375,43.0054931640625,128.89999389648438,1553.885986328125,86.16000366210938,435.9599914550781,29.510000228881836,10.605340957641602,1945.0,82.62499237060547,122.45677947998047,302210.0,41400.0,87580.0,18.450000762939453,22660.0,134.01791381835938,8.300000190734863,244.9026336669922,112.27262115478516,6.519999980926514,31.248733520507812,9.138718605041504,33.814117431640625,62.099998474121094,25870.0,191.4199981689453,54600.0,39.18000030517578,376.30816650390625
2023-05-22/2023-05-28,174.10992431640625,120.11000061035156,27.097375869750977,320.6000061035156,41.96116256713867,127.2300033569336,1537.6893310546875,84.6500015258789,436.2799987792969,29.520000457763672,11.005887985229492,1846.9000244140625,81.42040252685547,124.30220794677734,305500.0,41070.0,92820.0,18.219999313354492,22240.0,131.86099243164062,8.350000381469727,261.2533874511719,105.17975616455078,6.789999961853027,38.92698669433594,9.341628074645996,34.577396392822266,65.69999694824219,26110.0,187.52999877929688,54280.0,38.45000076293945,377.5802001953125
2023-05-29/2023-06-04,179.58839416503906,124.25,27.480239868164062,329.4800109863281,43.57939910888672,128.25999450683594,1544.6878662109375,86.93000030517578,445.19000244140625,29.969999313354492,11.278985977172852,1797.800048828125,83.84542083740234,124.36205291748047,297500.0,40020.0,90080.0,18.790000915527344,22240.0,135.2600860595703,8.890000343322754,271.7916564941406,105.44390106201172,6.96999979019165,39.30779266357422,9.552340507507324,35.276302337646484,66.0,26110.0,189.52999877929688,55250.0,39.72999954223633,384.8114318847656
2023-06-05/2023-06-11,179.59832763671875,123.43000030517578,28.239816665649414,335.2900085449219,45.44225311279297,127.70999908447266,1569.682861328125,84.44999694824219,447.70001220703125,30.469999313354492,12.50793170928955,1850.0,84.2416763305664,121.92809295654297,286170.0,39100.0,92520.0,19.469999313354492,21710.0,135.78004455566406,8.40999984741211,264.1546630859375,103.90641784667969,7.489999771118164,38.751068115234375,10.738578796386719,35.8372688293457,64.80000305175781,25280.0,189.5449981689453,53060.0,40.9900016784668,386.54339599609375
2023-06-12/2023-06-18,183.52853393554688,125.48999786376953,28.16263198852539,338.30999755859375,45.33876037597656,127.44000244140625,1557.685302734375,83.02999877929688,460.8599853515625,31.200000762939453,13.126956939697266,1886.0,84.23374938964844,123.2248764038086,290030.0,39190.0,90480.0,20.56999969482422,21000.0,137.9465789794922,8.630000114440918,280.156494140625,111.49375915527344,7.539999961853027,42.67557144165039,10.8478364944458,36.83964538574219,62.70000076293945,24240.0,189.24000549316406,53460.0,43.52000045776367,396.5438537597656
2023-06-19/2023-06-25,185.27528381347656,129.3300018310547,26.773311614990234,335.25,43.297149658203125,127.44000244140625,1544.6878662109375,81.4000015258789,452.8599853515625,29.950000762939453,12.762824058532715,1856.0999755859375,82.24459838867188,122.03780364990234,290030.0,39170.0,90070.0,20.209999084472656,21000.0,133.70016479492188,9.0,287.8633117675781,107.49887084960938,7.559999942779541,42.19275665283203,11.630908966064453,35.22112274169922,58.5,24220.0,185.60000610351562,53390.0,43.34000015258789,391.0250244140625
2023-06-26/2023-07-02,192.5104522705078,130.36000061035156,27.68022918701172,341.0,43.31596755981445,126.91999816894531,1553.586181640625,83.69000244140625,462.45001220703125,30.350000381469727,13.773289680480957,1925.0,87.05501556396484,119.40433502197266,290030.0,38920.0,92000.0,21.420000076293945,21000.0,140.04576110839844,7.849999904632568,286.1184997558594,108.33319091796875,7.889999866485596,42.28572082519531,11.41628646850586,33.731353759765625,54.900001525878906,24100.0,185.11000061035156,55210.0,43.16999816894531,398.53021240234375
2023-07-03/2023-07-09,189.24517822265625,129.77999877929688,27.52585792541504,340.8999938964844,43.03372573852539,125.88999938964844,1629.6707763671875,84.19999694824219,460.1000061035156,30.260000228881836,13.636739730834961,1985.5,85.8028793334961,119.18488311767578,295520.0,40120.0,92990.0,21.68000030517578,21260.0,138.98654174804688,7.710000038146973,289.6578674316406,102.53226470947266,7.78000020980835,42.486637115478516,11.234681129455566,32.67380142211914,52.79999923706055,24370.0,186.47999572753906,55210.0,42.90999984741211,395.7840881347656
2023-07-10/2023-07-16,189.25514221191406,134.67999267578125,28.085447311401367,341.0899963378906,43.043128967285156,127.75,1670.6624755859375,86.5,471.04998779296875,31.530000686645508,13.636739730834961,2085.0,87.39579010009766,125.1102066040039,287680.0,40070.0,92120.0,21.3799991607666,21120.0,145.20555114746094,7.849999904632568,307.9428405761719,105.95784759521484,7.71999979019165,45.45150375366211,11.1686429977417,33.400291442871094,57.29999923706055,24330.0,189.1300048828125,54760.0,44.75,405.4898376464844
2023-07-17/2023-07-23,190.49571228027344,130.0,30.854433059692383,345.760009765625,44.266204833984375,127.36000061035156,1804.6353759765625,92.27999877929688,474.42999267578125,31.049999237060547,12.68089485168457,2234.0,87.50006103515625,119.72354125976562,293200.0,39780.0,90830.0,21.790000915527344,20970.0,150.22767639160156,8.149999618530273,293.3766784667969,107.04736328125,7.920000076293945,44.29194641113281,11.498833656311035,34.39347839355469,60.900001525878906,23450.0,189.38999938964844,54670.0,47.22999954223633,408.2404479980469
2023-07-24/2023-07-30,194.3564453125,132.2100067138672,30.777250289916992,349.80999755859375,44.60490798950195,126.9000015258789,1820.6322021484375,93.91000366210938,478.0899963378906,32.130001068115234,12.07097339630127,2259.800048828125,90.71995544433594,132.2525177001953,286690.0,39830.0,90620.0,21.219999313354492,20440.0,152.12796020507812,7.760000228881836,324.5029602050781,106.61548614501953,7.900000095367432,46.73201370239258,11.498833656311035,33.17039489746094,49.20000076293945,23370.0,189.47999572753906,53780.0,48.13999938964844,412.4645690917969
2023-07-31/2023-08-06,180.62059020996094,139.57000732421875,30.198368072509766,349.989990234375,43.0054931640625,126.87999725341797,1799.6363525390625,90.0,471.9700012207031,31.40999984741211,11.861882209777832,2359.800048828125,89.6651611328125,127.7935562133789,291100.0,41500.0,90900.0,20.290000915527344,20940.0,151.26507568359375,8.109999656677246,309.7972412109375,106.80198669433594,7.849999904632568,44.662803649902344,11.16038990020752,32.5635986328125,28.5,24260.0,187.38999938964844,54710.0,45.20000076293945,403.1419677734375
2023-08-07/2023-08-13,176.45217895507812,138.41000366210938,30.188720703125,358.3500061035156,42.419464111328125,126.52999877929688,1847.1268310546875,92.3499984741211,464.57000732421875,30.43000030517578,11.17170238494873,2289.0,90.88648986816406,129.23997497558594,289000.0,40510.0,89180.0,20.190000534057617,20330.0,149.742919921875,7.170000076293945,300.7345275878906,106.09526824951172,7.760000228881836,40.83927536010742,11.251192092895508,33.51205825805664,27.899999618530273,23940.0,184.9600067138672,54170.0,43.709999084472656,402.1891174316406
2023-08-14/2023-08-20,173.41090393066406,133.22000122070312,28.085447311401367,352.55999755859375,40.21141052246094,126.22000122070312,1819.63232421875,94.0,455.1000061035156,29.649999618530273,11.006058692932129,2179.89990234375,88.65796661376953,127.1451644897461,281000.0,39500.0,85170.0,19.229999542236328,20100.0,144.429931640625,6.960000038146973,282.3997497558594,102.87580108642578,7.210000038146973,43.2823371887207,11.465814590454102,34.08856201171875,27.690000534057617,23290.0,182.64999389648438,52910.0,44.689998626708984,394.01580810546875
2023-08-21/2023-08-27,177.50538635253906,133.25999450683594,27.496915817260742,355.92999267578125,39.250144958496094,125.80999755859375,1848.1265869140625,91.95999908447266,457.67999267578125,29.920000076293945,10.960046768188477,2115.0,88.80070495605469,129.55918884277344,288110.0,39940.0,89100.0,18.90999984741211,20540.0,142.5684356689453,7.079999923706055,284.64300537109375,97.0159683227539,7.110000133514404,46.00028991699219,11.81251335144043,33.828208923339844,30.299999237060547,24030.0,184.25,53880.0,43.959999084472656,397.07098388671875
2023-08-28/2023-09-03,188.28829956054688,138.1199951171875,27.96002197265625,362.4599914550781,39.583255767822266,126.6500015258789,1839.6282958984375,92.06999969482422,471.32000732421875,30.520000457763672,11.17170238494873,2110.0,90.60099029541016,135.32492065429688,285030.0,40670.0,91780.0,19.209999084472656,20690.0,142.345458984375,7.0,295.4903259277344,100.47100830078125,7.110000133514404,48.49033737182617,12.387600898742676,33.27029037475586,29.219999313354492,24130.0,186.9199981689453,55850.0,47.040000915527344,407.3955993652344
2023-09-04/2023-09-10,177.07803344726562,138.22999572753906,27.589860916137695,363.1499938964844,38.631507873535156,126.3499984741211,1781.6400146484375,89.0999984741211,466.9800109863281,30.010000228881836,11.318940162658691,2050.0,88.6024398803711,136.0431365966797,290250.0,40190.0,91900.0,18.31999969482422,20280.0,139.44659423828125,7.079999923706055,296.99578857421875,96.18910217285156,6.809999942779541,45.55446243286133,12.550033569335938,31.847614288330078,28.350000381469727,24060.0,185.4600067138672,54350.0,47.2400016784668,402.16949462890625
2023-09-11/2023-09-17,173.92764282226562,140.38999938964844,28.05682373046875,367.8599853515625,40.649208068847656,126.01000213623047,1771.64208984375,93.80000305175781,466.4100036621094,30.270000457763672,11.60421371459961,2090.0,91.59232330322266,137.06060791015625,283230.0,39270.0,86680.0,18.0,19630.0,144.27481079101562,6.449999809265137,299.40850830078125,94.80048370361328,7.360000133514404,43.886722564697266,12.994585037231445,31.680234909057617,24.209999084472656,23680.0,186.02499389648438,53180.0,47.52000045776367,401.5309143066406
2023-09-18/2023-09-24,173.70901489257812,129.1199951171875,26.88941192626953,360.1600036621094,38.94558334350586,125.58000183105469,1679.66064453125,89.08999633789062,455.1199951171875,29.809999465942383,11.438570976257324,2039.0,88.22969055175781,129.9282684326172,276280.0,38870.0,84210.0,17.170000076293945,19710.0,141.28866577148438,6.389999866485596,298.1822204589844,89.4725112915039,6.849999904632568,41.597412109375,12.891996383666992,30.39703369140625,21.270000457763672,23130.0,186.11000061035156,50660.0,44.40999984741211,389.9586486816406
2023-09-25/2023-10-01,170.15118408203125,127.12000274658203,26.636470794677734,350.29998779296875,39.14544677734375,125.4800033569336,1684.65966796875,90.48999786376953,450.75,29.420000076293945,11.429368019104004,1985.800048828125,87.6745376586914,130.53677368164062,270290.0,37990.0,85700.0,17.030000686645508,19630.0,140.60031127929688,6.340000152587891,299.3088073730469,94.17020416259766,7.25,43.485843658447266,12.815053939819336,30.84336280822754,17.729999542236328,23210.0,179.00999450683594,50290.0,45.9900016784668,385.7738342285156
2023-10-02/2023-10-08,176.392333984375,127.95999908447266,25.362045288085938,346.3399963378906,38.61246871948242,124.70999908447266,1614.673828125,91.0,447.4599914550781,29.200000762939453,11.042868614196777,1950.0,88.46778869628906,137.24017333984375,292170.0,40540.0,93400.0,16.770000457763672,20830.0,140.67788696289062,6.619999885559082,314.4831237792969,95.6375961303711,7.380000114440918,45.7481575012207,12.045638084411621,30.806169509887695,14.010000228881836,25230.0,176.8699951171875,54210.0,45.779998779296875,389.0796813964844
2023-10-09/2023-10-15,177.74392700195312,129.7899932861328,26.033309936523438,345.0899963378906,39.43096923828125,125.41999816894531,1514.7939453125,90.69999694824219,453.45001220703125,29.270000457763672,10.868023872375488,1948.0,86.80906677246094,137.0207061767578,293880.0,41000.0,93580.0,15.899999618530273,21120.0,144.54827880859375,6.159999847412109,313.745361328125,98.39514923095703,7.760000228881836,45.44724655151367,13.199762344360352,29.857715606689453,12.869999885559082,25500.0,185.42999267578125,55010.0,43.47999954223633,390.9138488769531
2023-10-16/2023-10-22,171.8108367919922,125.16999816894531,25.595529556274414,335.8599853515625,37.76540756225586,124.41999816894531,1461.7047119140625,91.5,442.79998779296875,28.479999542236328,10.711583137512207,1850.0,84.19003295898438,135.26507568359375,292160.0,39350.0,92900.0,15.130000114440918,20550.0,139.61605834960938,6.170000076293945,307.7234802246094,101.11328887939453,8.170000076293945,41.374481201171875,13.858039855957031,28.500123977661133,11.399999618530273,24790.0,192.38999938964844,54150.0,42.959999084472656,381.61480712890625
2023-10-23/2023-10-29,167.1796417236328,127.73999786376953,24.486488342285156,331.7099914550781,36.3948974609375,124.7699966430664,1477.8013916015625,91.23999786376953,433.510009765625,28.350000381469727,9.165581703186035,1850.0,84.4043197631836,121.86823272705078,280570.0,38520.0,88510.0,14.739999771118164,20290.0,132.52537536621094,6.199999809265137,295.8392639160156,96.49441528320312,8.010000228881836,40.48775100708008,13.105721473693848,27.998003005981445,10.020000457763672,24490.0,191.13999938964844,49500.0,41.22999954223633,372.07916259765625
2023-10-30/2023-11-05,175.55751037597656,138.60000610351562,27.648229598999023,351.80999755859375,40.22092056274414,126.6500015258789,1474.7020263671875,94.58999633789062,456.94000244140625,29.690000534057617,9.717724800109863,1899.0,86.44400024414062,128.7811279296875,275650.0,37260.0,88270.0,15.9399995803833,19940.0,139.66488647460938,6.650000095367432,313.6556396484375,105.43672943115234,8.479999542236328,44.991390228271484,13.404940605163574,29.067337036132812,11.9399995803833,23690.0,192.10000610351562,49650.0,47.75,393.8919372558594
2023-11-06/2023-11-12,185.24720764160156,143.55999755859375,26.928325653076172,350.55999755859375,40.56960678100586,125.97000122070312,1534.68994140625,94.25,457.80999755859375,29.450000762939453,9.215036392211914,1892.0999755859375,91.48363494873047,132.2624969482422,273060.0,38080.0,92460.0,15.6899995803833,19760.0,143.01487731933594,6.269999980926514,327.7830810546875,104.50113677978516,8.520000457763672,48.320377349853516,13.020232200622559,27.41219139099121,12.390000343322754,23600.0,187.10000610351562,50900.0,51.58000183105469,399.23663330078125
2023-11-13/2023-11-19,188.76524353027344,145.17999267578125,29.165864944458008,358.92999267578125,43.731876373291016,126.87999725341797,1578.6810302734375,94.61000061035156,471.82000732421875,30.34000015258789,9.598217964172363,2010.0,95.18203735351562,134.97576904296875,285680.0,38940.0,93480.0,16.719999313354492,19920.0,149.25587463378906,6.329999923706055,334.0343017578125,104.35340881347656,8.069999694824219,49.2830924987793,13.71270751953125,28.196428298950195,9.300000190734863,24020.0,191.27000427246094,51460.0,54.439998626708984,408.55535888671875
2023-11-20/2023-11-26,189.04385375976562,146.74000549316406,28.922657012939453,362.67999267578125,43.60654067993164,126.88999938964844,1579.6807861328125,95.69999694824219,477.0,30.540000915527344,9.719715118408203,1972.0,95.21378326416016,136.3523712158203,293920.0,41100.0,97300.0,16.809999465942383,20780.0,149.95907592773438,6.849999904632568,337.2146911621094,106.0079345703125,8.210000038146973,47.76155090332031,13.105721473693848,28.743017196655273,10.859999656677246,24620.0,193.02499389648438,54080.0,55.31999969482422,412.5589599609375
2023-11-27/2023-12-03,190.30767822265625,147.02999877929688,30.119251251220703,357.07000732421875,45.53475570678711,128.5800018310547,1594.6778564453125,97.95999908447266,479.95001220703125,30.649999618530273,9.887940406799316,2094.89990234375,97.22171020507812,131.5343017578125,293220.0,40640.0,94400.0,17.31999969482422,20580.0,153.18209838867188,7.269999980926514,323.844970703125,111.75939178466797,8.300000190734863,46.7508544921875,13.468806266784668,27.244609832763672,8.579999923706055,24200.0,198.52999877929688,53760.0,57.349998474121094,416.0004577636719
2023-12-04/2023-12-10,194.75588989257812,147.4199981689453,30.35964584350586,353.0799865722656,47.13517379760742,128.32000732421875,1662.6640625,98.69999694824219,481.010009765625,30.280000686645508,10.289813041687012,2197.89990234375,95.70584869384766,134.6565704345703,288140.0,40960.0,94480.0,18.440000534057617,20700.0,154.8229217529297,7.230000019073486,331.7511291503906,114.53687286376953,8.220000267028809,47.49163055419922,13.17658519744873,27.122098922729492,8.039999961853027,24100.0,193.5500030517578,53880.0,61.70000076293945,417.0457763671875
2023-12-11/2023-12-17,196.6068115234375,149.97000122070312,32.94845199584961,356.5,48.041439056396484,130.47999572753906,1679.66064453125,101.61000061035156,495.1099853515625,31.18000030517578,11.233747482299805,2266.0,97.80107116699219,132.27247619628906,290300.0,41220.0,95340.0,19.18000030517578,20860.0,161.3764190673828,7.449999809265137,333.9146423339844,120.11005401611328,8.300000190734863,48.87950897216797,13.238571166992188,25.095951080322266,9.449999809265137,24160.0,196.42999267578125,54420.0,61.86000061035156,427.0744934082031
2023-12-18/2023-12-24,192.65618896484375,153.4199981689453,32.78175354003906,356.4700012207031,49.03446578979492,130.94000244140625,1659.6646728515625,101.5,497.94000244140625,31.010000228881836,11.542160987854004,2190.0,100.54708862304688,141.14051818847656,295000.0,41900.0,97000.0,19.34000015258789,21280.0,163.49581909179688,11.770000457763672,352.32916259765625,106.76010131835938,8.220000267028809,48.81952667236328,13.973554611206055,26.763988494873047,13.649999618530273,24200.0,199.1699981689453,55680.0,61.709999084472656,429.24395751953125
2023-12-25/2023-12-31,191.59140014648438,151.94000244140625,33.017093658447266,356.6600036621094,49.59364318847656,130.9499969482422,1654.6656494140625,103.48999786376953,502.0,31.799999237060547,11.392626762390137,2200.0,101.2931137084961,139.34495544433594,293500.0,41900.0,94360.0,19.030000686645508,21100.0,166.13284301757812,12.029999732971191,352.8974914550781,107.2838134765625,8.329999923706055,49.511375427246094,14.141804695129395,27.13152313232422,11.010000228881836,24040.0,199.32000732421875,55120.0,61.56999969482422,432.5106201171875
2024-01-01/2024-01-07,180.29672241210938,145.24000549316406,33.762359619140625,365.5899963378906,52.379913330078125,130.57000732421875,1554.6859130859375,99.5999984741211,494.1000061035156,31.3799991607666,11.07486629486084,2145.10009765625,100.2925796508789,135.39474487304688,289640.0,41320.0,92500.0,18.770000457763672,20640.0,168.25225830078125,12.65999984741211,350.89349365234375,100.8707046508789,8.569999694824219,49.086463928222656,14.646553039550781,27.772348403930664,12.479999542236328,23500.0,198.02999877929688,54380.0,57.58000183105469,425.7575988769531
2024-01-08/2024-01-14,185.01361083984375,154.6199951171875,32.163963317871094,363.6199951171875,50.73128890991211,131.39999389648438,1589.77880859375,100.0,501.69000244140625,31.209999084472656,10.710376739501953,2150.0,103.07208251953125,142.29763793945312,292840.0,42440.0,94580.0,18.15999984741211,20560.0,166.1254425048828,12.4399995803833,373.3658447265625,103.81539154052734,9.260000228881836,54.69825744628906,14.46944808959961,27.046707153320312,16.860000610351562,23960.0,198.1699981689453,54660.0,63.20000076293945,433.68896484375
2024-01-15/2024-01-21,190.62611389160156,155.33999633789062,31.595212936401367,366.989990234375,49.670772552490234,130.11000061035156,1524.69189453125,99.0,503.80999755859375,30.270000457763672,10.467384338378906,2000.0,103.08795928955078,146.01844787597656,291680.0,41520.0,100200.0,18.110000610351562,20820.0,167.3636474609375,12.890000343322754,382.2989501953125,100.57425689697266,9.170000076293945,59.478233337402344,13.938135147094727,26.650903701782227,13.949999809265137,23960.0,195.38999938964844,54900.0,65.11000061035156,438.9369201660156
2024-01-22/2024-01-28,191.48191833496094,159.1199951171875,32.78175354003906,385.3999938964844,51.74360275268555,130.30999755859375,1599.6767578125,102.19999694824219,515.1199951171875,30.969999313354492,10.6449556350708,2200.0,104.18388366699219,151.8140869140625,296500.0,43320.0,102660.0,19.1200008392334,20720.0,169.299560546875,12.170000076293945,392.9568786621094,101.53276824951172,9.5,61.017906188964844,15.098170280456543,25.887561798095703,12.300000190734863,24060.0,194.77000427246094,55400.0,65.5199966430664,443.8283996582031
2024-01-29/2024-02-04,184.94395446777344,171.80999755859375,32.82097625732422,390.75,53.54648208618164,130.6999969482422,1679.66064453125,107.0,519.1400146484375,30.579999923706055,11.345897674560547,2283.0,108.43256378173828,142.0283203125,300360.0,43440.0,100340.0,19.149999618530273,20800.0,171.70718383789062,13.579999923706055,473.56414794921875,99.51692962646484,9.369999885559082,66.14580535888672,15.062748908996582,25.760576248168945,12.0600004196167,24220.0,196.24000549316406,55560.0,68.06999969482422,449.8190002441406
2024-02-05/2024-02-11,187.92933654785156,174.4499969482422,32.42873001098633,398.3599853515625,52.548919677734375,129.9499969482422,1666.163330078125,108.11000061035156,525.9400024414062,31.239999771118164,11.850574493408203,2310.0,110.60851287841797,148.63197326660156,302500.0,43760.0,106960.0,19.700000762939453,20860.0,171.98233032226562,14.8100004196167,466.7048034667969,103.26203155517578,9.890000343322754,72.11751556396484,15.222145080566406,26.363218307495117,12.300000190734863,24180.0,195.11500549316406,56140.0,70.91000366210938,456.146240234375
2024-02-12/2024-02-18,181.65269470214844,169.50999450683594,33.428951263427734,405.989990234375,53.38596725463867,129.25,1764.6434326171875,114.0999984741211,528.22998046875,31.829999923706055,11.495431900024414,2339.89990234375,118.45466613769531,140.17291259765625,306320.0,44000.0,106940.0,19.989999771118164,20840.0,175.9327850341797,14.59000015258789,471.899169921875,102.28376770019531,10.359999656677246,72.59741973876953,15.673760414123535,26.420616149902344,11.1899995803833,24220.0,193.91000366210938,56780.0,78.41000366210938,454.5223693847656
2024-02-19/2024-02-25,181.86196899414062,174.99000549316406,33.262245178222656,417.2200012207031,54.437137603759766,129.36000061035156,1694.6575927734375,107.70999908447266,534.8499755859375,32.150001525878906,11.652042388916016,2205.0,121.76624298095703,143.6044158935547,306500.0,44560.0,106100.0,20.139999389648438,20780.0,180.80697631835938,14.319999694824219,482.5770263671875,104.37864685058594,10.220000267028809,78.80009460449219,15.3726806640625,26.554534912109375,10.5,24120.0,196.5399932861328,56500.0,78.19999694824219,462.19622802734375
2024-02-26/2024-03-03,179.01226806640625,178.22000122070312,33.68391036987305,407.1099853515625,54.11594772338867,129.9600067138672,1706.6551513671875,110.91000366210938,537.2999877929688,32.119998931884766,11.94958209991455,2527.0,125.99110412597656,136.80125427246094,313220.0,45800.0,108380.0,20.100000381469727,20880.0,182.08450317382812,14.520000457763672,501.3235168457031,100.67306518554688,11.270000457763672,82.26134490966797,14.770525932312012,25.43534278869629,10.949999809265137,24400.0,200.24000549316406,57600.0,81.02999877929688,466.8005676269531
2024-03-04/2024-03-10,170.1144561767578,175.35000610351562,35.15558624267578,403.1499938964844,55.9749641418457,130.80999755859375,1668.662841796875,111.26000213623047,541.7899780273438,32.43000030517578,11.690434455871582,2440.0,133.3845977783203,135.07553100585938,317400.0,45340.0,107340.0,20.100000381469727,21180.0,184.9638214111328,14.039999961853027,504.9664306640625,98.33537292480469,11.069999694824219,87.50922393798828,13.088031768798828,26.037982940673828,10.649999618530273,24380.0,210.0,57660.0,78.69999694824219,465.77081298828125
2024-03-11/2024-03-17,171.99765014648438,174.4199981689453,34.96795654296875,408.1300048828125,56.072296142578125,129.44000244140625,1694.6575927734375,110.19999694824219,537.5399780273438,32.33000183105469,11.575258255004883,2477.10009765625,134.12313842773438,140.83126831054688,317700.0,45320.0,108580.0,19.65999984741211,21260.0,187.00782775878906,15.899999618530273,483.1589050292969,98.81138610839844,11.609999656677246,87.822265625,12.875506401062012,26.726716995239258,11.489999771118164,24220.0,208.63999938964844,56900.0,76.06999969482422,465.39453125
2024-03-18/2024-03-24,171.6588592529297,178.8699951171875,36.58748245239258,411.6000061035156,59.19661331176758,130.25,1688.6588134765625,112.69999694824219,550.0399780273438,32.41999816894531,12.391092300415039,2500.0,139.09449768066406,150.39759826660156,313920.0,45500.0,107320.0,20.329999923706055,21260.0,193.21847534179688,16.729999542236328,508.58935546875,93.07945251464844,12.25,94.273193359375,13.008334159851074,26.171903610229492,10.260000228881836,24160.0,208.89999389648438,59060.0,80.2300033569336,474.4744873046875
2024-03-25/2024-03-31,170.8617401123047,180.3800048828125,37.44662094116211,420.5199890136719,61.552024841308594,130.25999450683594,1699.6566162109375,109.0,552.489990234375,32.59000015258789,12.746219635009766,2573.0,139.39625549316406,150.55718994140625,318880.0,46540.0,110140.0,21.010000228881836,21360.0,196.83482360839844,14.75,484.6360168457031,93.19845581054688,11.930000305175781,90.34085083007812,13.468806266784668,26.544967651367188,9.0600004196167,24300.0,214.19000244140625,58020.0,76.98999786376953,477.51025390625
2024-04-01/2024-04-07,168.96861267089844,185.07000732421875,36.64673614501953,418.6199951171875,59.95579528808594,129.49000549316406,1644.667724609375,109.93000030517578,546.4099731445312,32.7400016784668,12.746219635009766,2460.0,155.52845764160156,152.12332153320312,310700.0,46480.0,105360.0,20.1200008392334,20880.0,194.0341339111328,15.710000038146973,526.3148193359375,88.10118865966797,11.979999542236328,87.99324798583984,13.716753005981445,25.502300262451172,8.220000267028809,23900.0,224.1999969482422,57720.0,77.16000366210938,473.3281555175781
2024-04-08/2024-04-14,175.91348266601562,186.1300048828125,35.34321594238281,403.260009765625,58.08704376220703,128.50999450683594,1658.6649169921875,107.30000305175781,542.3300170898438,32.31999969482422,12.103150367736816,2466.5,153.86669921875,157.34039306640625,310100.0,44400.0,104940.0,19.540000915527344,20500.0,180.675537109375,13.949999809265137,510.90484619140625,91.23491668701172,11.289999961853027,88.17121124267578,13.920424461364746,24.737041473388672,9.390000343322754,23380.0,230.9499969482422,55320.0,75.27999877929688,466.4541015625
2024-04-15/2024-04-21,164.40512084960938,174.6300048828125,36.50848388671875,405.0799865722656,57.561458587646484,128.14999389648438,1620.672607421875,104.6500015258789,525.22998046875,31.600000381469727,11.652042388916016,2481.0,147.59121704101562,153.70938110351562,309480.0,44880.0,104720.0,20.459999084472656,20780.0,183.65072631835938,13.289999961853027,480.1347961425781,93.7438735961914,10.479999542236328,76.18722534179688,14.584566116333008,24.870962142944336,8.640000343322754,23900.0,230.50999450683594,55700.0,69.19999694824219,452.0801086425781
2024-04-22/2024-04-28,168.6896209716797,179.6199951171875,37.357749938964844,402.1000061035156,60.98750305175781,127.98999786376953,1617.6732177734375,105.77999877929688,536.2999877929688,32.619998931884766,12.27591609954834,2490.199951171875,161.83596801757812,171.52528381347656,307560.0,46000.0,106760.0,20.469999313354492,21100.0,191.25177001953125,12.529999732971191,442.4282531738281,93.33728790283203,11.050000190734863,87.72028350830078,15.098170280456543,24.29701805114746,8.100000381469727,24280.0,224.9499969482422,55540.0,69.05000305175781,464.1097412109375
2024-04-29/2024-05-05,182.71884155273438,186.2100067138672,36.78498840332031,400.8699951171875,59.877933502197266,129.16000366210938,1694.9576416015625,105.37999725341797,538.7100219726562,33.599998474121094,11.93038558959961,2570.60009765625,163.59039306640625,166.826904296875,314560.0,46140.0,103960.0,20.459999084472656,21160.0,188.3062286376953,12.789999961853027,451.08135986328125,91.38367462158203,11.680000305175781,88.77411651611328,14.930957794189453,26.60236358642578,9.300000190734863,24400.0,221.32000732421875,56520.0,69.2300033569336,466.8613586425781
2024-05-06/2024-05-12,182.39004516601562,187.47999572753906,37.970008850097656,412.04998779296875,62.37144088745117,129.32000732421875,1725.6513671875,107.69999694824219,549.2999877929688,33.61000061035156,11.508071899414062,2749.0,162.8627166748047,168.23342895507812,320100.0,45380.0,105880.0,20.6299991607666,21200.0,196.47068786621094,12.0600004196167,475.2742614746094,90.1837387084961,11.760000228881836,89.86292266845703,16.149372100830078,26.793678283691406,8.699999809265137,24400.0,228.05999755859375,56200.0,66.98999786376953,475.563232421875
2024-05-13/2024-05-19,189.4420623779297,184.6999969482422,38.799522399902344,416.94000244140625,62.90159606933594,129.8000030517578,1800.4000244140625,108.70999908447266,557.97998046875,34.63999938964844,11.929570198059082,2800.0,159.3837432861328,175.6251220703125,320040.0,46500.0,108060.0,20.989999771118164,21240.0,202.42103576660156,12.710000038146973,470.99261474609375,91.41342163085938,11.65999984741211,92.46348571777344,14.201615333557129,27.809478759765625,12.65999984741211,24280.0,232.30999755859375,57040.0,65.66999816894531,483.4604797363281
2024-05-20/2024-05-26,189.5518035888672,180.75,39.204402923583984,407.4100036621094,62.4205322265625,129.44000244140625,1862.300048828125,108.6500015258789,559.3699951171875,34.099998474121094,11.812994956970215,2736.5,166.80020141601562,174.55776977539062,320040.0,45720.0,113200.0,20.270000457763672,21080.0,198.3882598876953,12.420000076293945,477.29034423828125,90.98699188232422,11.729999542236328,106.4511489868164,14.01251220703125,28.042518615722656,10.5,23920.0,225.0,57080.0,64.26000213623047,483.5002136230469
2024-05-27/2024-06-02,191.8166961669922,176.44000244140625,39.49078369140625,414.3999938964844,61.17369079589844,129.6300048828125,1723.9000244140625,109.0,548.969970703125,33.0,11.78385066986084,2781.0,164.61712646484375,172.07391357421875,322160.0,45800.0,110320.0,20.030000686645508,21200.0,200.28604125976562,12.869999885559082,465.9224853515625,94.25955963134766,11.880000114440918,109.6146240234375,14.702737808227539,27.828899383544922,9.449999809265137,24220.0,224.5500030517578,56760.0,64.55999755859375,481.4042053222656
2024-06-03/2024-06-09,196.4462432861328,184.3000030517578,39.28340530395508,413.7200012207031,60.65335464477539,130.07000732421875,1786.800048828125,108.75,564.989990234375,33.619998931884766,11.803278923034668,2851.0,161.40733337402344,174.02908325195312,329000.0,45700.0,125000.0,19.93000030517578,21160.0,197.6370391845703,13.770000457763672,492.0016784667969,95.74708557128906,11.890000343322754,120.86773681640625,13.74776840209961,27.751218795776367,10.050000190734863,24280.0,222.60000610351562,55800.0,69.30999755859375,487.543212890625
2024-06-10/2024-06-16,212.01107788085938,183.66000366210938,38.9858283996582,405.5400085449219,58.24803924560547,131.35000610351562,1770.0,106.98999786376953,571.5599975585938,33.810001373291016,11.375836372375488,2998.0,155.38645935058594,176.3533172607422,346200.0,46600.0,131660.0,19.440000534057617,22640.0,191.5384063720703,12.9399995803833,503.1799011230469,92.97528076171875,11.760000228881836,131.85789489746094,12.849530220031738,26.73166847229004,8.119999885559082,25660.0,224.49000549316406,60900.0,70.05999755859375,495.6689453125
2024-06-17/2024-06-23,207.02235412597656,189.0800018310547,39.23421096801758,409.6199951171875,58.89600372314453,131.19000244140625,1777.5,106.23999786376953,576.22998046875,34.220001220703125,11.50212574005127,2970.0,163.71998596191406,179.3919677734375,350000.0,48420.0,132840.0,19.729999542236328,22800.0,194.02926635742188,12.199999809265137,494.3084411621094,96.74845123291016,12.25,126.55917358398438,13.71824836730957,26.935577392578125,6.960000038146973,26200.0,224.52999877929688,61580.0,70.20999908447266,498.4503479003906
2024-06-24/2024-06-30,210.14527893066406,193.25,39.51239776611328,406.79998779296875,62.30271911621094,131.05999755859375,1775.0,105.01000213623047,580.4199829101562,34.310001373291016,12.182149887084961,2901.0,158.46665954589844,181.9086151123047,352060.0,49320.0,133720.0,19.65999984741211,22660.0,199.92031860351562,12.0,503.73944091796875,75.03530883789062,12.890000343322754,123.52943420410156,14.107693672180176,27.16861915588379,5.869999885559082,26180.0,224.57000732421875,62340.0,72.68000030517578,496.811279296875
2024-07-01/2024-07-07,225.82984924316406,200.0,40.148250579833984,411.1700134277344,62.86232376098633,131.91000366210938,1714.0,107.9000015258789,585.719970703125,34.900001525878906,12.473589897155762,3039.0,159.9918212890625,190.34742736816406,348860.0,49220.0,134540.0,19.149999618530273,22560.0,202.42103576660156,12.229999542236328,539.3953857421875,75.09503936767578,12.819999694824219,125.8192367553711,14.341361999511719,27.236587524414062,7.329999923706055,26040.0,230.1699981689453,61780.0,71.05999755859375,508.2564697265625
2024-07-08/2024-07-14,230.0203857421875,194.49000549316406,41.32060623168945,424.44000244140625,63.343387603759766,132.4199981689453,1707.0,110.0,594.52001953125,35.70000076293945,13.629630088806152,3047.0,158.50653076171875,184.8247528076172,345600.0,49180.0,130160.0,19.260000228881836,22080.0,203.6917724609375,12.609999656677246,498.39453125,73.09396362304688,13.40999984741211,129.2289581298828,14.691864013671875,28.08135986328125,8.630000114440918,25880.0,232.44000244140625,62300.0,72.43000030517578,512.9518432617188
2024-07-15/2024-07-21,223.80442810058594,183.1300048828125,42.62212371826172,434.4700012207031,63.95207977294922,132.32000732421875,1725.0,111.69999694824219,582.0700073242188,34.31999969482422,13.58105754852295,3047.0,158.89466857910156,177.42457580566406,343960.0,51000.0,128900.0,19.110000610351562,22180.0,208.50228881835938,11.079999923706055,476.3356018066406,72.37715911865234,13.470000267028809,117.91991424560547,14.545821189880371,29.100910186767578,7.849999904632568,25820.0,231.92999267578125,61460.0,67.30999755859375,502.9828796386719
2024-07-22/2024-07-28,217.46875,182.5,41.40008544921875,437.6600036621094,63.99135208129883,132.7100067138672,1737.0,112.05000305175781,575.1500244140625,34.060001373291016,10.870675086975098,3076.10009765625,169.55886840820312,166.7786865234375,339400.0,50080.0,123420.0,19.09000015258789,22480.0,210.9473114013672,11.630000114440918,465.25616455078125,72.23777770996094,12.40999984741211,113.05032348632812,14.08822250366211,29.87771224975586,7.829999923706055,25700.0,229.92999267578125,61880.0,64.4000015258789,498.7760009765625
2024-07-29/2024-08-04,219.3644561767578,167.89999389648438,37.33658218383789,428.3599853515625,57.68843078613281,135.47999572753906,1740.0,111.80000305175781,561.1500244140625,33.380001068115234,9.74377727508545,3120.0,160.04295349121094,166.43914794921875,343860.0,49700.0,129660.0,17.399999618530273,22400.0,197.92709350585938,11.229999542236328,487.6747741699219,73.68134307861328,10.920000076293945,107.26081848144531,13.231439590454102,29.964574813842773,5.989999771118164,25620.0,233.89999389648438,61080.0,58.9900016784668,488.38836669921875
2024-08-05/2024-08-11,215.7526397705078,166.94000244140625,38.032047271728516,431.6700134277344,56.78520965576172,134.75,1776.0999755859375,109.0199966430664,562.4400024414062,33.68000030517578,9.811779975891113,3100.0,166.88282775878906,163.45310974121094,327440.0,49400.0,119360.0,17.479999542236328,22960.0,204.54653930664062,11.649999618530273,517.2765502929688,74.00987243652344,12.399999618530273,104.74104309082031,13.835082054138184,28.113327026367188,6.070000171661377,25980.0,234.25999450683594,58960.0,68.54000091552734,488.29864501953125
2024-08-12/2024-08-18,225.54051208496094,177.05999755859375,39.085182189941406,444.510009765625,60.86030578613281,134.72000122070312,1798.0,115.54000091552734,584.9299926757812,34.70000076293945,10.369114875793457,3220.10009765625,169.16943359375,162.74404907226562,337640.0,49860.0,122260.0,17.68000030517578,22880.0,212.66677856445312,14.109999656677246,526.9172973632812,82.86040496826172,14.09000015258789,124.56934356689453,14.760016441345215,27.867151260375977,5.840000152587891,25900.0,239.7100067138672,59800.0,72.04000091552734,507.8677062988281
2024-08-19/2024-08-25,226.5906982421875,177.0399932861328,39.51239776611328,453.3800048828125,61.59379959106445,135.69000244140625,1861.0,115.4000015258789,594.7899780273438,35.25,11.118927955627441,3215.199951171875,170.96678161621094,165.4005126953125,349440.0,51680.0,128380.0,18.350000381469727,23000.0,216.98033142089844,9.970000267028809,527.4967651367188,83.6767578125,14.420000076293945,129.3589324951172,14.020068168640137,28.457975387573242,6.880000114440918,25880.0,242.69000244140625,62280.0,74.30000305175781,515.0552368164062
2024-08-26/2024-09-01,228.7483367919922,178.5,40.486045837402344,475.9200134277344,62.08940505981445,135.64999389648438,1850.0,115.5999984741211,591.5900268554688,34.83000183105469,11.039999008178711,3230.0,174.36175537109375,163.1634979248047,353080.0,52400.0,127360.0,18.700000762939453,24020.0,223.43081665039062,9.510000228881836,520.8131713867188,82.94999694824219,14.970000267028809,119.35979461669922,15.229999542236328,28.566293716430664,6.309999942779541,26060.0,241.50999450683594,62760.0,73.12999725341797,516.4309692382812
2024-09-02/2024-09-08,220.57733154296875,171.38999938964844,38.50893783569336,459.4200134277344,58.57061004638672,136.8699951171875,1811.4000244140625,114.5,573.8800048828125,33.77000045776367,10.438177108764648,3131.0,160.99154663085938,150.72000122070312,358540.0,54840.0,121200.0,18.59000015258789,23800.0,211.1659698486328,9.100000381469727,499.7931823730469,80.27194213867188,13.699999809265137,102.82120513916016,14.75,28.1231746673584,5.769999980926514,26860.0,242.36000061035156,64740.0,69.58000183105469,495.09747314453125
2024-09-09/2024-09-15,222.25547790527344,186.49000549316406,38.650001525878906,447.6099853515625,57.163089752197266,137.38999938964844,1765.0,115.80000305175781,595.0900268554688,34.540000915527344,10.546701431274414,3088.800048828125,178.01634216308594,157.2513427734375,362000.0,54000.0,128100.0,19.280000686645508,23840.0,203.0755615234375,9.800000190734863,524.1199951171875,79.01000213623047,14.739999771118164,119.08981323242188,14.529999732971191,28.822317123413086,5.820000171661377,26900.0,248.69000244140625,65240.0,72.4800033569336,514.965576171875
2024-09-16/2024-09-22,227.94920349121094,191.60000610351562,40.27000045776367,455.30999755859375,61.59379959106445,136.77999877929688,1755.0,114.5,601.8200073242188,35.13999938964844,10.734155654907227,3050.300048828125,187.15280151367188,163.58999633789062,363260.0,55100.0,129840.0,19.790000915527344,24300.0,209.80430603027344,9.949999809265137,560.81494140625,86.5199966430664,14.630000114440918,116.0,14.399999618530273,28.970022201538086,5.760000228881836,27400.0,252.27999877929688,65320.0,73.94000244140625,522.2528686523438
2024-09-23/2024-09-29,227.53965759277344,187.97000122070312,39.400001525878906,457.4700012207031,61.326171875,137.0500030517578,1885.0,114.11000061035156,608.25,37.29999923706055,10.63549518585205,3395.0,185.10585021972656,163.9499969482422,375740.0,54760.0,133920.0,20.84000015258789,24240.0,209.21791076660156,10.010000228881836,567.3599853515625,89.44000244140625,13.869999885559082,121.4000015258789,14.579999923706055,28.645069122314453,5.760000228881836,27140.0,255.72999572753906,65660.0,75.75,523.7482299804688
2024-09-30/2024-10-06,226.55075073242188,186.50999450683594,40.11000061035156,461.9700012207031,62.08940505981445,135.67999267578125,1831.5,113.30000305175781,604.030029296875,37.18000030517578,10.42831039428711,3440.0,187.0800018310547,167.05999755859375,374520.0,54440.0,132800.0,20.709999084472656,24320.0,209.9335174560547,10.029999732971191,595.9400024414062,82.25,13.229999542236328,124.91999816894531,15.1899995803833,28.14286994934082,5.710000038146973,27260.0,256.1600036621094,67180.0,74.27999877929688,526.6500244140625
2024-10-07/2024-10-13,227.2999267578125,188.82000732421875,41.95000076293945,460.2099914550781,65.16215515136719,135.17999267578125,1895.0,113.13999938964844,615.27001953125,36.869998931884766,10.576300621032715,3500.0,191.16000366210938,163.24000549316406,376700.0,54400.0,136400.0,21.059999465942383,24280.0,222.2899932861328,11.09000015258789,589.9500122070312,82.1500015258789,13.710000038146973,134.8000030517578,14.739999771118164,28.713998794555664,6.409999847412109,27260.0,256.3399963378906,67880.0,86.33999633789062,532.7100219726562
2024-10-14/2024-10-20,234.74172973632812,188.99000549316406,42.31999969482422,464.79998779296875,62.29755783081055,135.25,1970.0,117.4000015258789,620.1199951171875,36.599998474121094,10.95120620727539,3580.0,192.61000061035156,163.4199981689453,383000.0,57240.0,140240.0,22.56999969482422,24200.0,225.3699951171875,11.140000343322754,576.469970703125,82.91999816894531,14.449999809265137,138.0,14.15999984741211,28.773080825805664,7.739999771118164,27400.0,261.9100036621094,67660.0,79.16000366210938,537.3599853515625
2024-10-21/2024-10-27,231.1556854248047,187.8300018310547,41.88999938964844,454.010009765625,61.21713638305664,134.61000061035156,2030.0,116.2300033569336,618.5,35.90999984741211,10.921607971191406,3533.0,179.10000610351562,165.27000427246094,382360.0,58620.0,143000.0,22.540000915527344,24540.0,222.30999755859375,11.010000228881836,573.25,78.8499984741211,14.9399995803833,141.5399932861328,13.789999961853027,28.01485824584961,7.940999984741211,27840.0,264.0299987792969,68240.0,77.62000274658203,532.260009765625
2024-10-28/2024-11-03,222.66502380371094,197.92999267578125,41.7599983215332,452.1400146484375,63.14999771118164,133.63999938964844,1994.0,112.0,609.469970703125,35.66999816894531,10.083003044128418,3451.0,171.6999969482422,171.2899932861328,389100.0,59680.0,141120.0,23.149999618530273,24740.0,222.94000244140625,10.979999542236328,567.1599731445312,78.05999755859375,14.34000015258789,135.39999389648438,13.109999656677246,27.660364151000977,8.079999923706055,28200.0,264.54998779296875,69420.0,73.25,524.9400024414062
2024-11-04/2024-11-10,226.71058654785156,208.17999267578125,45.130001068115234,463.4100036621094,68.02674865722656,133.92999267578125,1936.5999755859375,112.98999786376953,634.7999877929688,35.56999969482422,10.822949409484863,3450.0,184.80999755859375,178.35000610351562,392200.0,63060.0,143020.0,24.450000762939453,25000.0,236.97999572753906,11.029999732971191,589.3400268554688,75.87999725341797,15.229999542236328,147.6300048828125,13.680000305175781,26.311317443847656,8.399999618530273,28960.0,258.9700012207031,71780.0,72.04000091552734,549.9500122070312
2024-11-11/2024-11-17,225.0,202.61000061035156,46.75,470.2799987792969,68.76000213623047,133.02000427246094,1941.0,112.47000122070312,622.8400268554688,34.2599983215332,11.010000228881836,3435.0,176.92999267578125,172.49000549316406,393380.0,64900.0,145580.0,24.489999771118164,25180.0,245.30999755859375,9.84000015258789,554.0800170898438,76.66000366210938,14.0600004196167,141.97999572753906,14.109999656677246,24.799999237060547,9.359999656677246,28540.0,247.17999267578125,72740.0,73.25,538.5
