Date,BCOLOMBIA.CL,CEMARGOS.CL,CONCONCRET.CL,CORFICOLCF.CL,ENKA.CL,ETB.CL,EXITO.CL,GRUPOAVAL.CL,GRUPOSURA.CL,HCOLSEL.CL,ICOLCAP.CL,MINEROS.CL,NUTRESA.CL,PFAVAL.CL,PFBCOLOM.CL,PFCORFICOL.CL,PFDAVVNDA.CL,PFGRUPOARG.CL,PFGRUPSURA.CL,TERPEL.CL,AMZN,BAC,C,CENCOSUD.SN,CSPX.L,F,GOOGL,ISAC.CL,IUFS.CL,IUIT.CL,JETS,JPEA.CL,JPM,LQDA,NVDA,RBOT,SDHA.CL,SUAS.CL,VOO
2022-10-24/2022-10-30,-0.005131059855953857,0.07096794799981887,-0.04791664177469779,0.0,-0.04153349622636593,-0.04530743157973094,0.0,0.040388159971307624,-0.026829171277668706,-0.013944993643609793,-0.006493576418845515,-0.03362320440581379,-0.07742708675447674,-0.061781029191894765,0.010801980455769744,-0.09285717711608887,-0.0750708331682105,0.035120062575374256,0.06942147938841359,-0.020782404439821267,-0.13333888764169166,0.03519291960289239,0.042250504311220016,0.06010002351268162,0.045164848314577455,0.08777701280879602,-0.047859080939566256,0.04731952427430142,0.06902161282825925,0.08948607840421108,0.05618652479245467,0.07342995169082123,0.03149792702755261,0.0326530294485865,0.10973844771898578,0.16562501589457201,0.02225575254620904,0.10541813898704366,0.03919750878055295
2022-10-31/2022-11-06,0.05558725282294685,-0.03915660317711567,0.05032820011056094,-0.0031249085244025032,0.0666666429555609,-0.11016949152542377,-0.036363732495270584,-0.08086133345321278,0.05263151780224229,-0.01673629612373073,0.008986972171887375,0.028794293209015498,-0.00560772445654778,-0.018867898516368276,0.02946894909943576,0.00787403895250538,0.022205220101726653,0.08035716181166408,0.09969098486598016,0.018726630671600297,-0.12020113978325175,0.01686023896889899,-0.02167777551449457,0.0472441591110071,-0.03262315319979292,0.018853713014529427,-0.10084116847762414,0.01856965345851158,0.046739130434782616,-0.008391608391608352,0.003395555499905001,0.03780378037803778,0.036484757565835135,-0.007905130890387913,0.023275986031082496,0.008042908968779239,0.048708487084870855,-0.016693304919197294,-0.03234661065046285
2022-11-07/2022-11-13,0.09934835608219017,0.07210016186522106,0.02083338311727112,0.01692790794961363,-0.031249956236336973,0.03714287167503727,0.028301946146071177,-0.022500831464468907,-0.017857173315556918,0.01803371104771956,0.03179226370205024,0.0029153991830448422,-0.003947360182006032,0.09615377795543556,0.005033050743486811,-0.012500036549311533,0.029962548544764545,0.0,-0.016163129275451604,0.0030636697054979845,0.10782586498823354,0.04403369413934333,0.12499062873922573,-0.022556420439294733,0.05878233997290638,0.07327894462356999,0.11353658209089179,0.02921043713995264,0.01266874350986491,0.027182972175920028,0.055837551984126765,0.0065047701647875655,0.03535375671446461,-0.019920299803290464,0.15336254737920862,0.002659533814246773,-0.053835327234342034,0.009752573595809944,0.05881676943016223
2022-11-14/2022-11-20,0.024691492699385753,0.1257309805064375,-0.03265305963206733,0.04808868298739677,0.0,0.0,-0.03394488344203195,-0.01867924541966004,-0.0060606165859602434,0.023269545476956033,0.011890574643065088,0.022093178575590677,0.03203763177007879,-0.03508767217794395,-0.0046948845248449,0.028481096989281474,-0.021454570924262506,0.014876017591466173,0.03642863822136877,-0.02748925599116392,-0.06597878227476461,-0.031762633566308596,-0.03048437759670619,-0.01153837673583269,0.002450079664226612,-0.03517253458348912,0.010579718802335991,0.04115632819702353,0.015176374077112476,0.036075396330046194,-0.02884610192231607,-0.017664799655320973,-0.010791128226050661,-0.04878053744586641,-0.05622586155891507,-0.13262599648427242,0.015619189289698854,0.051690216419245205,-0.005926423967213323
2022-11-21/2022-11-27,0.009638489806772066,-0.021038929373892734,0.00801685202591118,-0.023529363523419056,-0.09354847902973795,0.012855844869260169,0.07521361101199986,0.0330706381434811,-0.030000060640650972,-0.03215722145738742,-0.009243979536390556,0.023890711750081284,-0.28205122165852525,0.07272710824627393,0.0062892964887582,0.07615376903416626,0.003344449448587028,-0.002443024973308061,-0.06616126792618371,0.0006054497036052098,-0.00775436299417831,0.013713558527673309,-0.007603665466622167,0.02264582104598989,0.01701085557596027,0.016953477173071718,0.00030795676924388893,-0.013345139459869704,-0.005858585858585896,0.021445783132530094,0.023652381625833163,0.041228070175438614,0.021667732425541875,0.06623930644236564,0.05587654938778397,0.10703364080856659,0.029659465397290363,-0.0035714285714285587,0.015961986674484896
2022-11-28/2022-12-04,-0.058233791305171034,0.0029187032265634016,0.023489915879192802,-0.04698799093866213,0.03558729266218519,0.1332728607572593,-0.09009014932606663,0.014330819093021363,-0.05707818851116542,-0.0023793368631725986,-0.01779073258901498,0.021111054367892956,0.14591838200699536,-0.05932204889143755,-0.011250010002813116,-0.05646887627193509,-0.036869988316561075,0.007346931456891248,-0.04132851986052555,0.018643339663549474,0.007707885270115344,-0.04297091425712429,-0.021743587932456565,0.008370693174853283,0.006608829628725665,-0.01562488613218782,0.030576664769636386,-0.008076923076923093,-0.024588498272708814,-0.029252182118424175,0.006985446346212898,0.0,-0.011554588231528995,0.10020040539760577,0.037246311884458594,-0.09116023632576786,-0.03307254623044098,-0.003072196620583667,0.011357447093468753
2022-12-05/2022-12-11,0.013177813067299704,-0.02169329152173549,0.02083330618593271,0.005056852062773398,0.03058409912258897,-0.04608001708984377,0.006796846213977581,-0.05822002223688516,0.0933333887709964,0.0008517531769769437,-0.011431356828934702,-0.020674591933549702,0.04630452751760439,-0.009008841265533474,0.00979779589864238,-0.030615172991213413,0.0344359565183745,-0.048820012674588686,-0.01077746113228506,-0.044779552193247696,-0.05354298377337241,-0.09730298595188236,-0.050381161791410056,-0.0037731415250079614,-0.019935004244745702,-0.04906215917756962,-0.07576661427189668,-0.0027465425875662364,-0.02041666666666664,-0.03791008505467797,-0.03361788519002795,0.002106149957876946,-0.022195981475673032,0.029143958273185833,0.007664652179387277,-0.24316110174335148,0.007723427730783383,-0.02157164869029271,-0.03336907890674079
2022-12-12/2022-12-18,0.0505252576440709,-0.05868030320795525,0.040408119343908755,-0.049685506112900235,-0.19006337459564127,-0.060717863078470935,0.01001055603990686,0.015255051921344576,-0.08073182371002174,-0.013872419986362683,-0.004560184216317209,0.0,-0.0832107321547706,-0.03454550135927725,-0.01627553803402859,-0.023123033712843077,0.0223048730105464,-0.028758879837096685,-0.046692665485523976,-0.006451652345337178,-0.013806215940048716,-0.02100062126151392,-0.011368693682616504,-0.007651056853919647,-0.03127815651857413,-0.08042501562167415,-0.027685015522321166,-0.02443054790525867,-0.03955763504891541,-0.01869158878504673,-0.0364439439629205,0.0025220680958386588,-0.021716185518566244,0.05132742601027651,-0.025292574673970614,-0.24497986840672703,0.0021897810218978186,-0.00017497812773403787,-0.021188270688890176
2022-12-19/2022-12-25,-0.021428343570164876,0.016949200033147926,-0.06630047234001024,-0.013898120719303075,-0.0942774544027779,-0.0357142857142857,-0.011154271078729794,0.018403192468696483,0.06659603435655148,0.021756433952341503,0.025850682800018232,-0.0222221589230146,0.0251106305459996,0.009416150445580085,0.039134588854421004,0.0048000139490747,0.004363569403804668,0.041141969530462896,0.03020422358963115,0.044009132649189375,-0.02970635775347419,0.024290178547702768,-0.0020294149903046232,0.02900760671182434,-0.0028919062922291294,-0.06270620307794106,-0.011411503628783737,-0.033378723969577195,0.00797165633303809,-0.04761904761904767,-0.012607519259848154,-0.006708595387840632,0.015391622319326892,0.03872054155856541,-0.08237284992617133,-0.05851069082407068,-0.004734158776402042,-0.05792789639481977,-0.005623612092588881
2022-12-26/2023-01-01,0.03406308493659016,0.01694916810879299,0.008403390054338322,0.006711432454528543,0.1499999999999999,0.10833330507631644,-0.01534896533964547,0.032184858633554914,0.04477617729205541,0.0,0.011881942427953263,0.05113626668727189,0.009299056019217655,0.06343288329552732,0.027250398868610137,0.027070054343963257,-0.002172342868698496,0.07001254317350014,0.04595892597739315,-0.0011034331634445227,-0.014662756598240456,0.02001847747325214,0.021916013027088344,0.03486654936264877,-0.0010844161396524887,0.023767637088686344,-0.011206972068969812,0.011201209455744987,0.012741652021089678,0.010675675675675622,-0.008705723883658645,-0.015618404390038032,0.021480922908515332,0.032414879544907294,-0.03893196721131431,0.14124294191185727,-0.005854372484449311,0.009288500835965108,0.003275369537641515
2023-01-02/2023-01-08,0.010085023388861192,0.022222132823277674,-0.020833371339694207,0.03333337448080664,-0.011857784189711063,-0.10718458252933616,0.04411762358030602,0.005896557011273007,0.00013876136767132508,0.04447878810050043,0.049728243063368316,0.08108113280108631,0.022022352190129935,0.008771948565590604,0.05979082557253479,0.046511677518444206,0.04136437210402977,-0.03179754824268377,-0.015354324430927213,0.008717318377097216,0.02476192656017484,0.0389490896889344,0.04598731964967406,-0.07060928679314504,0.011739740815159605,0.08168517601771375,-0.01008736365844487,0.033163438668025735,0.06073752711496749,0.00294156972857329,0.07903983533372294,0.05789022298456259,0.02863547207397943,-0.10204083313109547,0.01676474047243781,-0.01980193033758304,0.0003680529996319404,0.010123320449107354,0.014942889775743096
2023-01-09/2023-01-15,0.01805220413389841,-0.021739044880492164,-0.01702126838442375,0.09612901217420955,-0.0844000344854372,0.10966588649857067,0.03014930372258129,0.017985124485072168,-0.028644779454208735,0.024504776320961597,0.004729679316127333,0.09999995727303568,-0.011213624917297826,-0.008695670590427973,-0.005763767788964369,0.081481387862401,-0.012195203098480989,0.04152809190716655,0.015625165444472344,0.009259241205670676,0.13986989613636047,0.023830315331871743,0.05516793999261349,0.0026995122226713963,0.02487897755068591,0.011129030479887225,0.05472877173542101,0.017924093928829876,-0.003476482617586929,0.030395947207038976,0.09441127196452137,-0.019862180786380246,0.044413133985759856,0.1276223856380645,0.1372904945679787,0.4191919341118313,0.0331125827814569,0.02441690962099119,0.027033952999557576
2023-01-16/2023-01-22,0.01469906490463524,0.015199781873873164,-0.01835501673148643,0.02884047041036153,0.01310624615898659,-0.08407111813126089,0.06370475776008622,-0.028275177178254007,-0.00794662672697688,0.008924223696289202,-0.000224173646560355,0.04955284842925134,0.002547146522640098,-0.021052664348975347,0.0026087037680146974,0.0034247053021596585,-0.03703699679674388,-0.03153589575139626,-0.010000113016416012,0.004731519447987997,-0.00886672158814572,-0.03917095080557598,0.023437608187465653,0.056923086174272886,-0.008156621882139059,-0.02515740943721756,0.06404683819516732,-0.02839972860327611,-0.06628360352965323,0.005304696597231207,0.003470485600368889,-0.028535980148883366,-0.055450734536933055,-0.004651121528422064,0.05562454420900198,-0.01779359366190103,-0.03311965811965811,-0.0030238349341871196,-0.006881003808575925
2023-01-23/2023-01-29,-0.03196136338336142,-0.0939503498677422,-0.017022406919185107,-0.062356887007814055,0.00043130904272947745,0.016019129255861575,-0.02313633988380437,-0.01843894019210235,-0.010675274096352605,-0.044545387076505794,-0.030642775213403084,-0.025545063030752546,-0.010000115851169333,0.019713079947771606,0.005782028146877671,-0.0648464161258071,-0.07362631849377277,-0.0909495389955487,-0.03030311075264902,-0.0016654422362955001,0.05131103201819576,0.0472674046429129,0.015071438508338142,0.07350804019080792,0.03414671092474797,0.07016147482816426,0.013772767247794304,0.0035913806863527853,0.03384615384615386,0.0012870012870012104,0.002964400524747113,0.0025542784163474774,0.038792071968794195,0.040498403264002336,0.14159975922844392,0.01811594136128658,-0.0353591160220994,-0.017841213202497763,0.02518479766430537
2023-01-30/2023-02-05,-0.008076039048227734,-0.015384800765830375,-0.030506905071576162,-0.0799268436598558,0.020258646262442337,0.07557082540563487,0.013157956494544765,0.011215129062749796,-0.02132996012253674,-0.01834863895116401,-0.0281418378416306,-0.044444413096714874,0.01010112830444121,0.01933229269111192,0.0,-0.05109487760821407,0.01225776314579008,-0.012681148868987524,-0.037660099776431144,-0.012195196028509048,0.011248058977967101,0.027644396145935834,-0.01754725970686688,-0.018305108460289432,0.027535799857651755,-0.003014349834692953,0.05444290970743482,-0.005301524188204065,0.014455782312925214,0.07326478149100257,0.021674903970160475,-0.01995753715498938,0.005487260566171992,0.06736531402190371,0.036091514810829395,0.049822026052164015,0.002290950744558984,0.05504087193460494,0.01603787450584493
2023-02-06/2023-02-12,-0.03017250517975656,-0.10624992237897712,-0.04613602788795723,-0.03249334130344905,-0.01901152819516383,-0.06983987783712897,0.038961018034423756,0.039075855532914705,0.0,-0.007873135948497145,-0.002160960060594519,-0.11581401903534172,0.13333320897332102,-0.02586218635927595,-0.03305551655003347,-0.03846156451548444,-0.011718770993340621,-0.027522781816532227,-0.018318202982826937,-0.011111089446804723,-0.05590481490877708,-0.02333245209753021,-0.006786703511085013,0.0013812472849237256,-0.024326007572888386,-0.03779291162060039,-0.09744229131503446,0.03194536975349771,0.0044006705783739,0.008742514970059956,-0.05255545634604053,0.025996533795493937,-0.0003545313338008116,-0.03646566966461029,0.007819760442101531,0.05762710140249827,0.036190476190476106,-0.006198347107438051,-0.010109651066058434
2023-02-13/2023-02-19,-0.0271605315834359,-0.0034965662690746857,-0.030223683645573263,-0.11309120146201845,-0.0478035242426782,-0.029979214547605437,0.025000051697460224,-0.0557870119064755,0.020512964427055858,-0.018072200088964818,-0.015529724207536066,0.051551929585992085,-0.0002888194224563989,0.017699341209765684,-0.028834747474343447,-0.04239999112331616,-0.012252919000416806,-0.07735844300827044,-0.10771837806215379,-0.011235932902300516,-0.004200426795877843,-0.00646434587266187,0.026142597518372224,0.0379310533829913,-0.005398491260753757,0.0764028659854794,-0.002326269579577156,0.06568966073791915,0.06300855414145623,0.05318770034429532,0.01272264655742017,0.022804054054053946,0.00850825936529076,0.13973799914682927,0.0057842435682982085,-0.01602564128689299,0.00588235294117645,0.023562023562023526,-0.002133049193989822
2023-02-20/2023-02-26,-0.06091354813168792,0.04000008957082146,-0.11255629265681155,-0.09582684886067305,-0.0275893999581307,0.0,-0.03803167604103386,0.01737093025877745,-0.07060305399006872,0.0,-0.04088371599291063,-0.029514799292415295,0.0015715483884999326,-0.012173987235724049,-0.05417814481707128,-0.07268177686184119,0.0004000922948583785,0.08179956967521829,-0.06511404734421467,-0.014520198630850412,-0.038065813419854266,-0.03224902697243748,-0.02411516800302793,-0.006644584422165978,-0.022449156621884403,-0.07835532026175629,-0.055325926830828265,-0.02162718846549949,-0.023159960745829267,-0.06797429827527901,-0.02763815314591289,-0.001238645747316247,-0.00920976088238723,-0.04469986054187702,0.08874127673222065,-0.08794786762561224,0.02119883040935666,0.006431956668923489,-0.026695590997707797
2023-02-27/2023-03-05,0.0037836890436768744,-0.004723314073128981,0.07203323908587755,-0.04444438858814925,0.06930228532508953,0.0,0.039535268567383985,0.018333137113023312,-0.027845333730563415,-0.008413789780446601,0.029324352825023325,0.027319631871265626,-0.05315803375690309,-0.022711394595587908,0.029126305702873667,-0.05045040220592212,-0.01159992545111077,0.13327006395362795,0.15505850729109039,0.03587439374333079,0.01497327835164608,-0.001461218439493317,0.043244267198567776,0.03678931777015815,0.014416829846240153,0.10100999368848806,0.05071243705051942,-0.02947368421052632,-0.03757283504118947,0.00882922109337203,0.03979330452629104,-0.011575031004547376,0.019371433875038147,-0.018716559642861674,0.025938450572991156,-0.017857142857142905,-0.003221188260558394,-0.011436259670366655,0.01935603020739607
2023-03-06/2023-03-12,-0.017232099692976788,0.0016947980859745027,0.10518377023312686,0.01520570638269847,0.005219806154106443,0.07376285376687286,-0.025458539111806178,-0.027168463612030846,-0.06840941538159429,-0.01701427131879607,0.007431777940018147,0.1540391024348844,0.1808575495014222,0.006845737115822148,-0.04748420434910672,-0.005629953310875679,-0.07324967297101381,-0.06588816069295322,-0.010563431116479616,0.038910324586787226,-0.04394097051524459,-0.10812881625573023,-0.07659975501257976,0.0,-0.02030966679389956,-0.07492350077825094,-0.0322477558016927,-0.018278678065586362,0.012108559498956062,-0.025776285817048272,-0.04771376499892166,-0.010874111250522844,-0.06967847885452505,-0.1607629810143456,-0.03871910511457255,-0.18545458244554924,-0.0129263913824057,-0.01650221163661114,-0.044710321931996866
2023-03-13/2023-03-19,-0.13972590667748863,0.014551584887893876,-0.05797171641061516,0.035242215499158736,-0.004759899204307194,-0.08147828475288721,-0.004760215359279729,-0.04665770029534233,-0.01582093214074931,-0.04055201974018663,-0.09098363698076939,-0.004347897162927827,-0.17421138075495113,-0.06960088491090688,-0.09772211941725528,-0.08879777690206458,0.00436678990726147,0.00892862003714101,-0.10142362619418699,-0.011856457539171306,0.09059840501681649,-0.08093813888967882,-0.08460906273827706,-0.014193539059529803,-0.0016662811680838718,-0.06611569378568405,0.12126234618509324,-0.0363931762794476,-0.11509900990099009,0.03236524735417179,-0.08559495838774489,-0.010570824524312905,-0.05866066787359514,0.17207791705138753,0.12037297446085349,0.06696428875533922,-0.014550745725718461,-0.04947240961771315,0.014661078500328273
2023-03-20/2023-03-26,0.08280233521435232,-0.0010005013150206077,-0.05801980396630568,-0.04340420751081131,0.0,-0.008141632421785672,-0.024294659129718288,-0.01682357881761909,0.1373976309724818,0.0003748283531794794,-0.010008900721618974,-0.02616132255843806,0.0,0.019038571955548367,-0.0007317890646816316,0.0052354439822708265,-0.043478307450933174,0.007079723462834586,0.022772419691096335,0.01987947782065347,-0.008287010814695961,-0.024442780754178828,-0.025762658545030903,-0.011780120113636716,0.004270857904161929,0.018583997779479722,0.03759107741108614,0.04538863598044185,-0.007226107226107281,0.05244963642865663,-0.013127827410210346,0.011538461538461497,-0.00715357760759594,-0.05124652303476873,0.0409719894824625,-0.205020886665499,0.011443337024732436,0.04567788898999092,0.01022564875550902
2023-03-27/2023-04-02,0.029117709084701238,0.007679418980851338,0.11758238404661747,0.021352248679735286,0.019130471250200953,0.0067768133684880105,0.10323589625039231,0.1068564398119991,0.07866670737024362,0.008946524567303937,0.06694592762885376,-0.024048513708772812,0.06382961976220058,0.05472706005549455,0.06847313278909173,0.047916809519539694,0.0954545310293986,0.040421793303473175,0.09293310638620667,-0.09627879525031979,0.05258334664764952,0.05379506490897579,0.08768256603421953,0.01721850830450178,0.03600149384348961,0.09470018498174548,-0.016217789285668638,-0.014193090545466247,-0.006339516318384586,-0.0032846301959451596,0.0775013403287832,-0.01056189269117025,0.04323103960373875,0.008759115856186162,0.03726801022785198,0.19473681533545784,-0.021532846715328513,-0.015140967629655444,0.038668754515199355
2023-04-03/2023-04-09,0.03598698033981784,0.023856748013820095,-0.026548643355577384,0.010452978201717311,0.03408845719300779,0.030242649890871665,-0.017131724623563827,-0.04990141258953873,-0.0007415358344367018,0.049210848356817216,0.02603731152899158,0.010815738146420673,0.11999996829039805,0.02799231729195739,0.05506752566953743,0.04373758956277518,-0.03692942830166668,-0.0202703031687681,0.009743310023865082,0.12909905657193743,-0.01190825197048373,-0.026573469450320353,-0.02196638765653347,0.00520836867612795,0.0008257197779648617,-0.02142855038296687,0.045213513480832024,0.009162003861130197,-0.000945179584120992,-0.03295454545454546,-0.026838433844536214,-0.009393680614859123,-0.02179411891051586,-0.023154826475434986,-0.026640765845761027,-0.06167396537957692,0.0029839612085043044,0.006891676974730476,-0.0003190328337612236
2023-04-10/2023-04-16,0.10963161384107889,0.029126175311315894,0.3292929909446023,0.12068959365410836,-0.038872386318616,0.06588758427121699,-0.0073850422068239,0.06730778774912549,0.0719102508412921,0.01946901978282889,0.045261561239932746,-0.010909091312645613,0.08892868492994044,0.026455045680214395,0.08017436346050699,0.09498088732864796,-0.02295710387713268,0.03195440936080285,0.06344862353397107,-0.025324697883252312,0.004409216033719465,0.060344852267931515,0.08068049157438817,0.039572518043028415,0.011479610096100545,0.015409634342060663,0.004150475548869714,-0.03699620634869172,-0.04470198675496684,-0.027849588719153884,-0.011031376991104236,0.0,0.09687571592264588,0.0014815153899017108,-0.010319267285863187,-0.00938970695603758,0.0,-0.035626535626535616,0.00808604407675051
2023-04-17/2023-04-23,-0.013275298856092466,0.0236684808983878,-0.0311550601319166,-0.023076834781002975,0.02177784161316576,-0.08486576599897111,0.02558752350586091,0.01567599569449518,-0.055374712948050075,0.032986099866749274,-0.008198641692740871,-0.07490810973715334,-0.038256471797150304,0.030927620953777435,-0.02329194801842782,-0.00909610355192858,-0.028828849712886906,-0.04965748809911563,-0.01528006612227395,0.01265826346720833,0.04341036831048317,0.011856451891191888,-0.010694156181543013,-0.02186772834090156,-0.00011656562534467785,-0.0567092391912124,-0.031780959033439804,0.0023232323232322827,0.023520673434018313,0.0009670010878761737,0.017847166167188844,-0.04741379310344829,0.013046969593128122,0.026627192639665953,0.013491253203526288,0.10900470449203215,-0.04499814057270357,-0.013466787989080964,-0.001055304228639642
2023-04-24/2023-04-30,-0.0685642046168522,-0.022151951468920683,-0.019607843137254943,0.046456685349981486,-0.04219219924559259,-0.009433962264150941,-0.023030668872892845,-0.006564294294717721,0.036699515893724666,0.0,-0.029695059908857124,-0.006449674659959936,0.029894230811832845,-0.019999903855970724,-0.07472176590198454,0.07085925118887659,-0.021335729724921593,0.022522547543794458,0.0,0.0013157668800520828,-0.014117447168617958,-0.01975238173768279,-0.0399755110701383,0.047770678436926506,0.005780237867119675,0.005927247050387496,0.018309376903047125,0.043736773153280284,0.029027576197387495,0.07148895060982974,-0.00986303042059078,0.012217194570135703,-0.01636530943628245,-0.033141212849730706,0.023231075889809105,-0.03846149666121601,0.02102803738317749,0.02047592695074707,0.009139128843090871
2023-05-01/2023-05-07,-0.02777765392293785,-0.022653594569917557,0.016000000000000014,0.0,-0.013624016456643795,0.027809506370907844,-0.007837166914846372,-0.03186300368375583,0.0525064843318539,-0.04756304251409749,-0.015715528095891718,0.04499999084443029,0.02670415196024889,-0.036832841732017285,-0.03264604797258486,-0.04098363835898344,-0.06587677354864452,-0.0651981791071945,-0.02586207636745841,-0.03942177777866329,0.0019915288757217375,-0.053620269064009074,-0.005145359340453459,-0.034164119852934105,-0.007230076995836443,0.02186440222464503,-0.0164896317051475,0.008464484567603181,0.0263281617301363,0.002366730530823924,-0.006640782175504789,0.019222172552525674,-0.01085069603653499,0.10283160257790525,0.033550701739486044,-0.03999995478877316,0.006864988558352492,0.037780187997107806,-0.008061672825682598
2023-05-08/2023-05-14,-0.051428689358585244,0.02052960353537725,-0.03149606299212604,-0.005267078420025606,-0.020257789665601766,-0.0409562476273021,0.05219227348138644,-0.037223394377879804,-0.029345202675541193,0.001985133413992868,-0.014285521195749773,0.018779694272310632,-0.03182567656638635,0.006927304350609731,-0.011367565244767786,-0.021367444572701455,-0.011161854177977104,0.049010287246243234,0.026548680366553334,-0.0025198507601220665,0.04353585382063252,-0.0223745191640079,-0.01878234724937977,0.027608553785566814,-0.000933670766474104,-0.026688908588810456,0.11310031114767627,-0.02668028339822559,-0.046953733394411334,-0.007195862379131945,-0.012813450685742245,-0.0061403508771930015,-0.019306591175686005,-0.005405400180747089,-0.01185482590667608,-0.07407411768057937,-0.0049242424242423866,-0.03570806479707367,-0.002163882453138588
2023-05-15/2023-05-21,-0.050301281523082886,-0.011356199169953118,-0.024390243902439046,-0.01664157337493266,-0.061560226428463594,-0.02521739720146432,-0.03731838403792642,-0.01540715166812312,-0.05155317351838251,0.0,-0.010741879767385498,-0.02999647751826484,-0.007870596441378663,-0.10037043372737042,-0.034854650922185204,0.017467203987955093,-0.025141166425690642,-0.025423078967775514,-0.012931181287924365,-0.018895790099685228,0.054326117791732464,0.03765239052726477,0.005720590566560935,0.015816965424298335,0.018574289170962377,-0.0017138859050389588,0.04467709600210257,-0.009082562791002724,-0.005046863734679219,-0.008154020385050975,0.041196471663224266,0.0,0.03788193100677417,0.12771739676200355,0.10317553571396099,0.034999974568684866,-0.015226494099733534,-0.013728323699422007,0.016977548807576515
2023-05-22/2023-05-28,-0.0656516587841447,0.0013128913155002753,0.03750000000000009,0.04230779574926302,0.001502154515814036,-0.0831598715472811,0.037275291888886564,-0.057637867796597186,-0.016752392776403946,0.0,-0.030506641795597478,-0.03165498377508613,-0.026280222710819423,-0.010784428294585369,-0.010796589560420844,-0.012017108661848241,-0.03520779622967385,-0.006180487466303286,-0.017467159852817327,-6.994092640999483e-05,0.03320430632560489,0.007114823388767011,-0.02428365587948944,-0.010423322828022052,0.0007340291093012041,0.037768425285684026,0.015070039197777385,0.010886469673405896,-0.007971014492753614,0.059831011646494625,-0.012466202714038088,-0.01853486319505737,-0.01609427669230934,0.006024119227211244,0.24571405970066174,0.05797099134585837,0.009277155005798177,-0.00586080586080584,0.003380297863913251
2023-05-29/2023-06-04,0.038696528959173415,0.11438854359076878,-0.00024095405057733554,0.06937265184441377,0.0,0.08108108108108114,-0.08004060676187563,0.027578353294649194,0.0,0.00999426508251311,0.026355637692327516,-0.025000137333544115,0.0,0.017918823472497625,0.06059461294622226,-0.0026064846131430564,0.05122179240084335,0.0,0.0,0.006935309580268223,0.03446839870627416,0.014129190968653171,0.0385651026507865,0.004551332323707857,0.02042267279508425,0.024813808055276665,0.00048144736679778255,-0.026186579378068786,-0.025566106647187725,-0.029519500107735408,0.03128439207761469,0.0,0.025777855643638103,0.06467065115965642,0.009782569923237672,0.004566256707654759,0.0,0.017870302137066973,0.019151511879363925
2023-06-05/2023-06-11,0.1062091989381373,0.04029409423740504,-0.01582711658538538,0.07869202154732391,-0.0004998984436371812,-0.0006999969482421875,0.07919939887924343,0.007293040217819735,0.0,0.019180465868293695,0.0479670170693427,0.0,0.0,-0.0017650185604789481,0.07132709195132869,0.11488032141221938,0.060716128086644394,0.0,0.0,0.021809235142020267,-0.006599595129369917,0.027640835783435902,0.04274620673983498,0.016181259440134932,0.005638064089175776,0.10895888465540438,-0.019571564668143027,-0.03808403361344537,-0.02298850574712641,0.027087033747779765,0.036189375449429795,-0.02383093525179858,0.0038441384390717204,-0.05399330454145268,-0.014163210666768067,-0.018181771943063474,-0.03178858674837226,-0.03963800904977377,0.004500812522240105
2023-06-12/2023-06-18,-0.047562824567035644,-0.00197898771557925,-0.02857142857142858,-0.007279948945794534,0.025012475358589192,-0.09086362256905145,0.00048215774604210004,0.054160066214337554,-0.10773061821501373,0.0008554317776361398,0.0028677086405988206,-0.023076859030062846,0.0014581743374832978,-0.06679763354049961,-0.03974819441116573,-0.004065000444222422,-0.0014677605567576801,0.12615957595403127,0.19555552451407476,-0.031929352274453704,0.01668960182695045,-0.0027331861972712534,-0.002277456105874043,-0.0076433010064203,0.029394623153250254,0.0494906148190728,0.01063564118671012,0.013488485865045252,0.0023017902813298186,-0.022049286640726362,0.05649719672641362,-0.03270382312298481,0.01595620645815843,0.02615936635201077,0.10127471363487817,-0.03240744120244898,-0.04113924050632911,0.007538635506973312,0.025871500760998423
2023-06-19/2023-06-25,-0.037220790901976386,-0.05779042973992876,-0.01680672268907568,-0.04000001684710741,-0.0019520768993772641,0.043478311986564266,-0.03468675536249377,-0.10674528897135038,-0.03297932660050873,0.0,-0.037510459016484754,-0.002624692939954709,-0.07123042616185171,0.023157820079334313,-0.04242845188848687,-0.01744814998883837,-0.020088157655112404,0.0,-0.021561354501359653,0.020943211346619472,0.03060007994783631,-0.04933205014720299,-0.0450301397930416,-0.008344070847058571,-0.01735885139582527,-0.02773932167503157,-0.00963338563242866,0.0,-0.0005103342689461998,-0.004531388152077764,-0.017501245293753964,0.0,-0.03078303366407953,0.042873682578514316,-0.011313610398363427,-0.06698565728602002,-0.0008250825082508628,-0.0013093901982791367,-0.013917324132948328
2023-06-26/2023-07-02,-0.0012886037210749768,0.022248944579312147,0.017094017094017033,0.03125006855105661,0.0019558949567399786,-0.1002109672381899,0.047415675422919135,0.024269550906916182,0.040462321418727853,-0.03760682814014171,0.004893370863093827,-0.026315743822640236,-0.023000364419110686,0.0,0.008285297460886465,0.0042213973959173146,-0.019499963463639025,-0.009884806016796643,-0.015957360478317972,0.0017596264512098614,0.007964113235244374,0.033873940775922096,0.0004346221809028439,0.005760591265285608,0.021176582532510313,0.07917257319493376,-0.021579121789871647,0.0,-0.006382435537401032,0.021427778394581987,0.05987140260441337,0.0,0.04746139485474732,-0.1277777883741591,0.002203320658287433,-0.061538435455061435,-0.0049545829892650994,0.034088780670537444,0.019193625777602197
2023-07-03/2023-07-09,0.009545219386705162,-0.031176533484932434,0.06672270959164917,0.01010096068214339,-0.04831619159624201,0.04454859655816823,0.0009534023565642702,-0.009246912103271332,0.03727842191372566,-0.008570079146852816,-0.004055333391873472,-0.008648730899418755,0.0070568854014818605,0.019916341171417384,0.023008901346033284,-0.023750240574406334,-0.031616543249463724,0.013311231191018402,0.050960343866633284,-0.003021808967129891,-0.004449231576703627,-0.005576950268501246,-0.006515884030509511,0.04897352694410251,-0.005081643510614908,-0.009914112954402587,-0.001837888919665187,0.018929076302451442,0.03083247687564228,0.01076086956521749,0.012138199250969484,0.012380952380952381,-0.007563380369161599,-0.017834378112919103,0.004751398021894282,-0.03825140674774763,0.011203319502074649,0.0,-0.006890630075507831
2023-07-10/2023-07-16,0.10855260000490907,0.0610200667166545,-0.06542461119779208,0.031333373438808376,0.007179401974745092,0.009315396692130884,-0.008897727536656963,0.018023380269144518,0.029991940375488246,0.016661382824684656,0.031774509822824815,0.03834789704758634,-0.015151495037230123,-0.004065293585923335,0.05481430379973129,0.02627722083831574,0.04476037808012623,0.037628730475063765,0.009036132577214806,-0.007390225145056384,0.037756156130169805,0.0203295892721167,0.00021850835823289394,0.025153362147247504,0.023799133979993004,0.0,0.0497153945310147,-0.026529507309149936,-0.0012462612163509634,-0.009355844714485473,-0.013837690968000582,-0.006585136406397019,0.04474540715379338,0.01815821865018341,0.06978350934495237,0.08522727395877361,-0.0016413623307345304,-0.008150697337438895,0.024522839100125537
2023-07-17/2023-07-23,-0.0029672541203674685,0.0734684557548424,0.13330799955523331,0.020685214138691954,-0.007128225577954339,-0.06404984006098091,0.006575291819837403,0.0401640666421772,0.02308492314254762,0.02189530927622818,0.008175504372141207,-0.01062317284907821,0.0020060269268107334,0.044898155341039026,0.0034187024183589543,0.04953972130734674,0.028225826471130366,-0.016207424078999888,0.029104540035544524,0.012298688440760097,-0.03474898225638845,0.0985914775573804,0.028415124458744945,0.08019148233016837,0.007175469632530795,-0.07009335794457272,-0.04305536287129663,0.01918798665183541,-0.007237334664337403,-0.014003473729917504,0.019176883575988013,-0.007102272727272707,0.034586317151473756,0.03821652452768376,-0.025511968730756673,0.06282726591189802,-0.03616933826551583,-0.0016435354273192093,0.006783426108845081
2023-07-24/2023-07-30,-0.008928586226082613,-0.02234636200605067,-0.03309778392895957,-0.018999406977052047,0.0,0.0086729639160541,0.08329344794797677,-0.03939895746989752,-0.0725642297185598,-0.005863179333668422,-0.005042020063605102,0.00738672153756692,-0.019230940623070958,-0.012695462646288957,0.0003407899201726128,0.03776554713138025,-0.029411784993909618,0.0016475128185318155,0.04423492458553646,0.0020547964003936325,0.017000051645132297,-0.0025015131415984104,0.007651506533886243,0.008864298231557433,0.0077145284206570075,-0.04809766680639871,0.10464923029001794,-0.02220327421555257,0.0012569130216188995,-0.002312011449961515,-0.02615886086386876,-0.025274201239866456,0.012649359020391548,-0.047852688086231776,0.05509054103448596,-0.19211823431511155,-0.0034115138592750727,-0.016279495152734635,0.01034714006038473
2023-07-31/2023-08-06,0.005705724165761872,0.0,0.019230769230769162,0.0006455655924755277,0.0,-0.02237928729953853,-0.008812471949655287,0.05620105783264284,-0.004699935028667168,0.00607120241618575,-0.005912180113982424,0.0010537653814275405,0.0043138264137512206,-0.003917328222831529,0.020435901326310235,-0.013646694871910614,0.005050508639877549,0.027960521601534616,-0.048611207972129256,-0.014354080090654753,0.05566901321077977,-0.018808769852870055,-0.035857373045492746,-0.011532175243631815,-0.012800926946947011,-0.017321816531176037,-0.03371551305302534,0.015382468868812893,0.041928194828019016,0.003089825645552935,-0.04382650461453441,0.024461839530332652,-0.005672096834277829,0.045103017715482974,-0.04427821291134082,-0.42073171629972816,0.038083012409071415,0.01729267385645228,-0.022602186992416673
2023-08-07/2023-08-13,-0.07136453597986969,-0.025428567458315565,-0.018905697228773555,0.00258066435752613,-0.07692308505330037,0.024096385542168752,-0.05534564253964491,-0.045288887034597325,0.038888934061867886,0.0033733747559616667,-0.007154835331965703,0.024736905035498635,0.005076252622888466,0.015999919826022557,-0.06742321571199295,0.021521903788476626,-0.025125645907648764,0.006399919426447465,0.0,0.0020804457550862576,-0.008311267473209427,-0.00031946658049863963,-0.01362684181992102,0.026388930435097047,-0.015678949673379683,-0.058184680358753016,0.011318401373790143,-0.007214015802129881,-0.023855421686747036,-0.018921892189218914,-0.00492855480322818,-0.029130850047755508,-0.01006283674430375,-0.11590624169871155,-0.08560878353643797,-0.021052644963850065,-0.013190436933223415,-0.009870224821787565,-0.0023635602789248145
2023-08-14/2023-08-20,-0.017685011243556592,-0.017883348559433854,-0.038424518672312113,-0.06048906886058503,-0.0005555571458423225,-0.042941194422104756,-0.1216635465149607,-0.004735434880259293,-0.0775400046740099,-0.04310351299126158,-0.007913033167507466,-0.01746279323811295,0.008292421139830752,-0.025590507168837817,-0.0039369805686484405,-0.03510830623767003,-0.04639178622754436,-0.06279806224436746,-0.01459839055916623,-0.017649810727055737,-0.037497307305014105,-0.06967083542251296,-0.052052840249755206,-0.01488501296916278,-0.020384443832798027,-0.01482707704778885,-0.01620868842040213,-0.02768166089965396,-0.02493211552703034,-0.04496523884278991,-0.04754833909993739,-0.011313330054107285,-0.03548073113588235,-0.02928870793757621,0.059821380449852635,-0.007526849008742675,-0.027151211361737704,-0.023260107070334102,-0.02032205490383776
2023-08-21/2023-08-27,-0.06055632626839946,-0.056119355146097005,-0.03288000488281251,-0.1363013185890375,0.0,0.05925015101699782,-0.07606091404764326,-0.07926319326311937,-0.02898563887208716,-0.027026946026498577,-0.030765095554136868,-0.016727595826948605,0.0038611056525357235,-0.06464654781166534,-0.005389910485270821,-0.0954045402700614,-0.02162152940544948,0.0008481657832650757,-0.07407418368787544,0.0003550736197923676,0.0003002048173423866,-0.020955033673318413,-0.02390529333528124,0.015659351791052822,0.005669054136814955,-0.004180599615846159,0.0189863638362906,0.02530249110320293,0.011139240506329084,0.04614300810144423,-0.016640650152974668,0.02189054726368167,-0.012888574761023341,0.01724136277318622,0.06279588637786815,0.09425780616337409,0.03177329325890943,0.01833301833301837,0.007753942147499249
2023-08-28/2023-09-03,0.0,-0.025933021713534954,-0.06940193094555391,-0.06819988470219973,0.11172859993380468,-0.025763041289040944,-0.13192224557532684,0.09738209492017136,-0.09313435040051443,-0.030555552032371147,-0.028757486902660556,-0.03589047916404098,-0.01057703304229951,0.02613418017227742,-0.007225383531026086,-0.07169215481923252,0.007182269696292876,-0.050847447007710045,-0.04000010712054447,-0.028168988304042242,0.036470064615695685,0.01684211271086622,0.008486868256879276,-0.004598327341751585,0.02980251456632943,0.019311561459261606,0.04450268532107304,-0.010690361320329078,0.01827741612418632,0.03007856341189674,0.01586458167537219,0.007302823758519983,-0.001563997553344021,-0.011299424374029976,0.05413112524567332,-0.03564356273597147,0.004161464835622075,0.03656273199703053,0.02600193894163061
2023-09-04/2023-09-10,-0.013937485316943277,0.35909096341884417,0.01777777777777767,-0.017488372359776072,-0.08999985675967082,0.012507481714444602,-0.09819641797482537,-0.03359202135172035,0.02040821034790885,-0.022445120992770407,-0.0062384324184979745,0.011860984607658942,-0.02021373929796133,-0.024195699178312435,-0.06550221885418883,0.02966895518382251,-0.06747119454172557,0.03571421498821281,0.016666857139206348,0.014492739974866664,0.0007964133669293716,-0.013238940115303133,-0.02404420444517341,-0.03152173804854408,-0.009208173365119143,0.013179529192285822,0.0053073442711826235,0.018313861698768585,-0.01180231128596021,0.0013074743952929957,-0.046330006874795715,-0.019816336394393397,-0.020364996303899985,0.011428560529436416,-0.0605455663558786,-0.02977409145547616,-0.0029009531703273472,-0.026857654431513,-0.012828083426701054
2023-09-11/2023-09-17,0.16572453036433688,-0.06832294149603046,-0.0786026200873362,0.22192268718710184,0.0,-0.16929411046645215,0.018518521914744346,0.054347869951311356,-0.06483874151029612,0.02589158134525138,0.015178550215350084,-0.015269722815420939,-0.0835152957485017,0.10000000000000009,0.08255464683571256,0.05904400751323813,-0.0427975920471525,-0.017241437393750725,-0.13114751051232676,-0.09000000154713472,0.01562615733828787,0.016925160143084428,0.052229392699805643,-0.0056116413655316055,-0.0012206246751650385,0.02520320346617244,0.007479034510156968,-0.024186046511627923,-0.022891266484200035,-0.05680087051142546,-0.01746723254120064,-0.03205128205128205,0.03462412674263016,-0.08898306797030897,-0.036609802401290414,-0.14603178981623854,-0.015793848711554426,-0.021527138914443467,-0.0015878387863675902
2023-09-18/2023-09-24,-0.050621488777795265,0.08205125378512546,0.09004739336492884,-0.06951984060546401,0.0,-0.13609971005923938,0.0,-0.040804131243744046,0.04863751432199748,0.0,0.008214108658885833,1.1079258243729129e-05,0.021701691227301367,-0.031620641650501935,-0.018345437534806885,-0.018737240527934573,0.024667931688804545,0.035964929022182845,0.042452745615629395,0.04279901843649103,-0.08027640374284328,-0.04160883695938289,-0.04191040382524458,-0.05191875144522695,-0.02420618866721591,-0.014274361229135724,-0.052037850891587634,-0.02453836104932383,-0.01018589253883373,-0.028495616059067808,-0.046111106872558594,0.004075394803871646,-0.020697618684502928,-0.009302316985087988,-0.05216407882697083,-0.1214373704208268,-0.023226351351351315,-0.047386235426852163,-0.02882036030770596
2023-09-25/2023-10-01,-0.016283425378805227,0.1635070887859149,0.0,0.08656738831426014,0.0,0.3114754098360655,0.029090950341410515,0.028610635557707154,0.05230263412181091,0.03619039596294349,0.031673418128771,-0.004427195521543248,0.051265908549330996,0.050000057498310824,-0.007695155616376237,0.002099594733872223,0.08024691358024683,0.12023711288483918,0.11040727422119789,0.02670179026840369,-0.015489408660450343,-0.009406718610483478,0.005131863915737611,0.0029762103754564784,-0.00960185261924662,-0.0008045547973101197,0.004683393816943049,-0.02168090343130158,-0.02263956779006948,0.017693860586628585,-0.008153720968337663,-0.004058853373921867,-0.004871972485753551,-0.007824681524634225,0.04539781330883952,-0.1664316332553356,0.0034587116299178433,-0.007303592577970752,-0.010731431312711925
2023-10-02/2023-10-08,0.0013727564382479684,-0.018329960746061302,-0.04613043743631118,-0.02545456022018522,0.0,-0.14674997329711914,-0.045936437184094236,0.05272578044263487,0.04269815533993726,-0.00781249156905961,-0.015084355336090205,-0.018899489145226656,0.029886899676317302,0.008351653335649134,0.03250007675866584,0.0313592221179515,-0.08514285714285719,0.05064256701090186,0.04881854755067683,-0.01612899383947708,0.006607900564360225,-0.047845133704666365,-0.013615326985354503,-0.041543013805354634,-0.00729896515789652,-0.033816340873895956,0.05135257651266678,0.0809500906433831,0.06712292708607537,0.08984830805134192,-0.01526718839686958,0.061130922058074466,0.0005517461724509065,0.04416399467386456,0.05202414515727072,-0.20981384147770143,0.08703145196036188,0.07794790216742897,0.008569391894035272
2023-10-09/2023-10-15,0.015999986138196975,-0.03443975195279525,0.05246362431677465,0.0037313887940459978,0.0,0.12803981233880735,0.0,0.0,-0.03030298535715692,0.018990321931266818,0.018018002802537625,0.008498643915825,-0.019607898379641386,-0.009901077394646185,-0.020325287443671902,0.012216476199883974,0.030605871330418477,-0.007958628293284087,-0.008799942672367167,-0.0014903680486008097,0.014301298958685482,0.02646729160888417,0.021197829249022915,-0.06185762168975206,0.013386718067182724,-0.015833271944982408,-0.0015991466474067906,0.005852756956566285,0.011346817957572863,0.001927194860813719,-0.05187840283156531,0.01392222755640904,0.02751243944063564,-0.0694864117974413,-0.00657755341729338,-0.08137047285499865,0.010701545778834642,0.014757424829367372,0.004714117873967583
2023-10-16/2023-10-22,-0.019028855164792247,0.05836132585839571,0.01775663149369211,-0.03345727825052758,0.0,0.0,0.32296298184597805,-0.002400013213496699,0.015625007966480142,0.0,0.011504471991843124,0.030898842499564427,-0.020199562551808437,-0.05882345729090188,0.007544399664806578,0.0,-0.011515151515151478,-0.025185157044178452,-0.007264028696159941,0.0,-0.0355959269294539,-0.016816162881956087,-0.042239937495839985,-0.03504716503701455,-0.023486655920961885,-0.014394588813972375,-0.01281288457891383,-0.005852729005036084,-0.040243902439024426,-0.007266509938020915,-0.048427642928492776,-0.026988636363636354,-0.03412161320520091,0.001623413819731967,-0.089615227750385,-0.11421913598291777,-0.02784313725490195,-0.01563352117796768,-0.023787956796009868
2023-10-23/2023-10-29,-0.022408007277446518,0.005869971420971565,0.06340422934674206,0.0,0.0,0.022077882444703656,-0.004759285073093977,-0.07457900539118745,0.015384560356507926,0.0,-0.0332458928314614,-0.028873862100167957,0.004295265937558135,-0.02083339761045433,-0.015350072389750058,0.004310307000222835,-0.0006131207847945852,0.0030394131338979946,-0.016260041968880756,-0.014925359865294863,0.020532074238392317,-0.04332948890746391,-0.03629009164164554,0.011012265032943613,-0.02098007742422814,-0.14432987304295286,-0.09904140362054936,-0.0396700438116101,-0.021092757306226173,-0.04725511302475782,-0.025776625272495246,-0.012652068126520644,-0.050787015958026926,0.004862193290151584,-0.021431814208867528,-0.12105256201267445,-0.012101653892698683,-0.08587257617728528,-0.024987616709613025
2023-10-30/2023-11-05,0.026342775071073632,-0.03147127921179815,0.00440178523562218,0.0,0.0,0.0,-0.010407826941035703,0.08877118440199339,-0.009393934730805076,-0.009090940627362376,-0.0071493059862065556,-0.0011223502935825413,-0.014867539515132422,-0.013757453564497979,0.025475302416554824,-0.0557939407867688,-0.036809815950920255,-0.02575747048111554,-0.008264660536232982,0.0030303331134799993,0.08501650556881901,0.1291218737663551,0.105125261196658,-0.002097281307210097,0.05404717803044168,0.060240922486338055,0.05672434110142199,-0.01753573083366,-0.032710280373831724,-0.0027115580160433916,0.08141111451144245,-0.017249876786594398,0.05387278540935747,0.07258069353967156,0.11123461069506813,0.1916166701501476,-0.03266639444671293,0.003030303030302939,0.058624015668918616
2023-11-06/2023-11-12,0.023333313118203858,0.08457058651125915,-0.047808764940239,-0.03692305818207264,0.0,-0.0025412573824331597,0.0,-0.10968524243597289,0.00825942856964601,0.0,0.002643298270726513,-0.011235908052049881,-0.0014472072538231906,-0.028260882221344708,0.011494312354598746,0.0,0.010191082802547768,0.0559875551941964,0.008333534368858642,-0.007552903946254741,0.03578637255884165,-0.026037976259749906,0.008669274929144821,0.0406779905136756,0.0019039591905702924,-0.05172902281532665,0.027033223536102824,-0.00939597315436247,0.022007514761138047,0.04746799592160422,-0.01568381471651137,-0.009027081243731194,0.023985920364712365,-0.05714287353253367,0.07399164828407945,0.037688507433348395,-0.003799071338117299,0.025176233635448186,0.013568939953828352
2023-11-13/2023-11-19,-0.016286631162727883,-0.01091275721371443,0.0,0.014377009498348414,0.0,0.0,0.0,0.045045144413002,-0.013956283421318383,0.015596313063404477,0.02000008252265295,-0.03409097293281593,-0.00449590330771632,0.00671145745056978,0.018328389955157842,0.0,-0.003783102143757877,0.02356412277694142,0.02479328813379489,0.04566214185462547,0.011284446536203863,0.08309240315230038,0.07794676466437145,0.028664479827682943,0.030602236387010873,0.04158220929917267,0.020514296624751793,0.046216948655973145,0.022584033613445298,0.011031797534068799,0.06564689359577591,0.00809716599190291,0.043638797805054086,0.00956936889347082,0.01992358507375558,-0.24939467852825048,0.017796610169491522,0.011001964636542239,0.02334135900529155
2023-11-20/2023-11-26,-0.018543102117769106,0.07522565975332451,0.0,-0.051968495880858945,-0.01098904209955931,0.0,0.0,-0.034482690684206285,-0.030769308967067643,0.010388509116582956,0.008912692025202729,-0.011764656884579394,0.017090559115103376,-0.02888904597455566,0.014398757950618624,0.014545419209570865,-0.012658227848101222,0.008633030588595103,-0.016128996786025973,0.01892284311707848,0.010745370547487587,-0.008338786865457526,-0.0028660031023942656,0.0006332855340649424,0.010978747393858956,0.012658303311026797,0.010198883715293539,0.028843461215345867,0.055469953775038494,0.04086435601198124,0.005382784466743784,0.0431726907630523,0.004711381013783766,0.08214849718703743,-0.03087350079536244,0.16774187461808165,0.02497918401332222,0.05091333074232418,0.009799409032666295
2023-11-27/2023-12-03,0.05937924261803196,0.016791021770274916,-0.05439330543933052,-0.008305664367149301,0.0,0.0,0.0,0.02232132836728895,-0.01650789951167242,0.008493477396361193,0.008657191364529693,0.011904711733432993,0.024180308897015612,0.025171782904881645,-0.00354857479327908,-0.034050154690088874,-0.002564102564102555,0.04564903782329455,0.014754056783142566,0.019999965963034994,0.0019762387575099627,0.04137220995104007,0.04421848183299848,0.009493734711564228,0.006184511964426154,0.017307635701432345,-0.035335428456771845,-0.0023816004354926257,-0.011192214111922172,-0.029804727646454254,0.030339098458338043,-0.009624639076034613,0.021492680192899405,0.06131388060456833,-0.02116129799006483,-0.20994473343001796,-0.0170593013809911,-0.00591715976331364,0.008341832651168835
2023-12-04/2023-12-10,0.01847132229024373,0.06122076365432316,-0.02212389380530977,0.018606521996223258,0.016666599874621824,0.0,0.0,0.10054667425039465,-0.015493857023826774,0.0,-0.005079719352483747,0.011764656884579283,0.0,-0.011949760864086612,-0.006410197169032128,-0.007842548794833926,0.016709511568123503,0.013642607718495903,-0.0226170239300737,-0.030812327691650543,0.002652515764717256,0.007981426572661432,0.03514717639259812,0.04263319126173548,0.0022085582490547484,0.0406427039761843,0.023737296165578847,-0.017324875520087324,0.007874015748031482,0.0008474576271186862,0.06466517661476012,0.005830903790087438,0.010711586938145556,-0.005502058040986357,0.015845187645404657,-0.06293705905066949,-0.004132231404958664,0.0022321428571427937,0.0025127823395556526
2023-12-11/2023-12-17,-0.005628513249213762,0.09964406214749055,0.06334841628959276,0.023931623931623847,-0.016393378002854786,0.0,-0.002274008446598641,-0.08399991242830229,-0.03016394253786636,0.05921982871944831,0.04445427654055778,0.0029070180070460694,-0.019607851642461926,0.04783595374569338,0.028673811592863974,0.023391812865497075,0.060682680151706636,0.09017494003636428,0.06776853472046818,0.013005792220172063,0.01729753821347546,0.08527128958250074,0.019226942127771762,0.010222499189459722,0.029313268538440074,0.09173484851363578,-0.017704997465680217,0.007496355938085619,0.00634765625,0.009102455546147414,0.04013013826932532,0.007729468599033895,0.04232898617500158,0.03042873991857098,0.0292236421822758,0.1753731161818486,0.0024896265560165887,0.010022271714922093,0.024047041378464584
2023-12-18/2023-12-24,0.012578606071404597,-0.004854287102580956,0.11063829787234036,0.026711185308847973,-0.05555554283326125,0.12101910828025475,0.0,0.017467286271272142,0.006761384049826846,0.016906648117713363,0.01436999137389705,-0.008695633713112993,-0.006502288082987695,0.0021738577846506235,0.01742162687965032,0.0323809523809524,0.05601907032181175,-0.01728395361167867,0.03250767521810349,0.06990017989911457,0.023004580383813034,-0.005059371403292157,0.020670212069057836,-0.011904768826245804,0.005715936203213978,0.02745419603210264,0.06704374369636468,0.016190148122631864,0.016496846191169423,0.017411369834277268,0.00834201485225905,0.020134228187919545,0.013133269635442257,0.579865873704587,-0.001227146120449829,0.4444444332313424,0.0016556291390728006,0.023153252480705655,0.005079825990110143
2023-12-25/2023-12-31,0.03105594281790669,-0.006504037096290327,0.003831417624521105,0.09756097560975618,0.0,0.07954545454545459,0.0,0.012110549051448816,-0.015692773396664417,0.025514378901222212,0.005359106012249537,0.07309937763249064,0.0,0.060432673398247205,0.024657454244771282,0.04243542435424352,0.08239277652370203,0.06281407214687285,0.011994118404188292,0.03333333814664141,-0.00964669368532578,0.00717899724676907,0.011403762428630726,-0.0030120683528865877,0.008153587859355493,-0.012955479101463219,-0.012721809209619517,-0.005084745762711895,0.0,-0.027216494845360817,-0.016028927791962855,-0.008458646616541388,0.01612899914156607,0.022089997034453912,0.014171558022795683,-0.1934065540972295,-0.006611570247933907,-0.010057471264367845,0.0076102704311395986
2024-01-01/2024-01-07,0.14282008758483333,0.05237309779849042,0.09541984732824438,0.11703703703703705,0.0823528727138001,-0.04210526315789476,-0.002848989183716233,0.06837610769775138,0.06896545966235412,0.07544139285695772,0.08099173958070005,0.05177118550313664,-0.0004444459091069719,0.037113442635202665,0.14426729784935066,0.10442477876106193,0.04171011470281538,0.08983460089406581,0.13841947804272947,0.033548369426273705,-0.044096333030045565,0.0225721248636519,0.05618200161283915,-0.06042292372693481,-0.01573703963443107,-0.02789176492451262,-0.028348428966752603,-0.0131516183986371,-0.01384248210023864,-0.019711742263671006,-0.013662649474536992,-0.02180094786729858,0.012757352758833385,0.052369087982125695,-0.008582098464378518,0.13351492123481856,-0.022462562396006636,-0.013425253991291686,-0.015613538549422601
2024-01-08/2024-01-14,-0.05149048411934376,0.02643859403658566,0.09756097560975618,0.12201591511936338,-0.07608689808095159,-0.03296703296703296,0.0,0.009999951153597753,-0.006451581829923336,0.0,-0.007645215646995274,0.05440409018479486,0.004890989713229876,0.02186884227090724,-0.06084341178810093,0.04326923076923084,0.013013013013013053,0.05811504602529616,0.03333335608267296,0.04619227773653645,0.06458268568755265,-0.04734255304725099,-0.03147436326931308,0.022572337738724135,0.015361255300815557,-0.03291141812953746,0.0509834637443185,0.011048197762739909,0.027105517909002952,0.022486486486486434,-0.03249869981219167,-0.003875968992248069,-0.012640637441527658,-0.01737758844237114,0.11432466445886846,0.3509616369208912,0.019574468085106433,0.0051489518205223295,0.01862883008481342
2024-01-15/2024-01-21,-0.03885717284604395,-0.01363636259151646,0.0031746031746031633,-0.048463356973995286,0.0,0.2272727272727273,-0.03571439687482847,0.03168309145051107,0.03896098110928348,-0.014850728221268539,-0.018875230641138496,-0.03194100423239066,-0.013371123495015902,-0.009727729966483523,0.002565712732005343,-0.001536098310291889,-0.0019762845849802257,0.054166737767759265,0.0903225082070993,-0.021479732110109784,0.004656585457511131,-0.017682845109878498,-0.02090458137787754,-0.040940861527820394,0.00422570732298988,-0.022687568050416385,0.026148079408785607,-0.003961207485316254,-0.021677662582469392,0.05942059632057517,-0.002753261975807386,0.012645914396887115,0.0074534336064644435,0.03617369599023634,0.087388083538255,-0.17259790603446168,0.0,0.004390779363337094,0.012100735198914636
2024-01-22/2024-01-28,-0.014268661811782102,0.010752739124368915,0.012658227848101333,0.001242236024844745,-0.011176563048498123,-0.03583335876464844,0.013333490809539494,-0.03696726670137662,0.01562505122977953,0.012044557391199806,0.015194388724764307,0.012699209791144028,-0.007640269405551847,-0.03929283738792788,-0.017914229823008943,0.023076923076922995,0.004950495049504955,0.021739130434782705,0.04142026960189704,-0.02439022135347879,0.024333712298246324,0.037554442377904174,0.04173138636015428,0.04918033836882385,0.02244893434707662,0.016964247318293824,0.03969114260828577,0.016524958859023497,0.043352601156069426,0.024550898203592908,0.05577030341481737,-0.004803073967339144,0.011567106210381484,-0.055857272913245604,0.02588632454545836,-0.11827954416417963,0.004173622704507496,0.00910746812386165,0.011143923574115089
2024-01-29/2024-02-04,0.03136309993506603,-0.03343469740990157,-0.03749999999999998,0.011166253101736912,-0.0481855003832673,0.017958348179257788,-0.19005849879468895,0.01577877991210075,-0.052307687341132114,0.014895190981197404,-0.011486240307740592,-0.04761912046244765,0.03442013316776493,0.025957953310998816,0.028664453515208965,-0.015037593984962405,-0.044334975369458074,-0.005802779496839272,-0.09204553135090698,-0.013750034351226126,0.07975114901216784,0.0011964801467148067,0.03484255516789503,0.05000003052374469,0.00780404482325614,0.06584734248966018,-0.06445888389199306,0.013018549747048969,0.0027700831024930483,-0.02259887005649719,0.0015689737437312168,0.0038610038610038533,0.014221084114090177,0.11585865559349173,0.08403925159348158,-0.019512176211098575,0.006650041562759723,0.002888086642599319,0.01349756029706728
2024-02-05/2024-02-11,-0.04678365238482529,-0.012578562343015465,0.016233766233766156,-0.058895705521472386,0.0,0.0,-0.046931538948045026,0.0,0.055194799664858074,-0.014630902238971455,-0.010727059331812838,0.005263186637211259,0.007005227720462859,-0.012048092449413739,-0.02469921337751735,-0.01526717557251911,0.0,-0.04669249339072756,0.015018706597992315,-0.011406854283657952,0.015365807736235526,-0.011951084064733108,-0.018629840273012066,-0.008035738943500514,0.013098562239656442,0.04448099509827497,0.04649532529548872,0.007124783593021711,0.007366482504604033,0.06597568267889176,0.028720686964242903,0.0028846153846153744,0.0016024168484107815,0.0905744111061062,0.09028101136084854,0.019900477841425568,-0.0016515276630884035,0.010439164866810735,0.014066191038618392
2024-02-12/2024-02-18,0.04294479478992108,0.027070006376888056,-0.07348242811501593,-0.022164276401564487,0.0,0.0,-0.09090903975519105,0.0,-0.05415388191307924,0.0,-0.006472764426618816,0.0628271829693734,0.017310425032152077,0.002032568027265924,0.006493625532064007,-0.029457364341085257,-0.020618556701030966,-0.005102120804839516,0.014796608797014388,0.0064102853363881,-0.02831758399440909,0.03084367633584617,0.015928920747327213,0.05910591162418921,0.004354067035619469,-0.02996838622307585,-0.05691279260467241,0.012628099173553675,0.005484460694698434,-0.00018698578908005192,0.014720761266378668,-0.0009587727708533222,0.02297011968910745,-0.014854845428458274,0.006654474589866233,-0.09024395066169877,0.0016542597187758634,0.011400071250445398,-0.0035599785910216397
2024-02-19/2024-02-25,-0.001176511550939563,0.058914671793663276,0.02758620689655178,-0.03866666666666663,0.0,0.0,0.04166677842372213,-0.021739241464267756,0.008458047005165392,0.0033370828646419604,0.0303225371127529,0.04433503757651458,0.0,-0.004056954850452765,0.05483868525169955,0.02715654952076685,0.05263157894736836,0.010256467519846879,0.020656199717749235,0.01910829695070193,0.0323285420560091,-0.004986877509000953,0.019690012248111177,-0.03966004607511686,0.01253241080961165,0.013623715076879206,0.02448050220478759,0.0005876207887176577,0.012727272727272698,-0.007854871890779824,0.007503732878826552,-0.0028790786948176272,0.02770484923110117,-0.01850585708978081,0.08543932949741206,-0.06166216320444806,-0.004128819157720898,-0.004931313842902463,0.01688334647415779
2024-02-26/2024-03-03,-0.02826860625031169,0.02489021440307071,0.0,-0.00832177531206657,0.0,-0.10377358490566035,-0.008000060212631777,-0.048484843797213295,-0.05806449681319559,-0.0036996898239844977,-0.004683904490340951,0.19339623673615391,0.0,0.0020367728713703848,-0.013455734739870828,0.010886469673405896,-0.0010000000000000009,0.05583751049131647,0.08928558588543334,0.01499994517341241,0.018458172616408364,0.012676991267157822,-0.005900197815487451,0.007079635818416419,0.004580746599730512,0.025535412682807346,-0.0473743204814574,0.02192495921696569,0.02782764811490135,0.021489161168708693,-0.0019860481326166024,0.004812319538017418,0.007065694485257623,0.01396653402246506,0.043924443524443024,0.042857124691917825,0.011608623548922115,0.019469026548672552,0.009961871863949812
2024-03-04/2024-03-10,-0.006666644112807707,0.12142861374274916,-0.010067114093959773,-0.027972027972028024,0.018749924322229994,0.0,-0.042338706457012876,0.00732600682974871,0.044520539899534084,0.033758439609902435,0.023593386351352885,0.06719374950303125,0.0,-0.02742200147429419,-0.011159311949169748,0.006153846153846176,0.05805805805805808,0.06730767631523871,0.03278690908960713,0.009852247956898319,-0.016103664558016484,0.04369076679764006,0.03435246903480871,-0.022261269091109148,0.008356579818321386,-0.02168675371876161,-0.012614820498389023,0.013345252538152108,-0.010043668122270755,-0.009595866396014063,0.0,0.014367816091954033,0.015813087808773663,-0.03305788435109824,0.06379520094259417,-0.02739727816990678,-0.0008196721311475308,0.0010416666666666075,-0.0022059841184571827
2024-03-11/2024-03-17,-0.032946911795720846,0.04458600490515496,-0.0847457627118644,-0.06187050359712232,0.0,0.0,-0.046315880113057095,-0.10191077362849421,-0.01639349576220872,-0.01669085631349787,-0.019961685823754793,-0.025926064239528146,-0.015417510133135415,-0.1410526402799106,-0.01567393651207183,-0.02905198776758411,-0.09649952696310315,-0.010810761261438762,-0.041269794498711265,0.0036585398066459884,-0.005303723422862561,-0.005337123335444893,0.001738848826875028,0.0155781925056655,-0.007844368062093432,-0.009852174553602766,0.042611250622718755,0.000945179584120881,-0.0004411116012351668,0.011552077510713632,-0.021890573418260062,0.0037771482530688516,0.011050844062703957,0.13247860838539194,0.0035772421800193133,0.07887325658926292,-0.00656275635767023,-0.013180714533472027,-0.0008078688655202004
2024-03-18/2024-03-24,0.10725560749681873,0.03170727269980089,0.03703703703703698,0.03834355828220848,-0.01840483505773427,0.0,0.06401768706977351,0.0236406198088841,-0.000666636581036717,0.009077490774907826,0.03678799014816847,0.09315593959797885,0.0016337211290722298,0.04901965653792795,0.05031843337447106,0.03779527559055129,0.06282722513089012,0.0109289111102997,0.04856501764844001,-0.027946517712615915,0.025513111999530436,0.046314571096934154,0.055719444077072966,-0.0035398179092082094,0.023254084367589467,0.07048085039980934,0.06792759925274527,-0.011898016997167193,0.003971756398940762,-0.011604347025234829,0.034079353077011376,0.0,0.03321062897441163,0.05220125431567624,0.07345435338596684,-0.10704957064734821,-0.002477291494632494,0.03796133567662574,0.0195102336727071
2024-03-25/2024-03-31,0.0028669857940983867,0.021276654248973736,0.0,-0.017725258493353047,0.0,0.0,0.0,-0.002320188330328321,0.016677705049257474,0.026109851532216677,0.013574660633484115,0.0782609552225828,-0.0013054691130982565,0.009445795703919568,0.02473828080140672,0.006069802731411222,0.0,0.01621623355849633,-0.024210447594246398,-0.01250005584189473,0.008441939994663139,0.023481760186354395,0.03978963318620776,0.006512744105917401,0.004454243882086484,0.02865988937737396,0.001061131804257931,0.015800203873598262,0.02285714285714291,0.026276556093924652,0.03344812138355491,0.00470366886171214,0.018716368919713178,-0.11835024485431989,-0.04171220247421292,-0.11695904312820038,0.005794701986755024,-0.01760921097189294,0.0063981661454708405
2024-04-01/2024-04-07,0.051925214401746134,0.0243054941795231,0.010714285714285676,0.09022556390977443,0.049999884068096856,0.0,0.0020746789923522524,0.0,0.062992198956626,0.0509622238061298,0.04873511904761907,0.043548384048175626,-0.08061005808444799,0.05581384065810768,0.04014595434352697,0.11613876319758676,0.09359605911330049,0.0124113806243622,0.10463867864769094,0.12302404932970878,0.026000678093191176,-0.02136066689166416,-0.025933014508263574,-0.03235294181018156,-0.011004755194323979,0.0,0.0104022371326562,-0.025652282990466624,-0.0012892135797163418,-0.04339930996913022,-0.04236075106867354,-0.022471910112359605,-0.014228629090742517,0.0650847483489474,-0.025986060820413104,-0.09271524433587486,-0.016460905349794275,-0.005170630816959676,-0.008758133159362358
2024-04-08/2024-04-14,-0.03605091999174448,-0.011299472477192651,0.09893992932862195,0.10758620689655163,0.12942614560361632,0.05263157894736836,0.016919119508242098,0.09302329162057998,0.11111101424104186,0.016073245167853578,0.005321035828308007,0.00772794121032061,-0.005213246166208885,0.039647622655177406,-0.024561352427650673,0.08108108108108114,0.013513513513513598,0.08335842919954217,0.06640615119887738,0.012499999999999956,0.005727549125433162,-0.035569885336538265,-0.031168822244782346,0.008510650615544124,-0.007466840385814688,-0.05045176418478192,0.034295014601455565,-0.0019311232700354175,-0.04475043029259895,-0.003986332574031914,-0.02882703277899834,-0.01819923371647514,-0.06884663297374272,-0.11203056808454548,0.002022464915314659,0.14233577108104556,-0.02175732217573223,-0.04158004158004158,-0.014522808066554704
2024-04-15/2024-04-21,-0.03049488017345625,-0.032537473395527705,-0.048231511254019255,-0.05603985056039851,-0.048648690922725835,0.0,-0.03877555834787738,-0.021276485850165616,-0.00277776470031732,-0.04418635696168738,-0.0430134086097389,0.004603124058256247,-0.12196283623805981,-0.021186404748209542,-0.046163115022120005,-0.010000000000000009,-0.0755555555555556,-0.09016390206865377,-0.0714285848210402,0.009876543209876631,-0.061784772461809134,0.03297005983370549,-0.009048234176146974,-0.022905355494711732,-0.03153068442136575,-0.03727194698194547,-0.02307743035418841,-0.001999355046759077,0.0108108108108107,-0.002096436058700246,0.04708281094369049,0.013658536585365866,0.01646702844549064,-0.04731181766567183,-0.1359172198269466,-0.07987220155250863,0.022241231822070162,0.006869125090383177,-0.030815449734009737
2024-04-22/2024-04-28,0.005934742485426137,0.01796409117300035,0.03378378378378377,-0.01715039577836408,0.0397727636012557,0.0,-0.016985016422750743,0.00652160876173058,0.09757901520173107,0.027932960893854775,0.0279856937428562,-0.0015267229064271914,-0.02333156408789061,0.021644984143032397,0.002514124492870584,0.0037878787878788955,0.05769230769230771,0.06306299710111918,0.15259338949257084,-0.009779951100244544,0.028574644075189726,0.023262156130100076,0.059519764581619006,-0.001850706697146487,0.021076495508385085,0.05354200489570671,0.11590641105999122,-0.006203955021326091,0.024955436720142554,0.01948051948051943,0.0004887697619413434,0.015399422521655382,0.0413885850252258,-0.057185871411836287,0.1513778473328491,-0.06249999310131449,0.01589958158995808,-0.0028725314183123407,0.026609515301347253
2024-04-29/2024-05-05,-0.020648961125579457,-0.14352945774574488,-0.039215686274509776,-0.024161073825503365,-0.12568300580532976,-0.050000000000000044,0.05831525688508088,0.02169206067324536,-0.2414146105417314,0.0,0.00789096126255373,-0.22629966701939008,0.297222236973939,0.042572042542665,0.006269613300859733,-0.19874213836477983,-0.09999999999999998,-0.09322039302757035,-0.165217360075694,0.011111111111111072,0.036688630307445624,-0.015331799601965068,-0.018193391990796837,0.04777505306943208,0.004493817330866401,-0.028147024396936282,-0.027391760632273665,0.02275978670828449,0.003043478260869481,-0.026227051330086182,-0.0004885309827691309,0.0028436018957345155,-0.015401381025310967,0.020750218230067174,0.012013561352805846,0.14814811762359437,0.0049423393739702615,0.01764494058336341,0.005928807752367371
2024-05-06/2024-05-12,0.045180690881041485,0.17582422024858557,0.006802721088435382,0.024759284731774356,0.12499991365488095,0.05263157894736836,-0.06530615577929977,-0.02547764672700037,0.3682432532772728,0.01039402173913051,-0.0168327402135231,0.2806323244854405,-0.2458244128881535,-0.05510201533071768,0.04049841581191105,0.2684458398744114,0.09292929292929286,0.10467285670802551,0.2499999213035573,0.019536019536019467,0.006820197453853094,0.032214783753211185,0.04164317703386344,0.018108845219833913,0.01965800781194682,-0.03539815934815227,0.008431042127954091,0.017611902339776275,-0.016471608149111416,0.018468641785301942,0.008308899506401346,0.001890359168241984,0.04335735088308845,-0.057075804879874736,0.01226490552734627,-0.06451616872733801,0.0,-0.005661712668082131,0.018639096207486494
2024-05-13/2024-05-19,0.04899140796161672,-0.018691468971052005,0.013513513513513598,0.06711409395973145,-0.005555560517250813,0.0,-0.008733561811901547,0.004357219506900822,0.0,0.016607274927721294,0.024360227313859673,0.0108025073933804,0.021010754453805847,0.008639251912314405,0.04491023662847704,-0.0606435643564357,0.03327171903881698,0.02199672492150362,0.11583336432224556,0.2191616766467066,-0.014828242173298256,0.02184654612748549,0.008499966881339693,0.0433161985368975,0.015801916746178257,0.03662631779929004,0.04393712451291787,-0.00018744142455484614,0.024680475980608296,0.02058934642992072,0.017450345370648268,0.0018867924528302993,0.030286186529985493,0.05389714725656147,0.028939221784617386,0.45517242815680725,-0.004918032786885296,0.014946619217081958,0.01660609310403416
2024-05-20/2024-05-26,-0.02472523416143768,-0.011904891982089993,0.09333333333333327,-0.03647798742138364,0.0,0.0,-0.024229035584780845,-0.002169090162176812,-0.09876548204237501,-0.010383597883597884,-0.008268551236749078,-0.04580153809878118,-0.040600643321729635,0.00428266085781015,-0.01432666496259205,-0.017127799736495364,-0.02415026833631484,0.009933791061224273,-0.05526515541907373,-0.056974459724950854,-0.021386015232848554,0.010435193493068873,-0.007647879749238196,0.034381261705552335,0.002491155054111127,-0.009771956504169288,-0.00607744656538689,0.0,-0.01677419354838705,0.04756616694429017,-0.034302016255626566,-0.007532956685499026,-0.019922711410073846,-0.022816676709885186,0.15127769800651425,-0.17061610374771408,-0.014827018121911006,0.0007012622720896644,8.218642140178645e-05
2024-05-27/2024-06-02,0.011267535315637955,-0.0120482058045146,-0.030487804878048808,-0.019582245430809442,-0.055865971960589844,-0.09999999999999998,0.024830658493001367,-0.01956533992774412,-0.09589042370682432,-0.009556907037358786,-0.007482363001496517,0.011199961249863666,0.713043524440157,-0.04051167957260071,-0.009302320296058042,-0.002680965147453085,-0.03758020164986253,-0.0442623255520177,-0.051383393229397,-0.03125,-0.02384507639609268,0.007304811359593266,-0.01997486061378828,-0.07431671631064629,-0.018592388767444845,-0.002467137860934998,-0.014229422181366913,0.006624171978502735,0.0017497812773403787,-0.02544169611307423,-0.011840146309727406,0.005692599620493288,0.009565996360594298,0.03623186847833049,0.02971762227773489,-0.10000001816522508,0.012541806020066826,-0.005606166783461819,-0.004335072129699968
2024-06-03/2024-06-09,0.008356494391062341,0.004878078454393142,-0.012578616352201255,0.011984021304926706,0.005917284296468095,0.05555555555555558,-0.006607908904214366,0.020014456424182203,0.07878797859859388,0.011808367071524994,0.010697874784606487,0.03955702534914929,-0.035533020923430136,0.006496002854043281,0.029342638260880127,-0.03897849462365588,0.0,0.041166362634182496,0.052499974187565135,0.008602150537634357,0.044547724447928205,-0.005251311016557514,-0.008505881275973848,0.036487048856236104,0.02918195964477155,0.0016487185486420142,0.011362382810518712,0.021231686118698745,-0.0021834061135370675,0.13306744017403926,-0.004992530106921023,-0.0018867924528301883,-0.013226094332553284,0.06993011501223445,0.10266068869207312,0.06349210514072845,0.002477291494632494,-0.016913319238900604,0.012752293188319275
2024-06-10/2024-06-16,-0.039778920743174795,-0.007281536941614042,-0.035031847133757954,-0.051315789473684204,-0.0588235189819043,0.0,0.002217251427527378,0.0,0.006179695760016868,-0.025008336112037344,-0.02322938126021168,-0.028919356985601108,-0.025614019249033837,-0.03325940353255674,-0.04503983167428627,-0.03916083916083912,-0.05238095238095242,-0.03130143845006683,-0.01662699086191033,-0.04051172707889128,-0.003472595654101518,-0.007575130057956403,-0.03965675787031031,-0.009402310481882559,0.01162853756310489,-0.03621388204467535,0.013355434421407075,0.05227963525835877,0.01969365426695835,0.053279999999999994,-0.024586039318369335,0.06994328922495274,-0.030857742241344632,-0.06027602394976017,0.0909271437567194,-0.1920398277161285,0.056836902800659006,0.09139784946236551,0.016666691704511294
2024-06-17/2024-06-23,0.006329098236579567,-0.009779949161997425,-0.00990099009900991,-0.026352288488210807,0.0,0.0,-0.042035450215108905,0.0,-0.06197655800968882,0.004103967168262557,0.0027272727272726893,0.03291532331450142,-0.09974792014939915,-0.004587105336295805,0.010149182673803603,-0.05385735080058229,-0.007035175879396949,-0.010204098174142251,0.013687554410796388,0.004444444444444473,0.029511042474532623,0.006371098898120486,0.011124228144519854,0.004237288135593209,0.008170590891776852,0.011101545727438156,0.01723046983121157,0.010976314269208531,0.03905579399141623,0.008962479112866406,0.014917644043818346,0.007067137809187329,0.013004493628880676,-0.05718700116806685,-0.0401850895435355,-0.14285712607891754,0.02104442712392829,0.011165845648604344,0.0056114118388777
2024-06-24/2024-06-30,0.009148051425285963,0.02839514072126792,-0.050000000000000044,0.015669515669515688,-0.012500010204423151,0.0,0.013856884861940033,-0.05895201110293102,0.023809608760588796,0.008174386920980936,0.00453309156844961,-0.024279149086503304,0.03600001497594252,-0.002304193915154018,0.007092271021129193,-0.006153846153846176,0.012145748987854255,0.02233679197564631,-0.03018271117060589,-0.004424778761061954,0.022054147073000685,0.007090413983920074,0.057842895573705366,-0.0014064697609000865,0.007271406527646684,0.05912160607545758,0.014028762659237692,0.005885714285714272,0.018587360594795488,0.006624510689551277,-0.0035478812188702857,-0.0061403508771930015,0.030361668405434417,-0.01639342724524051,-0.023939310712014716,-0.15660921646748893,-0.0007633587786259888,0.012341669373173048,-0.003288328738097701
2024-07-01/2024-07-07,0.021081406194157992,0.00840338147299069,0.01403508771929829,0.0028050490883591017,0.0256409832467972,0.0,-0.029612739090595808,0.004662047932210589,-0.034883784416101626,0.008918918918918939,0.005703971119133566,0.054432310693153685,0.022393788668576775,0.002309443323346816,0.0208764420726002,0.017027863777089758,0.014000000000000012,0.0,0.01556107089827874,0.03333333333333344,0.03492884864165591,0.016092488678731254,0.008982026028937495,-0.034366197183098635,0.009131297937736926,0.02392352850458468,0.046390393608623404,-0.009089359768221339,-0.0020275750202757292,0.006132216571941296,-0.025941008791460773,-0.0044130626654897975,0.012508569316785678,0.019166628519694084,0.018536493476414728,0.2487223282131148,-0.005347593582887722,-0.008982996470965676,0.02303729988957892
2024-07-08/2024-07-14,0.01536709342856346,0.0,-0.03806228373702425,-0.02237762237762242,0.012658238835719704,0.0,-0.009048218006984743,-0.02552198884623269,0.01927714077260334,-0.015537101526922004,-0.010338143441740222,-0.01327431110870414,-0.04645018377586141,-0.023148064484891595,-0.000590047184851672,-0.010654490106544956,-0.018737672583826415,0.018606323747082154,-0.03629029146238427,-0.03010752688172047,-0.02754997253417968,0.02920066590508763,0.0076526576491593445,-0.0040840140023337135,0.01502432778168905,0.09267902834564024,-0.0290136548568376,-0.00934472281144294,-0.000812677773262882,-0.032555373866508086,0.005744157312939091,-0.021276595744680882,0.006277690900668764,0.031071147069841487,0.02710015942268984,0.1773533702954777,-0.006144393241167445,0.008416963418582002,0.009238197278004678
2024-07-15/2024-07-21,0.0005605087087359184,0.010088718393330032,-0.010791366906474864,-0.02145922746781115,0.0,-0.11578947368421055,0.023752881287783856,0.0,-0.026976258761981953,-0.0004761904761905189,-0.0020311933260790394,0.020928654341791697,-0.02970297107792641,0.007108963696112802,0.003541899918665381,-0.020000000000000018,-0.055276381909547756,-0.01003344952234475,-0.012846673169113254,-0.022172949002217335,-0.05840917419661873,0.031498024963005244,0.009609403478656464,0.010544815465729274,-0.02094128338495227,-0.003563746042021698,-0.04003888488711205,-0.004745370370370372,0.037006913379422635,-0.009680393362015982,-0.007788142094896644,0.004528985507246341,0.02361664538190622,-0.1213322580989149,-0.08751168505832163,-0.09038241013498305,-0.0023183925811437467,-0.013483146067415741,-0.01943450199858332
2024-07-22/2024-07-28,0.00560228326402612,-0.0023808779136036406,0.01090909090909098,-0.013157894736842146,-0.04999998163203756,-0.04761904761904767,0.002320245816436417,0.0,-0.0024555151029409528,-0.011093718097053062,-0.011412371883404826,-0.014641312507877369,0.08122449633189377,-0.004705879770015464,-0.025294046824619776,-0.02982731554160123,-0.010638297872340385,-0.013513492044977427,-0.019776490535593383,0.00340136054421758,-0.0034402056791056346,-0.028671454222244153,0.0006140896197439627,0.006956521739130528,-0.011888574953324738,-0.1995707957104289,-0.06000233752221096,-0.013257355506454238,-0.018039215686274535,-0.042513576415826204,-0.0010465963958598001,0.01352569882777277,0.01172659828755096,0.049639006725813895,-0.04129574542544934,-0.0025477683018455544,-0.004647560030983766,0.006833712984054774,-0.008363860545574586
2024-07-29/2024-08-04,-0.0011141476586576937,-0.0178997894655456,-0.003597122302158251,-0.011851851851851891,0.05263155859505586,0.018750000000000044,0.011574031573481802,0.02153112634813481,-0.031384609881811576,-0.0227116311080523,-0.03665441176470585,-0.04903418460559106,0.0003775470612561449,-3.345565603529721e-05,-0.0036210490861722233,-0.029126213592232997,-0.016129032258064502,-0.0068493464179704144,-0.05263151475818273,-0.02824858757062143,-0.08000003344392126,-0.09815205020204953,-0.09849645444525645,0.0017271157167531026,-0.024341475103409005,-0.10366401376855261,-0.002035863102753499,0.013140836770771935,-0.007587859424920129,0.05055906660184739,-0.0885280524122215,-0.003558718861209953,-0.06172260650781358,-0.034393857976657394,-0.051211750894131436,-0.23499363608128765,-0.003112840466926059,-0.012928248222365823,-0.020826251176892296
2024-08-05/2024-08-11,-0.023982231385277997,-0.020656149138256086,-0.02166064981949456,-0.01799100449775115,-0.062499992346682354,0.0,0.050343314695009855,0.0,-0.0012706588830724286,-0.016901408450704203,-0.004846773270236193,0.0109375183582614,0.04528298767347971,-0.026128270923701846,-0.027256170887766662,0.02499999999999991,-0.030601092896174853,0.006896583507513876,0.024999963218580223,0.005813953488372103,-0.005717638415579596,0.0186269081745698,-0.015656885064521675,0.020747112405711254,0.0022988113182222936,0.0069790902322393045,-0.017940720346146355,-0.04775199208980396,-0.006036217303822977,-0.07943853154403824,0.004597696865513701,0.02499999999999991,0.03344385896610613,0.03739983022388493,-0.023492039556465727,0.013355660033402383,0.014051522248243575,-0.034708578912901134,-0.0001837096986848641
2024-08-12/2024-08-18,0.036571452994637266,0.08560795603020743,0.07749077490774914,0.056488549618320505,0.0,0.0,-0.01960792100461517,-0.03512882277029372,0.014631074057589899,0.03008595988538687,0.034974689369535295,0.004636792860787997,0.010469298792076476,0.04390242687006074,0.06662514194806901,0.001626016260162677,0.04284103720405863,0.01027397724710677,0.04065037805918248,0.09826589595375723,0.06062055210966877,0.027690723843724063,0.07176333688076131,0.01233040071791991,0.039986469911015954,0.05680262921424983,-0.004338006600596023,0.03115074517468841,0.009311740890688203,0.024296246648793485,0.011441691543309096,-0.0034843205574912606,0.03969873694924386,0.21115880847190271,0.18930783856029798,-0.03789127060445119,-0.003079291762894565,0.014246947082767969,0.04007600979215109
2024-08-19/2024-08-25,-0.0033075441685750384,-0.0011428777831895554,-0.0273972602739726,-0.05780346820809246,0.0,0.0,0.008888900566468516,0.007281511995998136,0.04075229553387283,-0.00020862308762170656,-0.01452497406254627,0.046153847309543305,0.03394071275411403,-0.02336450389450595,-0.02977233826476766,-0.03246753246753242,-0.010810810810810811,-0.02542378213839047,-0.027777789750896953,-0.03894736842105262,-0.00011298019166816609,0.010930371875861988,0.012052088721163923,0.03503893214682985,0.016856693065879114,0.07231215863799645,0.016322953977059296,0.03494846582158506,0.03650220617729638,0.05005725503026337,0.037895931262953875,0.005244755244755206,0.020283153229492257,-0.29340889371951717,0.0384491785143799,0.17808218059586345,-0.0007722007722007485,0.04147157190635453,0.01415236769031547
2024-08-26/2024-09-01,0.050331758010502714,-0.048054884739560766,-0.04225352112676062,-0.027607361963190136,0.0,0.0,0.008810584159938184,-0.004819125570303062,-0.02771078325179066,-0.008833553592543675,0.007670326364866975,-0.005882362656130846,0.019350403970081587,0.016746395005986514,0.04632971640307626,-0.028523489932885893,-0.049180327868852514,0.029565246585814275,-0.04910712029392161,0.03943044906900339,0.008246762139826336,0.0246415840681804,0.008046353237508352,-0.00591080064481464,-0.005379968207413044,-0.00709861128372391,-0.01352483577018082,0.01041666666666674,0.01393188854489158,-0.00794516279794355,0.01907358987431773,0.04434782608695653,0.029728432928695092,-0.046138417836177115,-0.07729762209343682,-0.08284886078198794,0.006955177743431129,0.007707129094412402,0.0026710386062249736
2024-09-02/2024-09-08,-0.04423380427229828,-0.025240424566065345,0.011029411764705843,-0.006309148264984188,0.0,-0.006134969325153339,0.0,0.004842536964636324,-0.042750956461495404,0.0,-0.01294776119402985,-0.035502945330394664,0.036920653494939115,-0.006990607879801103,-0.028177088358698366,-0.006908462867012077,0.02298850574712641,0.030405419811923018,-0.007511740241269771,-0.009483667017913588,-0.03983193619244574,-0.048834307248708075,-0.05667303479615993,-0.02086485166807428,-0.029936309215339407,-0.054512858105169926,-0.0762639736360412,0.015463917525773141,0.04656488549618332,-0.0483668341708543,-0.005882385340302609,-0.00915903413821817,-0.054893263989403085,-0.04311249606145551,-0.138560807101332,-0.0855784416402322,0.03069838833461236,0.031548757170172026,-0.04130948251460642
2024-09-09/2024-09-15,-0.021487578172208255,-0.02589393923063743,-0.010909090909090868,-0.030158730158730163,0.0,-0.012345679012345734,-0.01528380874032631,0.0,-0.014239475864753492,-0.014245614035087728,-0.01183230635466681,0.007668724291238327,0.07133333333333325,0.0,-0.014792924676352515,-0.008695652173912993,0.030337078651685445,-0.03934428038686988,-0.027436104641565207,0.0478723404255319,0.08810319246916132,0.0036631415487859975,-0.02403117012226308,-0.025615559119290365,0.03695898409457099,0.010396865408486056,0.04333427215920982,0.00965024822892846,-0.015317286652078765,0.05693069306930698,0.037116757847985404,0.001680672268907557,-0.03831303088747984,0.07692305273860667,0.1582223051290197,0.008665544350111798,0.0014892032762472418,0.007723200494284876,0.04012967971974235
2024-09-16/2024-09-22,0.04166673235391016,-0.05063295095626352,-0.007352941176470562,-0.03436988543371522,0.0066666723267201355,0.0,-0.006651947674024883,0.0,-0.09717661072045214,-0.016658361215918016,0.005508798775822443,0.09589034478360925,0.042314872433105055,0.00952381581113193,0.00840841817062099,0.0,0.0032715376226826187,0.0,-0.035019468785121965,0.02131979695431463,0.02740093549162803,0.041914589079642406,0.07750997817078065,-0.005665722379603388,0.011309180401345431,0.017773730000258503,0.04030905843256072,0.00348066298342542,0.020370370370370372,0.013583138173302034,0.026452293087058543,0.019295302013422777,0.03313419131459283,0.015306083225598899,-0.025945235352679896,-0.010309268214748757,0.018587360594795488,0.0012262415695891704,0.014151028374829844
2024-09-23/2024-09-29,0.016216120969211767,0.004000006584481408,0.014814814814814836,0.04067796610169494,0.0,-0.0625,-0.022321348060572843,0.0,0.04727273459247394,0.0,0.0035763201947953682,-0.03333332203050743,0.0408955223880596,-0.00943396843340405,0.0,0.03684210526315779,0.01413043478260878,0.006825969990701397,0.06350803989212062,-0.005964214711729587,-0.018945745131403124,-0.021604145070652447,-0.004345043134882043,0.07407407407407418,0.010684245451343388,-0.009191264988790415,0.002200627290240842,0.03435555800253254,-0.006170598911070746,0.031423290203327126,0.05305705853892673,-0.0024691358024691024,-0.00279496295746795,0.006030193041896226,0.046551737292059636,0.0,-0.00948905109489051,0.00520514390691984,0.002863289831195548
2024-09-30/2024-10-06,-0.020170537864343974,-0.01460823582201809,-0.014598540145985384,0.0016286644951140072,0.0,0.06666666666666665,0.004566215695175568,-0.0024330990998316926,0.0069444349103726655,0.0034749873307753365,-0.0027674577299264813,0.048850586808414365,-0.0008603383997706215,-0.007199508012835976,-0.00417434685835083,-0.027072758037225086,0.011789924973204746,-0.016949188092260314,-0.0037914708003657926,-0.0040000000000000036,-0.007767232560438875,0.018020280633905816,0.012445472487181197,-0.0283819628647215,-0.006937888537813408,-0.019480502594796945,0.018969202002079744,-0.003246926065896605,-0.005843681519357213,-0.008363201911589013,-0.006238055046227542,0.0033003300330032292,0.0034203892335558095,0.001997952410795145,0.028995029644345083,-0.008680588324311511,0.004421518054531948,0.023149558330795017,0.005540437690265687
2024-10-07/2024-10-13,0.027793218454696955,0.017520266580979715,-0.011111111111111072,0.08943089430894302,0.02721092363228994,0.0,0.07314824031227607,0.01219516755034733,-0.004827593259162266,0.0,0.004295761262117503,0.021917844870112058,0.07634902411021804,0.02168673381345143,0.04972375690607733,0.08347826086956522,0.006355932203389925,0.0417187444392888,0.003805900761973957,0.016064257028112428,0.012385463972002464,0.04587385002714317,0.04948912118891413,0.034671034671034606,0.018608330197521727,0.01419119887596354,-0.02286598899350445,0.005820783936772322,-0.0007347538574578039,0.027108433734939652,0.016900067452544576,-0.00164473684210531,0.05885899488472446,0.10568299579632146,0.07909065824232964,0.1225919097353112,0.0,0.01041976778803222,0.011506688080639371
2024-10-14/2024-10-20,0.018929150892374347,0.055582133311669946,0.01872659176029967,0.08358208955223878,-0.006622541651882585,0.0,0.017094017094017033,0.0,0.16864348058995815,0.038886083255176285,0.02581573169808471,-0.020105635174110792,0.10000000000000009,0.03537736156057347,0.037426900584795364,0.0930979133226324,0.05263157894736836,0.07550335570469802,0.0709121199233611,0.007905138339920903,0.0009003186227687365,0.00881999821586743,-0.04396105859148425,0.0395778364116095,0.007882678225785256,0.03544770517368945,0.001102626009092944,0.016724183700557393,0.05220588235294121,0.02815249266862163,0.07169991771955009,-0.0032948929159802853,0.013855782644655923,0.00450858341270588,0.023738849226980552,0.2074882925688386,0.005135730007336692,-0.003241013553329397,0.00872888285767015
2024-10-21/2024-10-27,-0.018046709129511673,0.04060913705583746,0.06617647058823528,-0.02892561983471076,0.013333320617675781,0.0,-0.02941176470588236,0.03132526915980027,0.004801920768307433,-0.00347222222222221,-0.010959409594095915,0.0,-0.05818181818181822,-0.03189064929617036,-0.04396843291995489,-0.038179148311306865,-0.06699999999999995,-0.060842433697347875,0.0036003600360035026,0.019607843137254832,-0.006137910092559595,-0.010160687813718705,-0.01734291817165845,0.030456852791878264,-0.0026123897470542445,-0.0027027375362835837,0.011320561279183572,-0.0016710182767624149,0.024109014675052443,0.01968054763262983,-0.0013291439832741059,0.014049586776859524,-0.013577661733553348,-0.011669668800220356,0.025652125261832026,0.02596902061587647,0.016058394160583855,0.008572273130357688,-0.009490798952216162
2024-10-28/2024-11-03,0.016756756756756808,0.04146341463414638,0.07241379310344831,0.07801418439716312,0.0,0.0,0.0043290043290042934,0.021028044078271746,0.03942652329749108,0.010452961672473782,0.00734992351602437,0.0,0.010038610038610063,0.023529413462248794,0.03537735849056611,0.09160305343511443,0.012861736334405238,0.11295681063122931,0.033183856502242204,-0.009615384615384581,0.053771978631034,-0.003103391501775965,0.031573860561370015,-0.017733990147783207,-0.014599885686135794,-0.07678401653630385,0.03642517612420115,0.017627366879380713,0.0180825656772432,-0.013146853146853155,0.02706294047143154,0.008149959250203676,0.0028339026122585764,-0.0027248579493039937,-0.04337996100675234,0.017504085031096128,0.012931034482758674,0.017291910902696328,-0.013752690771268061
2024-11-04/2024-11-10,-0.0074428495481126955,-0.01990632318501173,-0.012861736334405127,0.006578947368421018,0.013157882353605599,0.0,0.0021551724137931494,-0.013697753590863004,0.034482758620689724,-0.01606896551724135,-0.0125925925925926,0.0,0.019367991845056,-0.016059347845302385,0.0,-0.0013986013986013734,-0.02645502645502651,-0.011940298507462699,0.003472222222222321,-0.001941747572815511,0.051785986860465316,0.08069930273067838,0.07722487922088117,-0.028786371320994264,0.04156073031887253,0.07338551442641239,0.04121672656959796,0.007967103572346534,0.056635388739946446,0.013463718820861725,0.05615555791925808,0.010509296685529579,0.06297655482363629,0.004553751622896618,0.09032504828381449,0.03960392300071258,0.026950354609929006,0.03399596658023629,0.04764355859585412
2024-11-11/2024-11-17,0.01767541510444559,-0.002389486260453988,-0.006514657980456029,0.013071895424836555,-0.025974001846660322,0.0,-0.04086021505376347,0.004662004662004726,-0.04166666666666663,0.004135417396789798,0.0012753188297074391,0.051983584131326976,0.0,0.05868544600938974,0.006833712984054774,-0.019607843137254943,-0.016304347826086918,-0.010574018126888185,-0.01211072664359858,0.03112840466926059,-0.026755655016783342,0.035896275061896965,0.010778899381162832,0.002272035768631664,-0.018840518537313833,0.017282795319457644,-0.03285674465831179,0.003008669046404844,0.02917856010149067,0.01789959446231304,0.0016359512037047441,0.007200000000000095,0.035150653984447944,-0.10788754389776822,-0.03827141481000673,0.11428572401708537,-0.014502762430939176,0.013374198941209281,-0.02082009628671644
