,GRUBOLIVAR.CL,NUTRESA.CL,SGLD.L,JPM,AMZN,PFCORFICOL.CL,BCOLOMBIA.CL,index
2015-07-19,0.053622575242132216,0.06556904118694307,0.1086597474446565,0.11139288919379386,0.15001508844763822,0.18781933917101,0.32292131931382617,1.0
2015-07-26,0.05364106348752915,0.06391554488610948,0.10433680843243769,0.11091010824970889,0.1644292919360767,0.18781933917101,0.31557669231226576,1.0006288484751378
2015-08-02,0.05364106348752915,0.06408656640850835,0.10525024156322622,0.11029847172711676,0.16651952210992912,0.18781933917101,0.3241454949837801,1.0117606994510997
2015-08-09,0.05364106348752915,0.06100771336913368,0.10519162776548713,0.10952591091168697,0.1623173209893714,0.18239309373107504,0.32659384632368793,1.0006705765779713
2015-08-16,0.053622575242132216,0.05861300924328558,0.10690614843025327,0.10926840945954508,0.16508151512166236,0.18239309373107504,0.3150870519355557,0.9909718031635093
2015-08-23,0.05367976192274724,0.05884144444760652,0.11115093819663098,0.10236366683147306,0.15357437877904753,0.18239309373107504,0.2937874286623123,0.9557907125708927
2015-08-30,0.05367976192274724,0.05598508420778125,0.1089870202377549,0.10321670592446572,0.16088552226539612,0.17099356980132085,0.2999080935030003,0.9536557578624664
2015-09-06,0.05367976192274724,0.05707047478677433,0.10750696221737822,0.09898373241970124,0.15498133259802424,0.17126758633444672,0.30798719174508,0.9514770420241521
2015-09-13,0.05367976192274724,0.05775600952230919,0.1057777881031773,0.10068980254011455,0.1644355002003682,0.18154359789934185,0.2994182609681168,0.963300721156175
2015-09-20,0.05447570092078764,0.06068156847441502,0.10914821563497047,0.09808243700934453,0.16779601944395608,0.18154359789934185,0.30455968775720077,0.9762872271400164
2015-09-27,0.05447570092078764,0.060109142683433994,0.1097881077717325,0.09893545190562116,0.1628235670292786,0.18553990427226807,0.2901150724597158,0.9617869470428377
2015-10-04,0.05539900656707079,0.05913595934080803,0.10925567923311419,0.09787320800571073,0.16539831431801796,0.18553990427226807,0.2902857302685957,0.9628878020055855
2015-10-11,0.05539900656707079,0.060910598658318195,0.11107766349602403,0.10039503814526465,0.16765314643042337,0.18839436063079837,0.3211672141034744,1.0049970280313738
2015-10-18,0.055456326805702096,0.06022867814658094,0.1132806598045372,0.10120562006717183,0.17726882368700717,0.18870889589939902,0.3130144338773531,1.0091634382877512
2015-10-25,0.0554378242505177,0.0617200480545462,0.11145378608952704,0.10353995791967163,0.18604902733091264,0.19442731479614725,0.30906165484705367,1.0216896132883762
2015-11-01,0.05379260890664832,0.06166274154285945,0.10949991332827115,0.10415600631015581,0.194394415517761,0.19442731479614725,0.29250921384381906,1.010442214245662
2015-11-08,0.05381113054154931,0.06280991021921936,0.10428307663336582,0.11098084331627803,0.2047896446170692,0.1925244161808002,0.2917680384181392,1.0209670599264211
2015-11-15,0.053607788461757976,0.06051548786941637,0.1038043724403863,0.10627964722491513,0.19950352083384712,0.19310752211025953,0.2841094036103487,1.000927742550931
2015-11-22,0.05310980308825818,0.057469813256682795,0.1034575641991859,0.10948942226389244,0.20760976051931404,0.19039277888184086,0.26409826494242095,0.9856274071515952
2015-11-29,0.05310980308825818,0.05735488611365408,0.10142065273998861,0.10888965019773394,0.20910365373403692,0.19039277888184086,0.25742792097129197,0.9776993457268046
2015-12-06,0.05310980308825818,0.05861921772588273,0.10427818718126551,0.11005685945184392,0.2089111027583396,0.19039277888184086,0.24828697801395805,0.9736549271013888
2015-12-13,0.05273966612584559,0.06057320458441757,0.10307167015491536,0.10386421004580734,0.19882023263113874,0.18969191198879837,0.23593436739928006,0.9446952629302031
2015-12-20,0.05279670016872772,0.06444001384455303,0.1021973153737639,0.10439916717525556,0.2062711449988743,0.1813543176928868,0.2700274761896864,0.9814861354437476
2015-12-27,0.05279670016872772,0.06478554546528632,0.10285675041206101,0.10796560180872372,0.20585185020254598,0.19012947336739983,0.2692862580621903,0.9936721794869349
2016-01-03,0.05279670016872772,0.06513106969496892,0.10166976883381287,0.10704158568200156,0.2099204907060082,0.19012947336739983,0.26174358003658754,0.9884326684895066
2016-01-10,0.05279670016872772,0.06472796178919793,0.10586082680111873,0.09551552032222836,0.18853991566038633,0.19012947336739983,0.2507647722562112,0.9483351703652702
2016-01-17,0.05285419212480854,0.06479006139727068,0.10429773008280063,0.09308812189982275,0.17708868923989285,0.19045176779914222,0.25550552790286535,0.938076090446603
2016-01-24,0.05285419212480854,0.0643862143864286,0.10539678351100706,0.09294126396457876,0.1852259820946499,0.19045176779914222,0.2669833064068155,0.9582395102874306
2016-01-31,0.05285419212480854,0.06744401771337873,0.10695499823065793,0.09710282489472495,0.18231270668453473,0.18459172007827693,0.27446893480582907,0.965729394532211
2016-02-07,0.05285419212480854,0.06836706386350748,0.11076016215369322,0.09424684617217326,0.15595345911211125,0.18166174441140415,0.2869447188096511,0.950788186647349
2016-02-14,0.05285419212480854,0.07044405997902337,0.11830699420335747,0.09382252449405096,0.15749084572037245,0.18166174441140415,0.28819235912766694,0.9627727200606838
2016-02-21,0.05291144081450256,0.07056729096752574,0.11787714726421568,0.09436107886861773,0.16613129233072355,0.18550689168374568,0.2939312056778257,0.9812863476071566
2016-02-28,0.05244731239813059,0.0707984608606097,0.11670481913540229,0.09390410775497984,0.1724454525501539,0.18550689168374568,0.28819235912766694,0.9799994035106889
2016-03-06,0.05263298189041015,0.07386157835302094,0.12191189183297317,0.0980003859452389,0.17862917998029978,0.18550689168374568,0.3069061525633949,1.0174490622490835
2016-03-13,0.05244731239813058,0.07397717438613899,0.12060768265924683,0.09684169393517647,0.17691164707709162,0.1866809711413159,0.31439154610241876,1.021858027699519
2016-03-20,0.05250492360244021,0.0703342880938655,0.11991894072208019,0.09870212297280746,0.17146711777177542,0.18700645839640082,0.3056584695435627,1.0055923211029323
2016-03-27,0.05250492360244021,0.07149202227721659,0.11692462833035697,0.09707019159035345,0.18105483414338225,0.18700645839640082,0.30266434628940625,1.0087174046295566
2016-04-03,0.05111100720606619,0.07380753499022305,0.1160649269986403,0.09770662168131881,0.185884413544527,0.1893587378609115,0.30815375017959445,1.0220869924612814
2016-04-10,0.05111100720606619,0.07334444870793332,0.11883454074330854,0.09423055371670355,0.18467313852905864,0.1970036702173513,0.31024462326426927,1.0294419823846908
2016-04-17,0.05204028480364887,0.0752547618478176,0.11782341546514383,0.10171815490641921,0.19439131138561522,0.1940633329351029,0.3316493997601742,1.0669406611039218
2016-04-24,0.052104712236718115,0.07567798819362359,0.11887361909294562,0.10517066333517948,0.1927172600281128,0.19438829006102903,0.33593049170516737,1.074863024652776
2016-05-01,0.05117427077642211,0.07393827528624766,0.12388041804366386,0.10390473147960935,0.20485798291560614,0.19438829006102903,0.3336640074009208,1.0858079759634989
2016-05-08,0.05117427077642211,0.07219857716097315,0.12377783644418737,0.10127423388830112,0.20931795733041975,0.19144297679372235,0.30495623817435696,1.054142090568383
2016-05-15,0.05117427077642211,0.07614194661989719,0.12165788628704867,0.10061665586751316,0.22048965783597183,0.19144297679372235,0.3210728217385229,1.0825962159190983
2016-05-22,0.05123762020550277,0.07488489149709339,0.11965517117882123,0.10441440304079143,0.21827830726927214,0.1900676048848953,0.31553281619600826,1.0740708142723845
2016-05-29,0.05123762020550277,0.0726773029065671,0.11615773714734924,0.10757100982904773,0.2212102193200944,0.1888871277322501,0.30470451096721385,1.0624455281080252
2016-06-05,0.05123762020550277,0.07494297037357943,0.11878569094290392,0.10627221883308967,0.22534098985780204,0.1888871277322501,0.29639437454799294,1.0618609924931208
2016-06-12,0.05123762020550277,0.07447826545118402,0.12156996559044003,0.10495696600464956,0.22297123376900826,0.1947898628987851,0.3029417159372431,1.0729456298568127
2016-06-19,0.05030601011256428,0.07303704751781741,0.12333821805427803,0.1023922189564053,0.21939330679689184,0.19518639950953298,0.29714964157305485,1.0608028425205447
2016-06-26,0.05065090460989933,0.07338625249075399,0.12613225669914857,0.09798610988277287,0.21708568074234347,0.19222896556191477,0.3072226797767874,1.0646928497636203
2016-07-03,0.05065090460989933,0.07303704751781741,0.12806658655886938,0.10071526555096513,0.22538447140350776,0.19222896556191477,0.2996680452426181,1.0697512864455918
2016-07-10,0.05065090460989933,0.07274609141553319,0.12946361333473774,0.10244373376486332,0.2316365252843579,0.19222896556191477,0.2986078231963836,1.0777776571676898
2016-07-17,0.05065090460989933,0.07449202019655697,0.12723619957945534,0.1063373241303925,0.2284157630743244,0.18241049160619419,0.3062319762875044,1.075774679484327
2016-07-24,0.05071720185519654,0.07485894890909825,0.12664026779099763,0.10610535827924919,0.2313414668608552,0.19238898022912865,0.306486116147269,1.0885383400717945
2016-07-31,0.05071720185519654,0.07439251448083649,0.12910213673723642,0.10598939148482157,0.23567410077069745,0.19203337199911458,0.30674019195430907,1.094648909282212
2016-08-07,0.05071720185519654,0.07375122996590762,0.12807636546307,0.10984988880837436,0.2379009956937911,0.19203337199911458,0.3097897848678513,1.1021188386533054
2016-08-14,0.05071720185519654,0.07450913787000334,0.12944407043320263,0.10822616817823134,0.23994462834195945,0.18444685023725751,0.32046342411797357,1.1077514810338243
2016-08-21,0.05078362788858089,0.07592641619011745,0.12848667695410979,0.10912086595068002,0.23520824399218287,0.1918373808394453,0.3199551657493526,1.111318377564469
2016-08-28,0.05078362788858089,0.07621846616790687,0.12729968792242854,0.10971735532902853,0.23883896490644227,0.19599484647663273,0.3329161277900805,1.1317690764811004
2016-09-04,0.04956777771741659,0.07633525216018937,0.12625926319882738,0.11182153401851633,0.23990737875621052,0.19064951802374747,0.3418107666709426,1.1363514905458503
2016-09-11,0.04966132079803559,0.07580961541573353,0.1276367321662945,0.11042977117394459,0.23608718730273434,0.19064951802374747,0.34816411370869976,1.1384382585891897
2016-09-18,0.04954049849259073,0.07400949545089763,0.125350704613273,0.10905459114543511,0.24179571001443056,0.1934349973496899,0.3407943139864251,1.133980311052742
2016-09-25,0.04954049849259073,0.07517962442629086,0.12805682256153494,0.1114239013181907,0.250252906197689,0.19641093762430464,0.3252920387516841,1.136156729372285
2016-10-02,0.04963414174172194,0.0744775041729608,0.12636183734487083,0.1103303226710031,0.26005494986134386,0.19343499734968994,0.3265626953486907,1.1408564484902812
2016-10-09,0.05338013405307394,0.07482857908172724,0.11905923939036356,0.11284878140145488,0.26071338131122096,0.19879096453092018,0.32687866743847105,1.1464997472072318
2016-10-16,0.048042125417695695,0.0745360265124895,0.11969424207502526,0.11268447763394306,0.25559805588301077,0.19149588127408806,0.3350827111950716,1.137133519991324
2016-10-23,0.04873441862517109,0.07425750954855169,0.12115964664596716,0.11430331859301718,0.2543650519425221,0.1990710293558119,0.3404665775462514,1.1523575522572926
2016-10-30,0.046860032035147,0.07431606884333393,0.12125245679467613,0.11533801049892534,0.24111244550738745,0.19724467416195496,0.33969745378179717,1.135821141623222
2016-11-06,0.046860032035147,0.07214757152001743,0.12467662357897423,0.11308503813691004,0.23450630730093483,0.19724467416195496,0.34738881953178874,1.1359090662657272
2016-11-13,0.046860032035147,0.07033068126111858,0.11751567812014746,0.12798833594183018,0.22952455433765273,0.1974881721232826,0.3281605973149832,1.1178680511341619
2016-11-20,0.04692668225520153,0.07045941858240055,0.11543968831131309,0.12969063137454057,0.23609339556702588,0.1974881721232826,0.3227766455601707,1.118874633773935
2016-11-27,0.04786518489576608,0.06875663875542685,0.11308526805635187,0.13155982768895158,0.24237030620070726,0.19325719925887797,0.31893104808880757,1.115825472944889
2016-12-04,0.04786518489576608,0.068463066221191,0.1122890699744746,0.13618261835475942,0.22993761717402436,0.19325719925887797,0.3202129352635035,1.1082076911425969
2016-12-11,0.04786518489576608,0.06987226612287811,0.11109231694545892,0.14267471018741448,0.23873335332649118,0.19325719925887797,0.32149484378910753,1.124989874525994
2016-12-18,0.04699209706360545,0.07200586290473787,0.108742786142598,0.14175683196099548,0.23535110515788304,0.19325719925887797,0.3312371137237085,1.1293429962124064
2016-12-25,0.04793190189482875,0.07341776053993446,0.10815662580490787,0.14527816391575735,0.2362269443362888,0.18376957409177969,0.3243149998436201,1.119095970427117
2017-01-01,0.04887175919527273,0.07324125485790813,0.11079435850466315,0.14400988497873096,0.23289749010982363,0.18938642506106668,0.32328940897041236,1.1224905816778776
2017-01-08,0.047931901894828745,0.07341776053993447,0.11204971787798486,0.1437261058929651,0.24722161452687233,0.18938642506106668,0.3323591252981425,1.1460926510917946
2017-01-15,0.047931901894828745,0.0724176774682463,0.11402312608734275,0.1454946922620645,0.2537904557562455,0.18975278045493554,0.33468701481424185,1.158097648737905
2017-01-22,0.04941047499380977,0.0707209361297034,0.11502448736817299,0.14040992982796965,0.2510542225089315,0.18975278045493554,0.3292554078324283,1.1456282391159511
2017-01-29,0.04893989763322298,0.07248897893445409,0.11359816114686819,0.14588064601411282,0.2595766528585811,0.1883220220974087,0.3300313425365839,1.1588377012212319
2017-02-05,0.04893989763322298,0.07184068770345134,0.11650943484065003,0.14630020093917445,0.25163500326383453,0.1815962373151284,0.33054865369026243,1.147370115385724
2017-02-12,0.04893989763322298,0.07072093612970341,0.11787714726421578,0.14599811300493523,0.2569956973055503,0.1727915751335747,0.3261517544194385,1.1394751208906408
2017-02-19,0.049006810199380926,0.07097286748423422,0.1183558440037622,0.1514185161528506,0.26246508336369767,0.1498015723414052,0.3240825952083569,1.1261032887536877
2017-02-26,0.048535584128429336,0.07020528469475794,0.12001663286945648,0.15158634457533288,0.26251787730584064,0.146983670798049,0.32253072580004577,1.122376120171912
2017-03-05,0.0493838063199155,0.06825678199585059,0.11690021088358782,0.15573130655827275,0.26395897657842055,0.146983670798049,0.32589310951805334,1.1271078626521494
2017-03-12,0.04904453079912266,0.07114999401452028,0.11454579062862659,0.1531805855397621,0.2647602928896631,0.12983558289983746,0.32692771047450225,1.1094444872460345
2017-03-19,0.04909243996753515,0.07098750915569246,0.11741309652067104,0.15217371179173272,0.26471370721181164,0.13706227949519031,0.32822093498142824,1.1196636791240615
2017-03-26,0.049545444909122376,0.07116497567431121,0.11932300893362262,0.1464848541448795,0.26263277758656384,0.13070629594631072,0.33494565971562706,1.1148030169104373
2017-04-02,0.04982856405399724,0.07211147362834557,0.11900061813919148,0.14740778141937969,0.27534498068035557,0.1350017879390137,0.33960126794056056,1.1382964738008439
2017-04-09,0.04907359397745175,0.07134245697503139,0.12086657020383873,0.14462207802579224,0.2779352486298236,0.1300926352998832,0.3442633241397568,1.1381959072515777
2017-04-16,0.05003789716480473,0.07225429829228247,0.12267390101731382,0.14244877738413833,0.2747641999254526,0.1319335690456059,0.3494833649726662,1.143596007802264
2017-04-23,0.04907453842342405,0.07219508858503768,0.1226250512169092,0.1426513038974279,0.27906887295031785,0.13487906303876218,0.345829413252899,1.1463233313647778
2017-04-30,0.0486401075859585,0.07237285074568486,0.12110103284822821,0.1468370292813302,0.2872869324800275,0.13463689040033144,0.352876429945692,1.1637512732872528
2017-05-07,0.0486401075859585,0.07290635156809708,0.11736913617236677,0.1468370292813302,0.2901318814394384,0.14534584881046886,0.35731351162566294,1.1785438664833228
2017-05-14,0.0486401075859585,0.0764627108296984,0.11738378962180154,0.14670199547465976,0.29857976522625956,0.1495458573126463,0.37453976593934957,1.2118539919903735
2017-05-21,0.04922464332393903,0.07750064347207697,0.11969424207502537,0.1430901355396047,0.298110780619934,0.14152765378649398,0.38993885223497915,1.2190869510520532
2017-05-28,0.050132713816507586,0.07696618181307237,0.12102776560105433,0.14406905401503106,0.3092731687290489,0.14572767433706138,0.39202692835068575,1.2392234866624614
2017-06-04,0.050132713816507586,0.07684736328184438,0.1220681977780886,0.1394783078668377,0.31267404169053153,0.14572767433706138,0.3946368633635078,1.2415651621343788
2017-06-11,0.050132713816507586,0.07797573282072118,0.12096426235121492,0.1467694720501349,0.3038472642166072,0.14572767433706138,0.39829098589054024,1.2437081054827874
2017-06-18,0.050206604789016326,0.07734521706667805,0.11982124857470419,0.14545305777932466,0.3067667597388465,0.1349094490782708,0.41734419471320233,1.251846531740043
2017-06-25,0.050206604789016326,0.0770477272755654,0.11994336562228267,0.14660072415244296,0.31174540856998284,0.1310912420059059,0.3928099515563487,1.2294450239715449
2017-07-02,0.050206604789016326,0.07853510232062143,0.11865380989799112,0.15426322727129782,0.30064515049511337,0.13045488219277174,0.41473417429674764,1.2474929512635595
2017-07-09,0.050206604789016326,0.07758314977116244,0.11550807355981986,0.15839831699409168,0.3039870212501615,0.13363672945200247,0.41671857040245536,1.2560384662187096
2017-07-16,0.050206604789016326,0.07907057655357343,0.11728121547575815,0.15655430139551066,0.3111459793265401,0.14954585731264636,0.4259264911586703,1.2897310260117152
2017-07-23,0.050280595930037295,0.07933673568072266,0.11939139418212931,0.15424625730777888,0.3185565142807158,0.14954585731264636,0.41040463714115155,1.2817619918351817
2017-07-30,0.050280595930037295,0.07927711207463804,0.12118896099826994,0.1549081342784507,0.3168079163603849,0.14954585731264636,0.4169816989945529,1.2889902759489802
2017-08-06,0.050280595930037295,0.07975394571125,0.11988963382321084,0.1589471630385493,0.30672638232528654,0.14954585731264636,0.40488004695432445,1.2700236250953048
2017-08-13,0.050280595930037295,0.08040964277506507,0.12283021441586223,0.15514571376771627,0.30064204636296776,0.14954585731264636,0.40145997308248305,1.260314043646778
2017-08-20,0.05035470154935792,0.08097159914271412,0.12310375540988877,0.15399174011728248,0.2976852775593143,0.15081858898730466,0.40803694953225184,1.264962612298114
2017-08-27,0.05035470154935792,0.08085223367373354,0.12325517935633679,0.1559433343153958,0.29358246790658366,0.14000035168012406,0.40724773456322405,1.2512360030447558
2017-09-03,0.05035470154935792,0.08103134100561012,0.12625926319882758,0.1556209372708235,0.3038286157280677,0.1450912783787573,0.4340819402483109,1.296268077379755
2017-09-10,0.05044971853808519,0.08097159914271414,0.12844271660580567,0.15005451500715367,0.2999929036138627,0.14700038191493972,0.4440789051662885,1.3009907399888496
2017-09-17,0.05054473552681247,0.08031477863919101,0.12610783925237953,0.1554852098249598,0.3064810137117812,0.1463640100534156,0.4372387574226057,1.3025363444311453
2017-09-24,0.05282651222593389,0.08075635696391209,0.12354825579846533,0.16093272942598866,0.29663861633023164,0.15018220507739052,0.43671262834385927,1.3015973041657813
2017-10-01,0.05233176086439981,0.08027781599458593,0.12252735906953308,0.16208675146985457,0.29857976522625984,0.14903677669117296,0.4306618236746532,1.2955020529904595
2017-10-08,0.051856022440469496,0.08015816227462762,0.1213159600445157,0.16447958085060513,0.30734754049374974,0.14903677669117296,0.43301896393492445,1.307213006730065
2017-10-15,0.051856022440469496,0.08075635696391209,0.12398299964314054,0.1636316472646978,0.3114969358243319,0.15590949158915793,0.4237437878180223,1.3113772415437321
2017-10-22,0.051266607064965476,0.08090192370766275,0.12223916462607176,0.16986212420348346,0.30527594696060445,0.14216401359962813,0.409168504962631,1.280878285125047
2017-10-29,0.052561590360777635,0.08120158646768436,0.12117430754883518,0.1737199195604113,0.34193726412446596,0.14216401359962813,0.3824028356927206,1.2951615173545232
2017-11-05,0.05141893952239491,0.08060233485814822,0.12088122365327357,0.17310541975975394,0.34524498942591086,0.14636401005341562,0.36120236603694733,1.2788192833098444
2017-11-12,0.051895045230870004,0.08060233485814822,0.1217311609876558,0.1664481611433815,0.3495155169971729,0.1420367585047473,0.37789783677390987,1.2901268144958857
2017-11-19,0.05435407726724515,0.08110565802050794,0.12282532496376193,0.1675235438601039,0.3509224471204843,0.14445491856562317,0.3826679285683685,1.303853898366095
2017-11-26,0.05149331702767725,0.0819461165699934,0.12277159316469008,0.16783080989157664,0.3683524097711782,0.14954585731264636,0.38293293604038375,1.3248730397781456
2017-12-03,0.05149331702767725,0.082786597292631,0.1228790567628338,0.17887504604476262,0.3610071089833938,0.15005494998250968,0.38028281861841473,1.327378894712223
2017-12-10,0.05149331702767725,0.08254645466398405,0.11899085414185709,0.18082101047360968,0.3608983932712969,0.15005494998250968,0.3861130257045672,1.3309180052655019
2017-12-17,0.05149331702767725,0.08224628931251408,0.11953305413124292,0.18117949288737584,0.3662218140315984,0.14712764905821063,0.3816078986803075,1.3294095151289267
2017-12-24,0.05156780901125927,0.08419439289468306,0.12094960890178019,0.18341560820388042,0.3628737113165936,0.14954585731264639,0.3922081548591023,1.3447551424999453
2017-12-31,0.05156780901125927,0.08365315364217657,0.1235824521494352,0.1825450426228998,0.3632184595500935,0.14954585731264639,0.40047975288910415,1.354592527177615
2018-01-07,0.05156780901125927,0.08190913914328693,0.12576590555641332,0.18493487161086083,0.381751005199824,0.14954585731264639,0.41143336659785806,1.3869079544321488
2018-01-14,0.05013539928662074,0.08184899077260185,0.1268747229819542,0.1933279703739529,0.4053740195249336,0.14954585731264639,0.4007469381537512,1.407853898406461
2018-01-21,0.05022702485572024,0.08223456710608666,0.12711408253187706,0.19391133706663344,0.40207558292426077,0.14318218689096487,0.4141050911388797,1.4128498725144227
2018-01-28,0.05068608760733176,0.08325874500309229,0.128975145144424,0.19959090317452574,0.43545405523517383,0.14636401005341565,0.4325395933450369,1.4768685395630001
2018-02-04,0.050437426430657996,0.081632107780542,0.1266109608921283,0.1960905094447141,0.44411932305485835,0.14636401005341565,0.4287991704472434,1.4740535081035597
2018-02-11,0.050207916519533435,0.08133090029092181,0.12527743736609936,0.18881516991370978,0.41605811063128584,0.1387276320538558,0.41544093205848237,1.4158580988338885
2018-02-18,0.05028262314992734,0.08189651522867276,0.12910702618933698,0.1967769218854547,0.44993968930646244,0.14190946726469653,0.42826488532158197,1.4781771283461327
2018-02-25,0.05076149064738201,0.08195684837562563,0.12655233218752307,0.2012896416899777,0.46587573504676816,0.14190946726469653,0.43280673590786756,1.5011522511198407
2018-03-04,0.0498037222629686,0.0809308966264494,0.125761016104313,0.19444330993443626,0.46595336204607707,0.1336367294520025,0.4079602570701606,1.4584892934964073
2018-03-11,0.05028262314992734,0.08105160726665937,0.12593198295229616,0.2025422250238635,0.4903777163780944,0.127273071078711,0.43547828964162394,1.5129375154911755
2018-03-18,0.05083701293566107,0.0804121483412561,0.125121123967551,0.19808093130650634,0.48813838123075254,0.127273071078711,0.4229215643449877,1.4927842332054257
2018-03-25,0.050357425178904305,0.07859834754155438,0.1284475911510399,0.18361611832416636,0.4644967421127684,0.1330003575904784,0.41944828401002493,1.4579648659089366
2018-04-01,0.050357425178904305,0.07769142866407676,0.12590756550552695,0.18869510580869872,0.4495203708144689,0.128036710083506,0.39998769985977256,1.420196305914954
2018-04-08,0.050357425178904305,0.0793238161240801,0.1268649589846198,0.1871851178095352,0.436441690562157,0.13172763796421008,0.4438920847199357,1.4557927313434422
2018-04-15,0.05083701293566107,0.08004937339921432,0.12812520035660874,0.1902211120338834,0.44438021232909264,0.13236399777734426,0.45924518115940033,1.4852220899912048
2018-04-22,0.05039918590863861,0.08129257030193524,0.1275048511213818,0.19223886005366145,0.4744136623614813,0.13236399777734426,0.47001919102875755,1.5282323185532003
2018-04-29,0.05039918590863861,0.08105027687753141,0.1258587157051223,0.18866895722422694,0.48843031182644436,0.13363672945200256,0.4511645883537499,1.519208765347716
2018-05-06,0.05039918590863861,0.08177717932389503,0.12477431572635064,0.18699614145723034,0.49101749933943195,0.13891518934054498,0.4514339514110287,1.5253134625071203
2018-05-13,0.05039918590863861,0.08098971460800652,0.12577079500851368,0.19636057705805496,0.4978379174466021,0.13878288597026597,0.46193864092492337,1.5520797169250051
2018-05-20,0.05044097525794783,0.07944474110476067,0.12299629181174512,0.19165247683704742,0.4889738429955983,0.13230017745566428,0.44065981343622257,1.5064683188989862
2018-05-27,0.05044097525794783,0.07883783236668808,0.12410511669071908,0.19084195137414436,0.500086541294716,0.13296165816188937,0.4352728512033603,1.512546926349465
2018-06-03,0.05044097525794783,0.0783522772902373,0.12356291670133326,0.1869443766160399,0.509835791016228,0.13560766532551966,0.44604686107271746,1.5307908632800236
2018-06-10,0.05044097525794783,0.08047648004664354,0.12353849180113095,0.19161800458225653,0.5230200591528258,0.13626915808013473,0.4455081776599761,1.5508713465809154
2018-06-17,0.050963592545593586,0.07996252116231088,0.12186793148466912,0.18608207018080233,0.5329525237579327,0.13626915808013473,0.4552048207038506,1.563302617915294
2018-06-24,0.050963592545593586,0.0818475642998147,0.12079818495533222,0.18237426220106018,0.5328593524022297,0.13494617257090455,0.45870641234302634,1.5624955413179613
2018-07-01,0.050963592545593586,0.08087462855738756,0.11909342828790057,0.17970117032394223,0.5279303696854253,0.13626915808013473,0.4654401898622828,1.560272537342667
2018-07-08,0.050963592545593586,0.0820907742145067,0.11940116563289693,0.17945975162239766,0.5312940167568242,0.13230017745566425,0.4858359864915245,1.5813454647194078
2018-07-15,0.05077129285179138,0.08178677290771778,0.1182434984069514,0.1844230465419509,0.5630977699388987,0.13230017745566425,0.4695509229111103,1.6001734810140849
2018-07-22,0.0510054534438401,0.08297909720839576,0.11691974633168997,0.19295411497992676,0.56330586527099,0.13230017745566425,0.4706366592925896,1.6101011139830965
2018-07-29,0.0510054534438401,0.08206523074324991,0.11652897028875218,0.20119033836733258,0.5644146802299834,0.13230017745566425,0.4614085405772602,1.608913391106083
2018-08-05,0.0510054534438401,0.08255261140922629,0.11602096665033619,0.20302830478690256,0.5662843629996638,0.13891518934054495,0.45218033645829836,1.6099872250888123
2018-08-12,0.0510054534438401,0.08163875972618184,0.1155080735598199,0.2006701896281034,0.5858542811777051,0.13230017745566425,0.4614085405772602,1.628385475568575
2018-08-19,0.051047347731590684,0.08142743480425658,0.11227441652503997,0.19900556848227374,0.5845870843922828,0.13230017745566425,0.45489442120109863,1.6155364505922065
2018-08-26,0.050873994196384095,0.0817326704165142,0.11480467817321846,0.19884949966378895,0.5917833157500757,0.1342846677678995,0.448923340822942,1.6212521667908228
2018-09-02,0.050873994196384095,0.08124432152289472,0.11427224963460018,0.19867610599661653,0.6251151549918068,0.13560766532551963,0.44756619169700107,1.653355683364823
2018-09-09,0.050873994196384095,0.0808781023512217,0.11395963029093659,0.1982253373078579,0.6062813663499473,0.13560766532551963,0.43779524749274845,1.6236213433146156
2018-09-16,0.050873994196384095,0.0788027248758115,0.11385216669279286,0.19680345761738322,0.6119091342345236,0.13494617257090455,0.41879601376590125,1.605983663953701
2018-09-23,0.05051106459692165,0.07644815045979807,0.11387170214089487,0.2043461224672434,0.594771149570852,0.12568515352239357,0.43426683911293046,1.599900181871034
2018-09-30,0.05099304685811321,0.07406298448489235,0.11341743030155078,0.1956590497353589,0.6220994076773843,0.12568515352239357,0.4304670606904672,1.6123841332701603
2018-10-07,0.0506074648651033,0.07369605577235108,0.11429667453480255,0.19874548604708714,0.5868947104468315,0.1177471561282827,0.439977481113417,1.5819650289078753
2018-10-14,0.0506074648651033,0.07186129395283333,0.11596234539916404,0.1867447053152436,0.5555133088019005,0.11907015368590283,0.4139837325769291,1.5137430045970768
2018-10-21,0.05065185859573004,0.07253406434379053,0.11666085878709821,0.1884209570159185,0.5478791815505701,0.11907015368590283,0.41179479477110004,1.5070118687501104
2018-10-28,0.05065185859573004,0.0703323664206808,0.11797483941159209,0.18058097905045178,0.5102302290597255,0.11907015368590283,0.40221822923468714,1.4510586554587703
2018-11-04,0.05065185859573004,0.0684975750369602,0.11710047717700756,0.18924158057498403,0.5172866559926335,0.11907015368590283,0.42410760729297775,1.485955908356196
2018-11-11,0.05065185859573004,0.07088280014027162,0.11501960536950595,0.19432277802624842,0.5318530448910419,0.11907015368590283,0.4413454337988842,1.523145674507585
2018-11-18,0.050693848282063685,0.07225622735651813,0.11607469844940807,0.1920528034384261,0.4948873806029057,0.11907015368590283,0.4621405351124337,1.5071756469276583
2018-11-25,0.05048141948723593,0.0704789309562774,0.11629450764436274,0.18622087867517575,0.466515518008106,0.1058401419645314,0.4435344997101622,1.4393658964458513
2018-12-02,0.05048141948723593,0.07446250773106859,0.11593792795239478,0.19414814226098576,0.5249394554281688,0.10914765393116674,0.4402510716505104,1.509368178441531
2018-12-09,0.05048141948723593,0.07078533435454733,0.11847307159924053,0.18035396546052557,0.5059814067178185,0.10914765393116674,0.4391565813966877,1.4743794329472224
2018-12-16,0.05048141948723593,0.07262389517413045,0.11779410111284144,0.17511573132213465,0.4944214764330608,0.10385562755551621,0.44380813294907184,1.4581003840339912
2018-12-23,0.05015621048751521,0.06940278658172362,0.11966982462825625,0.16442962269754624,0.42781367232822193,0.09591763016140531,0.43067450611409747,1.358064252998766
2018-12-30,0.0492864568358325,0.07216663303980092,0.12147226598963101,0.16907426299794195,0.45904910867530707,0.09591763016140531,0.4158990798456646,1.3828654375455833
2019-01-06,0.0492864568358325,0.0715524367257274,0.12197539508281284,0.1758141453340332,0.48929065403978705,0.09591763016140531,0.44706081570098094,1.4508975338805794
2019-01-13,0.0492864568358325,0.07247370902368555,0.12256155542050301,0.17586892669915716,0.5095313965006233,0.10914765393116674,0.46223896279902654,1.5011086612099946
2019-01-20,0.05029575476488551,0.07336979262082105,0.12186304203256883,0.18410702129927042,0.5268122660256603,0.10914765393116674,0.4694139354843902,1.535009466158763
2019-01-27,0.05029575476488551,0.07657051669536731,0.12350429545016109,0.1819946641197597,0.5188520390293696,0.11364583598836327,0.46389455491915293,1.5287576609670595
2019-02-03,0.05029575476488551,0.08161776914216305,0.12524813046722985,0.18285722865330176,0.5050807344822469,0.11893785031562383,0.4718974731209369,1.5359349409463878
2019-02-10,0.05019901583173401,0.0828488003754139,0.12485735442429204,0.17842134148779099,0.49327545927964883,0.12819886936413483,0.48652357113773625,1.5443244119007509
2019-02-17,0.05019901583173401,0.08229484112463399,0.12504785672037716,0.1857968876855062,0.4994032530920082,0.1289926775374189,0.4801764158633439,1.5519109478550224
2019-02-24,0.05033794478824357,0.08171088159901864,0.12636183734487103,0.18482871255200345,0.5067361610468749,0.1289926775374189,0.4898352250979684,1.5688034399663988
2019-03-03,0.04985393530716199,0.0818958869893625,0.12383645769535978,0.1838253715245165,0.5192123079235984,0.13891518934054495,0.4939746537673556,1.5915138025478996
2019-03-10,0.049389263118866586,0.07973748584131707,0.12342125675221968,0.18132577010143514,0.5033942665961616,0.13891518934054495,0.49866617421980525,1.5748494059703504
2019-03-17,0.04985393530716199,0.0838076192109833,0.12367526229814421,0.18755715038428644,0.5318312922703569,0.1408996676043902,0.5403364854543005,1.6579614125296234
2019-03-24,0.04983832809897346,0.08187220606288488,0.12471570192861155,0.17560490826482744,0.5481090295033473,0.14619168193165077,0.5464077442935186,1.6727396000838142
2019-03-31,0.049780206512244456,0.07964776587673777,0.12301582725984711,0.17819248894744538,0.5530721339780897,0.14632397325353982,0.5464077442935186,1.6764401401214228
2019-04-07,0.04985771309105116,0.08088357172874783,0.12269832591751625,0.18537439689223126,0.570629437133755,0.1473823761189919,0.5679850147764048,1.724810835658698
2019-04-14,0.04985771309105116,0.08063637803772271,0.12275693971525532,0.19725795260041287,0.5724246207319373,0.14645628867220878,0.5724310851887089,1.7418209780372969
2019-04-21,0.04991065453472003,0.07975382006338809,0.1210668439506915,0.2012488782890157,0.578210817834273,0.14685318673465583,0.5554803002920332,1.7325245016987774
2019-04-28,0.05043440229557505,0.08216870545320225,0.12223916462607183,0.2030403870137809,0.6058341343643079,0.15148370830730132,0.5707637500690974,1.7859642521293366
2019-05-05,0.05020165837248477,0.08297370913242766,0.12167253973648368,0.20596702821275356,0.609508336824273,0.14698547805654488,0.5382519962911638,1.7555607466261314
2019-05-12,0.050298621492306454,0.08154949800674675,0.12225381807550659,0.1995638189837007,0.5869972178946373,0.143481661672101,0.5349174114555736,1.7190620475805725
2019-05-19,0.050047618280418586,0.08122548912568352,0.12111080429899583,0.19647749558998068,0.5804811469117419,0.1496145813290449,0.5087968385246472,1.6877539740605125
2019-05-26,0.050047618280418586,0.07756448736811765,0.12191189183297342,0.1945973462287737,0.5662812825631841,0.14262591272597253,0.5037948758676292,1.656823414867069
2019-06-02,0.05051410304179212,0.0778747119396051,0.12346521710052398,0.18794576577509958,0.5513080390926954,0.14262591272597253,0.5190781975392443,1.652811947214933
2019-06-09,0.050105925894384555,0.07911576543761988,0.12748043367461256,0.19362179916244948,0.5603025344851511,0.14547842929371738,0.5254695064917005,1.6815743944396355
2019-06-16,0.051505313399497044,0.08048085554866452,0.12811543635927425,0.19479246854695376,0.5806892422438332,0.14776041845113333,0.5301933522190962,1.7135370867684525
2019-06-23,0.05146645278668775,0.0778747119396051,0.1325116500721,0.1941183964313957,0.5936188767618187,0.15403597899695196,0.5363068858564606,1.7399329528450196
2019-06-30,0.05148587116826951,0.07762649828358187,0.13388424449433295,0.19830444443817855,0.5881308659107968,0.1566032499321173,0.5368624791884604,1.7428976534157374
2019-07-07,0.05342947420023244,0.07892960704336513,0.1328242768691967,0.20130212719545687,0.6034364173905371,0.1566032499321173,0.5367687059998454,1.763293858630751
2019-07-14,0.05830791447150896,0.07973626631794978,0.13371327764634983,0.2059604144437015,0.624584087742567,0.16031152749438057,0.5457240455125912,1.8083375336290488
2019-07-21,0.06181428939186124,0.07891315456448275,0.1356231900593014,0.20281651899694042,0.6101481197856105,0.16758545377842243,0.5420859361666747,1.7989866627432933
2019-07-28,0.06325499402329682,0.07878877057206948,0.1345925293330347,0.20760383926627654,0.6034798752405776,0.16758545377842243,0.5457240455125912,1.8010295077262688
2019-08-04,0.06134700805231916,0.07773162858889336,0.13706417718347408,0.20172689248004005,0.566268866034601,0.16088203080792957,0.5303317915075711,1.7353523946548284
2019-08-11,0.05938066199815485,0.07791817131778508,0.14288670966417158,0.19602859811392956,0.5614050937885227,0.16088203080792957,0.5530004350116895,1.751501700702183
2019-08-18,0.05996765424964917,0.07946083142215843,0.14322864336013783,0.19242031929284903,0.5567432560015745,0.16088203080792957,0.5597170036989733,1.7524197388332716
2019-08-25,0.0626003737162716,0.08033334495857695,0.14477220463035395,0.18938353464244337,0.5434036864750282,0.1576016277187305,0.5446045746962277,1.7226993468376324
2019-09-01,0.061430271935613505,0.07921152389062999,0.14504574562438047,0.19624299714922483,0.5516869327797986,0.1568884955646968,0.5479629444435022,1.7384689113878462
2019-09-08,0.06230785304103624,0.07927388957652835,0.1443667676845483,0.20115531765364505,0.5694585395318467,0.16401978095986397,0.5401269476416711,1.7607090960891396
2019-09-15,0.06433601737702312,0.07939853225571651,0.1417290424382261,0.214766873772548,0.5712692674864229,0.1611672764405091,0.555799026648966,1.7884660364194116
2019-09-22,0.06836314931265149,0.0801318723072493,0.14255944432450632,0.21239112727332463,0.5572370736650659,0.1620230253866376,0.5594370932930661,1.7821427855625016
2019-09-29,0.06738652539829637,0.07969469904875187,0.1414408479947648,0.21028328681414216,0.5358968523373387,0.17329047486552224,0.5636349807489807,1.7716276672077969
2019-10-06,0.07469160034714104,0.08019432668575616,0.14264247556901463,0.20474572316714099,0.5403071369421553,0.1772839739635851,0.5658059410901436,1.7856711777649368
2019-10-13,0.07469160034714104,0.07931994321350778,0.1402489844178494,0.20912284457495253,0.537906339531904,0.17115107840342114,0.5565072789742713,1.7689480694630473
2019-10-20,0.0684119075284532,0.07949225816978107,0.1415873824891125,0.21708154776047592,0.5458541973909421,0.17115107840342114,0.5649606586363017,1.7885390303784878
2019-10-27,0.06938921831260636,0.08043113595053254,0.14305278706005445,0.2269308855508254,0.5470405919579141,0.1767134826984261,0.5765134215296909,1.82007152306005
2019-11-03,0.07036655771633443,0.08024335891617211,0.14323840735747234,0.23011796407015336,0.5563922758081179,0.17371836138697644,0.5790492688912164,1.833126194146443
2019-11-10,0.0684119075284532,0.07955483080509933,0.13914504153754267,0.2347635238457588,0.5546654305084725,0.17485938006246435,0.601027979149226,1.8524280934370165
2019-11-17,0.0675329956127968,0.07922395563792571,0.13901804994473005,0.23323300090024587,0.5402574708278233,0.1747167271251997,0.5877843951372553,1.8217665951859767
2019-11-24,0.0675329956127968,0.07997669719757454,0.13889104344505124,0.23550179791455406,0.54219241145956,0.17129370724390588,0.597364931942585,1.8327535848160275
2019-12-01,0.06851173260576668,0.0807293870198684,0.13871520205183396,0.23724838140319732,0.5592993548017742,0.1747167271251997,0.5860937875277554,1.8453145725353957
2019-12-08,0.06851173260576668,0.08029029947923688,0.13838303235320218,0.24315433198639874,0.5440186363791998,0.1747167271251997,0.5917293597351703,1.8408041196641742
2019-12-15,0.0694904743686657,0.07928669826741032,0.1399754434238229,0.2463414266368707,0.546919459717234,0.17300522923294276,0.5987737075644439,1.8537924392113903
2019-12-22,0.07233636673906377,0.07826316339181653,0.1400389466736623,0.2471156731568516,0.5548579814841696,0.17899552004940195,0.6159621280688805,1.8875697795638462
2019-12-29,0.07449271338117856,0.07889181660108052,0.14364871884851219,0.2505369113629108,0.5807296196573932,0.18184804866553678,0.6170889862994656,1.927236814816078
2020-01-05,0.0774332459159008,0.07945757196879498,0.14691169768902781,0.24909636793879403,0.5823353327163586,0.1854136732905354,0.6279567693574379,1.9486046588768495
2020-01-12,0.0774332459159008,0.07901754576472318,0.14782513081981638,0.24658189360091756,0.5848790149879753,0.18327428887682426,0.604426146989301,1.9234372669554585
2020-01-19,0.077533342879176,0.07875081013561851,0.14760043962619446,0.2504418182688573,0.5791518674834046,0.1855563141794101,0.6220031967239681,1.941037789296629
2020-01-26,0.07557045025371846,0.07944378765921922,0.1490218689419659,0.2412903944249414,0.5781952734778789,0.18755304565585657,0.6222866086788127,1.9333614290923933
2020-02-02,0.07704258871827213,0.07799478694945405,0.15044820261670386,0.23985872313004084,0.6238759190913621,0.1861268054445691,0.60159104529908,1.956938071249482
2020-02-09,0.07939806559273618,0.07988480426408628,0.1484112837040735,0.2485752674620672,0.6457907129097008,0.19397124709054991,0.6276733147007771,2.023704695723991
2020-02-16,0.07998689903688355,0.07969580770635856,0.1498962311765505,0.24910080400340218,0.6630560854696744,0.1968237636582948,0.6336267165269818,2.052186307578146
2020-02-23,0.08598311496601005,0.07974667291735078,0.15543058412065286,0.2461107190149618,0.6509743766364481,0.1968237636582948,0.5743748291652906,1.9894440604790091
2020-03-01,0.08057847042036473,0.07393775052164747,0.15067289381032578,0.2104110132125674,0.5850622772629007,0.19611064355265106,0.5528287737101264,1.849601822490584
2020-03-08,0.07861315944082663,0.07463233190325244,0.15812692316471416,0.1958593017573408,0.5904477806661173,0.19611064355265106,0.5202259796598213,1.8140161201447236
2020-03-15,0.06682116954543997,0.06471924034935934,0.14453773453253158,0.18830250602531085,0.5543921247056551,0.16972481409535378,0.4054077132984587,1.5939053025521095
2020-03-22,0.054608362190390364,0.05379950247074681,0.14063976791422042,0.1513161640439845,0.573365670381069,0.16972481409535378,0.2650742576559859,1.4085285387517508
2020-03-29,0.05854410705337688,0.0617744942296081,0.1541752172938981,0.1651429902799603,0.5901403057140315,0.16116727644050918,0.364299998493838,1.5552443895052221
2020-04-05,0.0575601851474177,0.06234413359447113,0.15309081731512642,0.1523128429089873,0.5921560011728881,0.15132609126969193,0.34190524443952724,1.5106953158481098
2020-04-12,0.05903608231614392,0.06550881890575119,0.15907455264647258,0.18815363169706317,0.6344482140491371,0.15974101213244177,0.37494650073969576,1.6409088124867055
2020-04-19,0.060970684491795164,0.07268635694368822,0.1604715645154748,0.17427462121015214,0.7376365804907176,0.1581721310322796,0.38069279875680045,1.7449047374409081
2020-04-26,0.05712926974773789,0.0733211890713465,0.1622593598808479,0.1660900497459286,0.7485753526070125,0.15118346242920722,0.33098724404557517,1.6895459275276556
2020-05-03,0.05722774970503023,0.07002014626550154,0.16058391756571883,0.17074075535647942,0.7100070556963912,0.15474911115098577,0.36374124522743134,1.6870699809675382
2020-05-10,0.05673525451998551,0.07211502872373775,0.16129220240442055,0.16973376869044185,0.7390683673668602,0.15318021800243364,0.34477847885171226,1.6969033185595919
2020-05-17,0.05220431312736156,0.07078195664437262,0.16515597267176188,0.157282929040177,0.7484386760099385,0.14262591272597264,0.3091512646085794,1.6456410248281637
2020-05-24,0.054282671427825196,0.07032790222605159,0.16408135159719084,0.1638196073549294,0.7568555184753023,0.14262591272597264,0.30484158379756715,1.656834547604839
2020-05-31,0.05625657781969698,0.07051884263011626,0.16435978204331766,0.1781746479021491,0.7585606111542622,0.14191278057193896,0.3591441811926579,1.728927423314139
2020-06-07,0.06314553845902353,0.07255547621770007,0.15892312870002454,0.20366216196039585,0.7711796428923511,0.15817213103227962,0.41086090604841674,1.8384989853101916
2020-06-14,0.07119910592062396,0.06778210654604644,0.16406669814775607,0.1828620518653669,0.7904420387269763,0.15118346242920724,0.3692002881262237,1.7967357517622005
2020-06-21,0.0677465310311881,0.06572198419930346,0.16505828797781877,0.17909015485039578,0.8308148553278824,0.14975721016952984,0.3933346714751575,1.851523695031276
2020-06-28,0.06321825602896067,0.06584964981823237,0.16702192473640912,0.16953233909494628,0.8363618209940082,0.16330667290261036,0.34219260631238047,1.8074832698875478
2020-07-05,0.059322726438662876,0.06572198419930346,0.16815028506348512,0.1696605494276922,0.8976804208791445,0.1667296807355142,0.3627363433842255,1.8900019901280278
2020-07-12,0.06481994576930916,0.06712575906976881,0.17034351737466383,0.17798807509030465,0.9938682347664405,0.17508341987398787,0.36302697194602634,2.012255923890501
2020-07-19,0.06614339600230627,0.06699056197016552,0.1714425708028703,0.18148245190339335,0.9199399392353179,0.17238983361835947,0.355179338899251,1.9335680924316638
2020-07-26,0.06616319597822028,0.0676943895562098,0.17985399363635152,0.18170427126494212,0.9345187446623094,0.17508341987398793,0.37029336922010825,1.9753113841921293
2020-08-02,0.06485578701696461,0.06462318625432086,0.18700516019097768,0.178672164646305,0.9828983739373576,0.1774601334733612,0.38947643426616685,2.0449912397854537
2020-08-09,0.06388513028397987,0.06622278701337075,0.19232946048402677,0.18373795685502128,0.9837618439785107,0.16240770638165353,0.36331768591145996,2.015662570908023
2020-08-16,0.06239942614091513,0.06494311527539168,0.18420135754877265,0.18933999668470813,0.9777240936940436,0.16399215400165912,0.3653521712476984,2.007952314593189
2020-08-23,0.06399924606903565,0.06615279376313879,0.1835663399572448,0.17992939374967126,1.0201808492696824,0.163675281345404,0.37232793995997937,2.0498318441141565
2020-08-30,0.06568605519511897,0.07019507026267574,0.18663391959614192,0.19000556768736274,1.056544027573561,0.1734989481572024,0.3880231633517138,2.1305867518237767
2020-09-06,0.06501132009685567,0.07365992831647647,0.18209117138896844,0.19139218469698907,1.0232556935732007,0.17429119003979018,0.396161574416647,2.1058630625289276
2020-09-13,0.06399924606903563,0.07231248803452942,0.1845579297873075,0.18686251106009114,0.9678475508588908,0.17429119003979018,0.3801755943576629,2.0300465102073075
2020-09-20,0.0636355437410504,0.07043842799838196,0.18499756308408302,0.18183367530234631,0.9177472371571582,0.17112227070299904,0.38075685148126454,1.9705315694672834
2020-09-27,0.06409279868951295,0.07146765398302311,0.17638097705164876,0.1728113167418099,0.9612973107267269,0.17033005291719125,0.3662241850385498,1.9826042951484628
2020-10-04,0.06272109108327517,0.07076004957006558,0.180616002820692,0.18098319299568227,0.9705744480141022,0.16731955786013777,0.3602624990599812,1.9932368414039363
2020-10-11,0.0636156722161991,0.07140332966868639,0.18243310508493463,0.18710289736841781,1.0207803496001207,0.17033005291719128,0.38202530893473124,2.077690715790281
2020-10-18,0.06273529593229273,0.07159303576728235,0.17976118348764256,0.18941752296291361,1.0164507724310938,0.16739877602420156,0.3577627560841452,2.0451193426895715
2020-10-25,0.061739501672671795,0.06917438094160565,0.17973187658877302,0.19370932674995348,0.9952348111718575,0.17191450053719687,0.3674677473331082,2.0389721449951663
2020-11-01,0.06074368833333426,0.06881963268063589,0.17798804157170425,0.18294251401178574,0.9429790449777138,0.16256615475817113,0.3602624990599812,1.9563015753933264
2020-11-08,0.06074368833333426,0.06994832742574397,0.18485590313496944,0.19212323201325912,1.0284579347014917,0.1670026370103227,0.37026164177059057,2.073393364389712
2020-11-15,0.0612415878481093,0.06936786386711488,0.17900404884853624,0.2128731581192125,0.9717578095359242,0.17429119003979018,0.3871719026435887,2.0557075609022757
2020-11-22,0.06185422800865917,0.07019710280162125,0.17735302398017644,0.21378748749394502,0.9626235097185838,0.17825235125916905,0.40702312300943827,2.071090826271593
2020-11-29,0.06285187300079145,0.07524120666081417,0.16914676434564815,0.22619638616973337,0.9924209035339042,0.18847215708484633,0.40437629362732497,2.118705584423063
2020-12-06,0.0642386154237194,0.07663157416529,0.17346482135919974,0.22828630492789917,0.9822461744474377,0.20201934267222227,0.43231502449306713,2.1592018574888354
2020-12-13,0.0658448175170466,0.07718123921560688,0.17457365369160682,0.22309878710633674,0.9679096335018059,0.19742439999516312,0.47054690007470795,2.1765794311022737
2020-12-20,0.06695996971386244,0.0768492997371309,0.17821273276532623,0.22220313759639032,0.9943807246141373,0.21041701024053264,0.5131903002992586,2.2622131749666385
2020-12-27,0.06661015741957069,0.07649274066873696,0.17737745633381186,0.23235416004237833,0.9853862292216818,0.20677275782257884,0.5095141863368269,2.254507687845585
2021-01-03,0.06695996971386244,0.07778926400233684,0.17921897604482373,0.2371124603836055,1.0115497505992666,0.20748575744432288,0.5143666926367625,2.2944828708249805
2021-01-10,0.06666014627709387,0.0759741697687607,0.17585343796513087,0.25381319510872175,0.988495100500477,0.20598050389160114,0.5205176330652138,2.2872941865769993
2021-01-17,0.06706577628233375,0.07700991466012887,0.17317173746363815,0.26056512740940296,0.9641297957662246,0.20914942322839225,0.490858531424004,2.241950306234125
2021-01-24,0.06706577628233375,0.08120160124978612,0.1755554646174689,0.2514498857215451,1.0225133557727277,0.2097832408312424,0.46208925023104663,2.2696585747061504
2021-01-31,0.06507351997301049,0.0792844661700957,0.1757557383643216,0.24182715824252113,0.9957938393060755,0.20598050389160114,0.45378460099522144,2.2174998269428468
2021-02-07,0.06497341823980614,0.08009681655372773,0.17129602140165642,0.2593247069581154,1.0411235521174322,0.20994165306259008,0.4671311817881301,2.2938873501214583
2021-02-14,0.06469308473355662,0.07798474251153804,0.17290797537381222,0.2654704953907465,1.018003691547917,0.20994165306259008,0.45749205809082416,2.266493700710985
2021-02-21,0.06478791569504691,0.0780063982901209,0.16897092295243088,0.27819429012913344,1.0093663372218789,0.2101001134874976,0.46119938708097796,2.2706253648570867
2021-02-28,0.06398558976187069,0.07715956126387197,0.16296275526744936,0.27659672614903413,0.960614022524019,0.21152611273098562,0.46564836121679104,2.2184931289140217
2021-03-07,0.06418617005268246,0.07546588721137407,0.1604471470687056,0.28362590442214936,0.9318943075635736,0.21073390699356784,0.44488690893449323,2.171240232246546
2021-03-14,0.06488820345548825,0.07605215274481122,0.16199559779102202,0.29347416142584887,0.959545632369916,0.2045544805513332,0.45259830183633387,2.2131085301747535
2021-03-21,0.06339747657702544,0.08107539166784734,0.16461378013580916,0.29157594518332897,0.9550328403172942,0.20598050389160122,0.4330231487129237,2.19469908648583
2021-03-28,0.06379933833823448,0.07578573493088711,0.16394947055227793,0.29148196513821345,0.9479111555223297,0.21231839075874337,0.4374722082523693,2.1927182634930555
2021-04-04,0.06530643561355032,0.07565512028272457,0.16345122345776333,0.28888827075200835,0.9817554846117574,0.21073390699356787,0.42726655955808845,2.21305700126946
2021-04-11,0.07209830434496804,0.07542655203949084,0.16492640693290586,0.2937184192087426,1.047350772941117,0.2137443900022314,0.45624640340726685,2.3235112488767227
2021-04-18,0.07145244639779687,0.07432527809252008,0.16818937086655533,0.28981471461590697,1.0558110732565211,0.21160534294343947,0.4508962501400631,2.322094476312803
2021-04-25,0.07197574578531152,0.07196780638462799,0.16809167126574606,0.28393517071548174,1.0376233232316208,0.21200149400570825,0.42800961386368597,2.2736048252521823
2021-05-02,0.07265001820044698,0.07039617336146801,0.16720754503382707,0.2907788085699703,1.0769245744592824,0.21192226379325454,0.4149314566880973,2.3048108401063465
2021-05-09,0.0771183065736466,0.07367044578163819,0.17349412825806934,0.304825324856483,1.0223208521883609,0.21374439000223144,0.43009021716153845,2.295263664821968
2021-05-16,0.07587043109814923,0.07432527809252008,0.1739239826506442,0.31006191361818297,1.0009806308606337,0.21600081247612749,0.43038742180305084,2.2815504705993086
2021-05-23,0.08063393515655566,0.07151078076392117,0.1773188425360728,0.3075098375835738,0.9948248761632976,0.234005757772345,0.41181063714495114,2.277614667120717
2021-05-30,0.07559431420927094,0.06901546596027132,0.17917501569651942,0.31049680926121653,1.001033424802777,0.21161462020371774,0.40571742957214996,2.252647079705923
2021-06-06,0.07559431420927094,0.07121528655650049,0.17914081934554957,0.3146558698640382,0.9958000949616979,0.20840276040506758,0.41314814343538975,2.2579572887775146
2021-06-13,0.07458639955967229,0.07354643134176046,0.17753376973236026,0.3030292832802455,1.0394713007719465,0.22115836677130418,0.42087610464195846,2.310201656099248
2021-06-20,0.0726839467065121,0.07409051614879066,0.16799398657180303,0.2796436734201784,1.0829747412723334,0.2156523730381466,0.41314814343538986,2.306187380593154
2021-06-27,0.07066493109464063,0.07376120049331701,0.16838475516130774,0.2912324486023661,1.056438439689276,0.21289936412317784,0.4113647447790499,2.284745883943135
2021-07-04,0.07066493109464063,0.0745515033726785,0.1687462168519429,0.29497574509897306,1.0904535671337157,0.21565237303814658,0.4096615401337387,2.324705876723836
2021-07-11,0.07066493109464063,0.07287216056750898,0.17108598365746935,0.29618119323000486,1.1551668080203779,0.2184053578563354,0.4185995854108792,2.402976019837216
2021-07-18,0.07078409823466943,0.07251948180073826,0.17127160395488725,0.28884174853262756,1.1099116891631797,0.21152285966569342,0.4169609459118276,2.3418124272636236
2021-07-25,0.07027849051438317,0.06868878151885074,0.17029955702635963,0.28642698079599693,1.1356932364171808,0.206659213795486,0.4211320593289163,2.3591783193971736
2021-08-01,0.0687616912031702,0.06835852719993683,0.1723608784788931,0.2885945871438085,1.0334956331303942,0.21289936412317784,0.40370288598412796,2.2481735672635086
2021-08-08,0.06726510685170754,0.06835852719993683,0.16656765289706513,0.29947059159591155,1.0388842169700911,0.2064756445258775,0.40593725852251006,2.2529589985631
2021-08-15,0.07078409823466944,0.07067018917552295,0.16782301972381994,0.3041860798808846,1.0230538065054018,0.21005457057340488,0.44109374929355794,2.2876655133872617
2021-08-22,0.07090882234216145,0.07585681466557362,0.16865829615533431,0.2941847060580577,0.9938526904100478,0.2184053578563355,0.4658223711182514,2.2876890586057614
2021-08-29,0.06989583248794404,0.07363741517601134,0.17087105646118195,0.31002336018395277,1.0403409316860608,0.20546625451083023,0.4647796354657956,2.3350144859717767
2021-09-05,0.0714153029594827,0.07214678806864254,0.17317173746363823,0.3032544095263205,1.080226044105106,0.21014635520820915,0.46775911199695797,2.378119749328357
2021-09-12,0.06908544537449929,0.07201428131149801,0.1698355062828149,0.29920442771942585,1.0774618973641454,0.20876982665394486,0.46612038709427384,2.3624917718006024
2021-09-19,0.06778354091148615,0.07146143810937543,0.1656981801145809,0.2998128299476401,1.0754027440552483,0.2101463552082092,0.46626937373137683,2.356574462077917
2021-09-26,0.06900124658509095,0.07132856179969536,0.16556140961756766,0.310004325433998,1.063911104677697,0.20757686736928904,0.4600127036057438,2.347396219089082
2021-10-03,0.06996521110747407,0.07182688122072381,0.16629411190303864,0.3177811177083014,1.019727409019752,0.21198168645259505,0.49159389940266607,2.349170316814551
2021-10-10,0.06900124658509095,0.07335512138516026,0.1660791847067512,0.32365643524899096,1.0213921716764822,0.22024071319750133,0.49860207879352575,2.372326951593503
2021-10-17,0.06900124658509095,0.07408600760785704,0.16748597547995403,0.31870133495060476,1.0587864905487148,0.20739332219646048,0.5159188182559717,2.4113731956246536
2021-10-24,0.06881520503833743,0.07296580518001575,0.17021162142288487,0.3285908231584435,1.0359678492756628,0.2156523730381467,0.4994977920924288,2.3917014692059198
2021-10-31,0.0686424143547709,0.07333230521161578,0.16806236436687666,0.3249755434208542,1.047422239067465,0.2174877042825326,0.5027819887847741,2.4027045594888894
2021-11-07,0.0686119249676251,0.07363216013895589,0.17136441410359632,0.3214557600559192,1.092941327635378,0.21666181124675396,0.4994977920924288,2.4441651902406574
2021-11-14,0.07008579968639045,0.07243271825644333,0.17600486191157907,0.31917955884650145,1.0948546104290904,0.21840535785633558,0.48009114033617495,2.4310540473225153
2021-11-21,0.0701551449164164,0.07263954202848569,0.17557500751900423,0.3078171681396229,1.141883207655116,0.21565237303814674,0.44784618750654154,2.4315686308033335
2021-11-28,0.07127522445004726,0.09439132296902633,0.16961568963442727,0.3097491307354524,1.0884596242955444,0.20693449540955905,0.4485926152556274,2.3890181027496844
2021-12-05,0.07595901345244918,0.09522665212931847,0.16787674406945882,0.30278631598887434,1.0528139507349734,0.21987362285184428,0.5224872116406624,2.437023510867581
2021-12-12,0.07605065810126531,0.09198561726419509,0.1687950666523477,0.30571305397471116,1.0697252626650098,0.21565237303814677,0.48098681093326173,2.4089088426289376
2021-12-19,0.07852589835690227,0.09506940752544464,0.1704460915207075,0.29985967478990166,1.0560937151514413,0.2132664303720552,0.5099474816669173,2.42320869938337
2021-12-26,0.07699618684747218,0.0951028815941142,0.1708564030117473,0.30081609031940704,1.0626221552715893,0.2132664303720552,0.49830350769389153,2.4179636551102766
2022-01-02,0.07827091702410083,0.09590656227526236,0.1719114960916494,0.30290110520978786,1.0355920360250406,0.21289936412317806,0.5180088159534124,2.4154902967024316
2022-01-09,0.07832190756674615,0.10052778716803269,0.16924446394645765,0.31975337590191666,1.0097328617717305,0.21289936412317806,0.5115408572406811,2.4020206177187426
2022-01-16,0.07954567582030438,0.09041469378190334,0.1719310389931845,0.30383161412198195,1.007148802086554,0.21106400878201226,0.545643552588849,2.4095793861747894
2022-01-23,0.08456968001954226,0.09060530897973675,0.1733866646599258,0.2791809676848383,0.8860521996871819,0.22657262406321765,0.5810922945907174,2.32145973968516
2022-01-30,0.08896157320742784,0.09060530897973675,0.16871690995307354,0.28212515956851497,0.8943447346927244,0.22262665586359306,0.5924600305140386,2.339840372779109
2022-02-06,0.0919235084142595,0.13711608244565227,0.17061216891659034,0.29357488428916895,0.9792055466845201,0.21482645590558824,0.5831864770661562,2.470445123721936
2022-02-13,0.08640810611368208,0.13627713906156252,0.17332805086218675,0.2961920010965048,0.9522096439785701,0.20968752842130783,0.5489340264481918,2.403036495982006
2022-02-20,0.08109796340441551,0.1362195479944234,0.17888682125305838,0.29276674623558224,0.9479111555223311,0.20803571825297057,0.5543188108884223,2.3992367635512037
2022-02-27,0.08181386299126898,0.13511047648895266,0.17818342586645694,0.28474227637585087,0.9552843934994272,0.2101463552082093,0.5869257470149093,2.432206537445075
2022-03-06,0.08180363626316502,0.14862147979154364,0.18510990122746124,0.25862919655214256,0.90467481256047,0.20702625594758342,0.5982933121309653,2.3841585944733312
2022-03-13,0.10277869376386013,0.14862147979154364,0.18747408547975694,0.24802616331930563,0.9039511469442019,0.20776038844533773,0.5860283256433539,2.38464028338736
2022-03-20,0.10437301396366727,0.14883404640998835,0.18209117138896874,0.26959780990211857,1.0016359581783667,0.21106400878201223,0.593357323780145,2.5109533324052666
2022-03-27,0.08911141576183942,0.14883404640998835,0.18481681733189959,0.27310007484463766,1.0235196632839176,0.21335816681329955,0.6317977977344567,2.564537982180039
2022-04-03,0.08859927800854275,0.1565080117599719,0.18208140739163425,0.26038034515454617,1.0159817878247706,0.21106400878201226,0.652289246432231,2.566904085353709
2022-04-10,0.0962812679891264,0.15415195174276555,0.18368358245958946,0.2568780963431711,0.9594586218871757,0.20968752842130786,0.6484078648388008,2.5085489136819366
2022-04-17,0.09544371612915545,0.15575427240847708,0.18550068472383208,0.24449473326838136,0.9423516785449615,0.2092286534408465,0.6659324767430403,2.4987062152586943
2022-04-24,0.09544371612915545,0.1596321497670521,0.1824135621833999,0.24583235999359035,0.8966555359664147,0.21556058840334263,0.6598369632721583,2.4553748757151137
2022-05-01,0.09544371612915545,0.16354365640636156,0.1801275346303784,0.23138988864573104,0.7719964798643242,0.21840535785633572,0.6400267366499658,2.300933370182252
2022-05-08,0.09236488903850096,0.1654657287079269,0.1784569668604835,0.23984210805169104,0.7129296316551128,0.21244051323949667,0.6065015406655644,2.208001378218776
2022-05-15,0.09123596128629134,0.16721918157857432,0.17117879380617854,0.23086644915311982,0.7022610849051547,0.20812745469421495,0.5967487447332431,2.1676376701567768
2022-05-22,0.08330283453580353,0.13848962052765937,0.17424148399297534,0.22747394051457703,0.6683205040235436,0.1757337437710997,0.5866911432361065,2.054253270601765
2022-05-29,0.08463979797809103,0.13710472979176028,0.17513538912909496,0.2544784596196401,0.7152528020660553,0.19557889990964164,0.6697422900923365,2.23193236858662
2022-06-05,0.08833184716065204,0.13180162134250625,0.17389467575177497,0.2523266133995454,0.7599986062946985,0.2027093901110707,0.6566368891579427,2.2656996432181904
2022-06-12,0.08636756171588182,0.13102471843808358,0.17602438990624814,0.23175821105735517,0.6811103341166443,0.19150433924384933,0.6628848054112324,2.1606743598892946
2022-06-19,0.0808949361399483,0.1266028893113912,0.17416821674580152,0.21911858862851383,0.6598042819381855,0.18437387313920023,0.6034536558246748,2.0484164417277153
2022-06-26,0.07525737118383402,0.1317144217262194,0.17282003977033777,0.22743517737547433,0.7234118356936654,0.17826202611631675,0.5638330317730241,2.0727339036388717
2022-07-03,0.07229940455805764,0.13540419684420266,0.17053401221731623,0.22109599265707428,0.6805512585910964,0.168075618427641,0.5308311465474927,1.9787916298428812
2022-07-10,0.07028967599824701,0.1410573158909208,0.16477985753169228,0.22169691003445888,0.7176971047176778,0.17153900041533995,0.5524692244168035,2.03952908900514
2022-07-17,0.06699162773365092,0.14379926266574178,0.16107727520813347,0.2209003702734293,0.7053358818173427,0.15687056756041962,0.5196229873117192,1.9745979725704368
2022-07-24,0.06210357605513113,0.13062774510440261,0.16358311940954273,0.22444030143725713,0.760433421751756,0.16410291485066925,0.5499784701733005,2.0552695487820594
2022-07-31,0.06355023832807877,0.13534271808438966,0.16652858200086137,0.22561369698510242,0.8382657203042903,0.16298242663169307,0.5602526552827578,2.1525360376171734
2022-08-07,0.06055357803701344,0.13907392743265812,0.16760320307543242,0.22639602520824206,0.8746040655510028,0.15788921073896522,0.5759752505387464,2.2020952605820603
2022-08-14,0.0579185642344684,0.12893170591567726,0.1695570758366883,0.23885402708645598,0.8916861758360509,0.15676871047159907,0.6211192691263675,2.2648355285073074
2022-08-21,0.05767924257907617,0.13086708210852213,0.16524878282047115,0.23200900195358085,0.8586400115343894,0.15381466212156286,0.5915421549724716,2.189800938090074
2022-08-28,0.057751783661634616,0.13086708210852213,0.1639006207518736,0.2242642622624639,0.8121766980982034,0.1598246400072358,0.5907637008611537,2.139548787751087
2022-09-04,0.0528596775433348,0.12916753956175978,0.16182950548827335,0.22238675840887775,0.7920508796137555,0.15289788808022783,0.5323878412610469,2.043580089957276
2022-09-11,0.05279748720703831,0.1295074539839528,0.16201512578569127,0.2330650756909001,0.8278301493349202,0.15585192438187406,0.5216467544920641,2.082713970876441
2022-09-18,0.04862451945748684,0.12264305259148331,0.15826369366172782,0.2289775889741371,0.767328386421755,0.14770282714706937,0.5277177998222008,2.0012578680758604
2022-09-25,0.050070251594249646,0.12598165671704092,0.1556455113169407,0.21344903996106387,0.7067645408656749,0.15075873258592615,0.5154199329360313,1.9180896659769275
2022-10-02,0.05093353722200092,0.12598165671704092,0.1579217599657616,0.20437440036272805,0.7019194408038014,0.13751641945839357,0.4841305613517666,1.862777775881493
2022-10-09,0.05542675801488315,0.12598165671704092,0.16058880701781952,0.20726892445393813,0.7116096409275484,0.14668417192013383,0.5669026091365993,1.9744625681879628
2022-10-16,0.052015218825950324,0.12598165671704092,0.15543058412065328,0.21940390017296263,0.6640282238315967,0.14260961125434152,0.5429490679797352,1.9024182629022808
2022-10-23,0.05844062344040327,0.19801417175064262,0.15510819332622208,0.24118839720124402,0.7411772341814226,0.14260961125434152,0.5601956483579852,2.0967338795122616
2022-10-30,0.05864933169049172,0.18268251614434092,0.15493233702613865,0.24878537561305136,0.6423494862303261,0.12936729812680894,0.5573212609967598,1.9740876058279175
2022-11-06,0.06030863263514986,0.18165813129791536,0.15792175996576158,0.25786220904697515,0.5651383458462548,0.13038594130535452,0.5883011725182314,1.9415761926156427
2022-11-13,0.06380463295959443,0.1809410663400479,0.16616710540336008,0.2669785637837711,0.6260748768251466,0.12875610740032561,0.646748087940677,2.0794704406529227
2022-11-20,0.0642634572147483,0.18673797088729532,0.16581053316482525,0.26409765437812194,0.5847672188394002,0.13242321561405573,0.662717200782219,2.0608172508806657
2022-11-27,0.06385520374847428,0.1340682939924153,0.1651999479269328,0.26981998414883634,0.5802327215574234,0.14250774211713102,0.6691047946766563,2.0247886881678694
2022-12-04,0.06385520374847428,0.1536313261306916,0.1690295367501704,0.26670228567997906,0.5847050888051548,0.13446048992275692,0.6301403267344137,2.0025242577716407
2022-12-11,0.06406456547885668,0.16074513852939953,0.1702311643244203,0.26078262362435256,0.5533982337230521,0.13034396471469323,0.6384442073375453,1.9780098977323197
2022-12-18,0.06382879742068341,0.1473694358011218,0.1688927662531572,0.2551194144965061,0.5457578982074301,0.1273300117697178,0.6707017572029899,1.9790000811516064
2022-12-25,0.06424872767352392,0.15106992794263588,0.16968408233636725,0.25904617049415984,0.5295454188364961,0.1279411904478112,0.6563296068877816,1.9578651246187757
2023-01-01,0.06403875539220995,0.1524747745154543,0.1717698361425361,0.26461068928283427,0.5217808232523833,0.13140458448390013,0.6786863563255773,1.9847658193948954
2023-01-08,0.06320087440712742,0.15583258798180943,0.17569223511448268,0.27218789091206147,0.5347011216782663,0.13751641945839363,0.6855308596545236,2.0246619892066646
2023-01-15,0.06370554245137053,0.15408516620854207,0.1804108396217396,0.2842766347722976,0.6094897120314009,0.14872145827722505,0.6979062730391108,2.1385956264016865
2023-01-22,0.0651447254754063,0.15447764578339082,0.18178832349607288,0.26851331308901993,0.6040855364439793,0.14923077986649783,0.7081648292837989,2.131405153438166
2023-01-29,0.06422866535150651,0.15293284227431134,0.18227679168638686,0.2789294186248437,0.6350817887461854,0.1395536937670948,0.6855308596545235,2.138534060104852
2023-02-05,0.06422866535150651,0.15447764578339085,0.17621978910786684,0.28046003835722094,0.6422252261618353,0.13242321561405573,0.6799944410645788,2.130029021440455
2023-02-12,0.06422866535150651,0.17507462678771263,0.17541869412045616,0.2803606059854235,0.6063217437635104,0.1273300117697178,0.6594774139788353,2.0882117617571625
2023-02-19,0.06054460103034758,0.17502407200085027,0.17321082326670884,0.28274604730220854,0.6037749336640829,0.12193122461052823,0.6415656674079361,2.0587973692826624
2023-02-26,0.058958632976487305,0.17529913734410613,0.17112994400577416,0.2801419644592485,0.580791749691641,0.11306904341524968,0.6024856056489444,1.9818760775414512
2023-03-05,0.060826203337751794,0.16598054495414205,0.17414867384426666,0.28556870714676746,0.5894881062241135,0.10736467294120841,0.6047652421126143,1.988142150560864
2023-03-12,0.05832668414272619,0.19599943045526444,0.17503768952828597,0.2656706990192966,0.5635854267294325,0.10676021726471924,0.5943438211405226,1.9597239682802474
2023-03-19,0.06461843534231276,0.16185404743175466,0.18484613913763565,0.25008633624788157,0.6146453674818408,0.09728012234135318,0.511298524433127,1.8846289724159055
2023-03-26,0.06461843534231276,0.16185404743175466,0.18738616478314862,0.2482973117192969,0.6095517946743161,0.09778944995482095,0.5536354110202099,1.9231326149258599
2023-04-02,0.06461843534231276,0.17218515464070264,0.18669254830074786,0.2590314750219491,0.6416040679933727,0.10247519532290161,0.5697558590987519,1.9963627357207385
2023-04-09,0.0635591151662325,0.19284736905859853,0.18963312143996613,0.2533860585459671,0.6339636850864201,0.1069572084407562,0.5902596913232561,2.0306062490611967
2023-04-16,0.06263613387513174,0.2099970014082536,0.18851941456232493,0.2779330623827216,0.6367589679314991,0.1171160976067367,0.6549708350928214,2.147931512859489
2023-04-23,0.06384293072076369,0.2019633136201719,0.18654599889953397,0.28155918224909876,0.6644009092544085,0.11605080306222078,0.646275848554113,2.1606389863603104
2023-04-30,0.06686180934182359,0.2080008264322611,0.18774762647378382,0.27695138548166626,0.6550212645192278,0.1242740942824711,0.6019645580863389,2.1208215646175725
2023-05-07,0.06804171332689106,0.2135553192982933,0.1899457333301967,0.27394625013584634,0.6563257582817297,0.1191808904381332,0.5852432954523256,2.106238960263416
2023-05-14,0.06804171332689106,0.20675881948870461,0.18976012793964497,0.2686572835494828,0.6848994605529989,0.11663429454015922,0.5551450910340078,2.0898967904318897
2023-05-21,0.06985145306710488,0.20513148750738752,0.1870051601909784,0.27883453523566276,0.7221073893224952,0.11867158089725037,0.5272205798730965,2.1088221860939758
2023-05-28,0.07251754772801071,0.19974057337568832,0.18320487826661033,0.27434698001582564,0.746084464277542,0.11724547321825257,0.49260759782003294,2.085747514701963
2023-06-04,0.07625007452936387,0.19974057337568832,0.18515875102786625,0.28141890582061885,0.7718008010608173,0.11693990195179087,0.5116698594277527,2.1429788671938983
2023-06-11,0.07909537065861784,0.19974057337568832,0.185173404477301,0.28250082165067314,0.7667072282532926,0.13037397725411268,0.5660138562337554,2.209605231903441
2023-06-18,0.07508158021483032,0.200031825120001,0.18487544603650524,0.28700847627597087,0.7795032666106849,0.1298439926760385,0.5390926669488465,2.1954372538828775
2023-06-25,0.07799031640181886,0.1857834610342905,0.18131939820729417,0.27817351321562445,0.8033561288885713,0.1275784495709339,0.519027168868757,2.1732284361872902
2023-07-02,0.07486772998111499,0.18151033984790085,0.18084069401431466,0.29137591899736487,0.8097541480672675,0.12811702465105793,0.5183583303199051,2.184824185878926
2023-07-09,0.07698511107197913,0.1827912828466022,0.18217909208557775,0.2891722111492155,0.80615136434232,0.12507421581210038,0.5233061470738429,2.1856594243816376
2023-07-16,0.0748463463887222,0.1800217231063254,0.18476798243836154,0.3021113889226835,0.836588541118978,0.1283608117737449,0.5801124587136867,2.2868092524625023
2023-07-23,0.07186444902838533,0.1803828498440586,0.185021980530853,0.31256030520546324,0.8075179407477368,0.1347197712749475,0.5783910630946277,2.270458359726072
2023-07-30,0.07186444902838533,0.1769139341034176,0.18510990122746163,0.31651391955792596,0.8212457874448191,0.1398075292470182,0.5732269189392671,2.2846824395482948
2023-08-06,0.07240076078262929,0.1776771044356195,0.1830681077695971,0.31471865227660184,0.866963730035382,0.13789963054983292,0.5764975791558425,2.329225565005505
2023-08-13,0.07186444902838533,0.17857900478966443,0.18069415951996695,0.31155172155616667,0.8597581625854867,0.14086748635477667,0.5353560445127047,2.2786710283471514
2023-08-20,0.07273615835102076,0.1800598904921963,0.17843742395894882,0.3004975970116906,0.8275195465550244,0.13592186323920186,0.525888325906064,2.2210608055141465
2023-08-27,0.06956202330596069,0.1807551075041624,0.18000052813070003,0.2966246706416631,0.8277679719093451,0.1229543136449734,0.49404242154984057,2.1717070366866453
2023-09-03,0.06357957339236965,0.178843264416781,0.18260894647815268,0.29616070667708844,0.8579567233316824,0.11413945852550363,0.49404242154984057,2.187331094371418
2023-09-10,0.05573569678626315,0.17522815369307893,0.18118262771028093,0.2901293364490582,0.8586400115343906,0.11752585130128358,0.4871567963717884,2.165598473846144
2023-09-17,0.05164696598555323,0.16059394719605805,0.18173458424356814,0.3001748450819497,0.8720572554515763,0.1244650492151323,0.5678904729550988,2.2585631201289367
2023-09-24,0.0544469000885624,0.1637402140089666,0.18181763039494264,0.29396196722130014,0.8020516351260698,0.12213291465865424,0.5391431404957243,2.1572944019942204
2023-10-01,0.05725566810036287,0.1721344668149275,0.17488137612973773,0.29252981199207867,0.7896283295828198,0.12238934054242148,0.5303639459752543,2.1391829391376023
2023-10-08,0.056175379315726144,0.17727903722643332,0.17279073287146857,0.29269118795694915,0.7948461150675049,0.12622737926467975,0.5310920973469598,2.1511019290497218
2023-10-15,0.05563522299858489,0.17380296694870417,0.18115330590454526,0.3007438550564441,0.806213446985235,0.12776942860037502,0.5395895452834214,2.1849077717773095
2023-10-22,0.05542373864972942,0.17029221786103965,0.1879527896727369,0.2904819632575417,0.7775155320368055,0.12776942860037502,0.5293217654464105,2.1387574355246386
2023-10-29,0.05499350534991849,0.17102369536779333,0.18673161919695197,0.27572925774770823,0.7934795386620883,0.12832016050598047,0.5174606954392684,2.1277384722697095
2023-11-05,0.05518512771378097,0.1684809669738332,0.18766948468137587,0.29058362172721525,0.8609383962794978,0.12116066982988959,0.53109209734696,2.2151103645525523
2023-11-12,0.05368834302529388,0.16823715099298295,0.18278480277823614,0.29755350191487817,0.8917482584789674,0.12116066982988959,0.5434842071417241,2.258656934161972
2023-11-19,0.05358096715013125,0.16748076564533368,0.18685862569663075,0.31053836308823757,0.9018111440255263,0.12116066982988959,0.5346327184462425,2.2760632538819916
2023-11-26,0.052905755058952654,0.17034309785413337,0.1885731389079638,0.31200142558941946,0.9115014389319342,0.12292299987943704,0.5247189366664354,2.282966792888276
2023-12-03,0.054452199479851394,0.17446204172269422,0.19395117845351784,0.3187071421624564,0.9133027834030776,0.11873744944522562,0.5558764023401209,2.329489197006944
2023-12-10,0.05412548318251834,0.17446204172269422,0.18908603945191318,0.32212104069798225,0.9157253334340144,0.11780625348109448,0.5661441394753157,2.3394703314455327
2023-12-17,0.06525551184991343,0.17104121215797818,0.19189960609145268,0.3357560837625922,0.9315651273821368,0.12056194918702694,0.5629576018368696,2.3790370922679696
2023-12-24,0.0633849841325741,0.16957506421056376,0.19457641714084506,0.3401656287699029,0.9529953922377563,0.12446586850565036,0.5700388013336183,2.4152021563309107
2023-12-31,0.06450045114471402,0.16957506421056376,0.19472296654205895,0.3456521857394831,0.9438021376053118,0.12974762965304504,0.5877419068300305,2.4357423417252075
2024-01-07,0.0667095245836858,0.16949969027541428,0.19346271026320386,0.35006176300908187,0.9021839242309992,0.14329648996662708,0.67168325845086,2.4968973607798723
2024-01-14,0.06616272852516361,0.17032872965155146,0.19359948076021713,0.345636796628079,0.9604493850419726,0.14949682036546258,0.6370979044729485,2.5227718454453947
2024-01-21,0.06803399081159253,0.16805123650340173,0.19088359881462075,0.3482129725918681,0.9649217996810346,0.1492671780526024,0.6123421242930821,2.501712900748202
2024-01-28,0.0650053767651314,0.16676724839180748,0.1902779030288286,0.3522407579445782,0.988401929144779,0.15271180069711543,0.6036048202544113,2.5190098362266515
2024-02-04,0.06880212112267108,0.17250743401589969,0.19171400070090097,0.3572499621000393,1.0672281186799184,0.1504153896169034,0.6225356883733476,2.6304527146096808
2024-02-11,0.06906545937134856,0.1737158855892288,0.1906149472726945,0.3578225209262201,1.0836269407622583,0.14811896648830136,0.5934112134723297,2.6163759338823813
2024-02-18,0.06638687703592025,0.17672297891725164,0.18943773714521392,0.36604175821896295,1.0529412438486188,0.1437557745923475,0.6188951450239015,2.6141815147822163
2024-02-25,0.06605660237143907,0.17672297891725164,0.19200706968959644,0.376182892273661,1.0869812991328853,0.14765968186258097,0.6181670363540123,2.6637775606014267
2024-03-03,0.06649697654062922,0.17672297891725164,0.1956217462234128,0.3788408208753913,1.107044987583088,0.1492671780526024,0.600692300171222,2.6746869883635975
2024-03-10,0.06385471244577166,0.17672297891725164,0.20515663993186978,0.3848314115713152,1.0892175064524166,0.15018574730404322,0.5966877238377395,2.6666567204604075
2024-03-17,0.05614811440068778,0.1739983419831955,0.2038280058579411,0.38908419412094786,1.083440598050853,0.14582255540808933,0.5770286616452814,2.629350471466996
2024-03-24,0.07113259879844441,0.17392265762391618,0.20408200395043258,0.40200595025886415,1.1110825393737627,0.15133395886834422,0.638918240200396,2.7524779490741604
2024-03-31,0.07278992022250405,0.1736956045460782,0.2092500057517995,0.40952999976851434,1.120462231500274,0.15225251607139503,0.640749977312798,2.778730255173363
2024-04-07,0.07488922805180757,0.15969399807940088,0.2190291335554135,0.4037029466107609,1.149595009297091,0.16993493801646073,0.6740211828937921,2.8508664365047265
2024-04-14,0.07734206395021302,0.1588614701273282,0.22562345412465215,0.37590937259549784,1.156179371187193,0.18371345269129294,0.6497219705339045,2.8273511552100814
2024-04-21,0.07071273532461206,0.13948627415181797,0.22519359973207728,0.38209944101848975,1.0847450918133545,0.18187631418841133,0.6299087974863863,2.7140222537151493
2024-04-28,0.07598298711637233,0.1362318467028065,0.21976183584088446,0.39791405973978106,1.1157412967242302,0.18256524112699193,0.6336471706969969,2.761844437948063
2024-05-05,0.06905424049798077,0.17672297891725175,0.21621556691587399,0.3917856445492696,1.1566763166784955,0.14628184003380976,0.620563035267125,2.7772996228598066
2024-05-12,0.07721943861154834,0.13328015669091237,0.22280010858091204,0.40877244898260395,1.1645650775484384,0.1855505791457846,0.648600450030358,2.840788259590558
2024-05-19,0.07783361945921462,0.1360804779842478,0.22695208819858087,0.42115258582858783,1.1472966245519844,0.1742981299124146,0.6803763234078344,2.8639898493428646
2024-05-26,0.07582106233141628,0.13055551975685623,0.2198106856412891,0.4127620357862524,1.12276052146272,0.17131279189362195,0.6635537293637191,2.796576346235875
2024-06-02,0.07032171084243859,0.22364728167044065,0.21937106725137978,0.4167105204349138,1.0959882110539247,0.17085350726790155,0.6710305184867567,2.8679228170077558
2024-06-09,0.0731298873830241,0.2157004239461103,0.21746604429052852,0.4111990892412403,1.1448119918781328,0.16419389224334566,0.6766379928990401,2.9031393218814214
2024-06-16,0.07252144953005801,0.2101754657187187,0.2193124534536407,0.39851042813454945,1.1408365227303734,0.15776391953164998,0.6497219705339046,2.8488422096328945
2024-06-23,0.0703217108424386,0.1892108981983424,0.21935152434984467,0.40369284851459863,1.1745037978091677,0.14926717805260245,0.6538341981463028,2.860182155913297
2024-06-30,0.07233423935066202,0.19602249053348272,0.21939061015291483,0.41594961437104544,1.200406477303849,0.14834860880116166,0.6598154842585575,2.912267524771673
2024-07-07,0.07137477287147016,0.2004121833716843,0.22486144494031166,0.42115258582858806,1.2423352934580583,0.15087467424262385,0.6737253020085855,2.984736256721322
2024-07-14,0.07039190988978296,0.19110300718032586,0.22707909469825963,0.42379644807272465,1.2081089902450468,0.14926717805260245,0.6840785708818476,2.95382519902059
2024-07-21,0.06985671906888996,0.18542668023437556,0.22658084760374503,0.4338050809103649,1.1375443417853228,0.14628184003380978,0.6844620331923048,2.8839575428288127
2024-07-28,0.06926967434817496,0.20048786773096364,0.22462697484248914,0.43889213396691207,1.1336309552804784,0.14191863608946595,0.6882964854896113,2.8971227277480955
2024-08-04,0.06563008484643837,0.20056355209024296,0.22850541346613137,0.41180258760166977,1.0429404409449758,0.13778508650637228,0.6875296035705133,2.774756769026344
2024-08-11,0.06539527554402484,0.2096456752037634,0.2288571111594321,0.425574842177394,1.0369772846146674,0.14122970915088537,0.6710411512390181,2.778721049089185
2024-08-18,0.06717558959129395,0.21184052162286418,0.23418142635934736,0.44246960230289645,1.0998394201331936,0.14145935146374558,0.6955821412828488,2.8925480527561898
2024-08-25,0.06507782244910686,0.21903053575440118,0.23709269259969612,0.451444325595114,1.0997151600647028,0.13686651725493149,0.6932814101219221,2.902508463839874
2024-09-01,0.07481237972322405,0.22326885987404405,0.23593989991898473,0.4648650180178608,1.1087842494113176,0.13296260998469803,0.7281754555299332,2.9688084724600623
2024-09-08,0.07361029556759523,0.22705307783801087,0.23677030180526493,0.43934709675311845,1.064619225937577,0.1320440407332572,0.6959655608914896,2.869409599526313
2024-09-15,0.07153610141528213,0.24324953072378894,0.24295431088346378,0.4225143447452652,1.158415578506725,0.1308958291689562,0.6810109578018231,2.950576653245305
2024-09-22,0.07449540839115051,0.25354260358577874,0.24646150891227026,0.4365140484518045,1.1901572490458847,0.1308958291689562,0.709386357441144,3.0414530049969892
2024-09-29,0.07449540839115051,0.26391136080704786,0.24983193644406348,0.43529398550428217,1.1676088331391694,0.1357183056906305,0.7208898424385123,3.0477496724148563
2024-10-06,0.07333659226286834,0.2636843077292098,0.2502520268393039,0.4367829223604872,1.158539743792555,0.13204404073325723,0.7063491907561477,3.020988824473829
2024-10-13,0.07326564910657615,0.2838163472975134,0.2504278682325212,0.4624914492230814,1.1728887960494307,0.143066847653767,0.7259808383825351,3.111937795945425
2024-10-20,0.07403302576884854,0.3121979820272648,0.25586941102791466,0.46889964297563935,1.1739447696749508,0.1563860777028788,0.7397230515035493,3.181053960681046
2024-10-27,0.07215847700123325,0.2940337358002239,0.25794051138464874,0.46253306757467744,1.1667392022250556,0.15041538961690354,0.7263735242853153,3.130193907888058
2024-11-03,0.07272795884280701,0.29698542581211806,0.2584485075696316,0.4638438843385095,1.2294770776750907,0.16419389224334577,0.7385452500061073,3.22422199648761
2024-11-10,0.07154152959465826,0.30273743711734763,0.25299721568376987,0.49305512781565564,1.2931467614648162,0.16396424993048556,0.7330483305962486,3.310490652202982
2024-11-17,0.07081094339594277,0.30273743711734763,0.24147912740832128,0.5103863644363066,1.258547772828993,0.1607492695988327,0.7460052573153354,3.2907161721010794
2024-11-24,0.07190620021826154,0.30084532813536424,0.2545407620471198,0.517127440477056,1.2244456349018114,0.16442353455620598,0.769563251547727,3.3028521518835463
2024-12-01,0.07190620021826154,0.2989532191533808,0.2506232674341397,0.5195617268979623,1.2913454169936727,0.16419389224334582,0.7573916112305676,3.3539753341713308
2024-12-08,0.06976329523649984,0.2989532191533808,0.24869870157175333,0.514651535704554,1.4102369007863025,0.16603103074622744,0.749931518517707,3.4582662017164254
2024-12-15,0.06950138319663912,0.2989532191533808,0.25053534673753103,0.4992136759832142,1.4129079709542212,0.1630456927274348,0.738152478699695,3.432309767452116
2024-12-22,0.0664305409673867,0.29516900118941397,0.24694021310524975,0.49434513540368985,1.3971302596490138,0.15386001226141666,0.7460052573153356,3.399880419891506
2024-12-29,0.07180710971003766,0.2989532191533808,0.24660804340661796,0.5017727851966202,1.3898626095562037,0.16028998497311236,0.7460052573153356,3.4152990093113083
2025-01-05,0.07398163455215445,0.310230188686002,0.24876707936682682,0.5061627792573673,1.392595762367037,0.16557174612050707,0.763583545402676,3.4608927357525707
2025-01-12,0.07761380681405818,0.32922696286511555,0.25340754208167576,0.4990680117526285,1.359984460913763,0.16534210380764686,0.759564706662546,3.4442075948974336
2025-01-19,0.0743157156200997,0.3481480526849498,0.25567401182629607,0.5419871465408216,1.403466196184795,0.16993493801646095,0.7495175671104051,3.5430436279838284
2025-01-26,0.0738362614213592,0.3481480526849498,0.26145748831765575,0.5538657983812183,1.4588122562561903,0.1729202880836436,0.8021646364380941,3.671204781583111
2025-02-02,0.07431571562009968,0.36593387711559394,0.2643394327522688,0.5590104718842386,1.47639121724988,0.1795799031081995,0.8660645738032325,3.785635191533513
2025-02-09,0.07716848145840721,0.3784217963966845,0.2698688962442709,0.5767867345063735,1.4234056245665068,0.17912061848247912,0.8620456496594702,3.7668178013141924
2025-02-16,0.07596984119162685,0.4465377197480877,0.27245780150392085,0.5784388862778685,1.4204861290442674,0.18141702956269118,0.9138889854005864,3.889196392729049
2025-02-23,0.0834526484706406,0.4161882916770736,0.2765511375101182,0.5526110534740326,1.3453249006596517,0.19083235234156953,0.9524700764360045,3.8174304605690907
2025-03-02,0.08554497789359332,0.4537277338796247,0.26812020158883415,0.5534684560414852,1.3186146728937713,0.19519554423752342,0.9183097336358191,3.7929813201706515
2025-03-09,0.08898408727303037,0.44275350178412076,0.2744800371533841,0.5066855896353614,1.2376765361075919,0.20093659001063852,0.9444323135521123,3.6959486555162395
2025-03-16,0.08999418655018107,0.4465377197480876,0.2811818362276327,0.4861069924101445,1.2296013377435824,0.19841052456917627,0.9613115729064702,3.6931441701552745
2025-03-23,0.08946854035752319,0.43526075021546645,0.28377071167355034,0.5053262503902888,1.2187930813514005,0.19772159763059566,0.9436285799655396,3.6739695115843647
2025-03-30,0.08995085651375546,0.46735091854990535,0.29019893994004003,0.5078776811791368,1.1971142963587995,0.19083235234156953,0.9343851739999717,3.6777102188831785
2025-04-06,0.09079488593751618,0.47211903318450354,0.28479648294771676,0.4397632802690782,1.0621966759066415,0.19106198260603977,1.0669305015766968,3.6076628424281925
2025-04-13,0.0874187205431818,0.4635667005859386,0.3049604641544692,0.49701296852785426,1.1483525981775065,0.18945449846440837,0.9991541787306363,3.6899201291839954
2025-04-20,0.08635865148822452,0.45297089028683135,0.3102456935513143,0.4880911876503413,1.0721974788102853,0.1912916249189,1.1163416272644702,3.717497153970367
2025-04-27,0.08708436758927483,0.459404060825575,0.30826251389118886,0.5124788964398053,1.1739447696749519,0.1972623130048753,1.1561328877740926,3.894569809199764
2025-05-04,0.08708436758927483,0.4790819942382026,0.30501907795220834,0.5313325581716664,1.1800942687166662,0.1986401668820365,1.0931664975171074,3.8744189310671624
2025-05-11,0.09189818963031604,0.46909165881333015,0.31439767316898315,0.532531973254831,1.1992262436098398,0.2030033708263803,1.0826720991409429,3.892821208444624
2025-05-18,0.08613332957489626,0.4673509185499054,0.2994407795666678,0.5630008007205121,1.2770585421623746,0.1885359292129675,1.121588826452552,4.003109126239876
2025-05-25,0.08370703833222712,0.47166492702882756,0.3160877540266809,0.5485870428090251,1.2484848872824357,0.20036183361542947,1.121588826452552,3.990482309547178
2025-06-01,0.08479886557548491,0.4787035724418059,0.30963999776552226,0.5555098845806983,1.2734557584374269,0.20184233977514937,1.121588826452552,4.025539245028639
2025-06-08,0.08492017441370339,0.4911914917228965,0.31354774328803403,0.5591501675915331,1.3266277886148672,0.1998683315621895,1.121588826452552,4.096894523645775
2025-06-15,0.08467754719740812,0.479611784753158,0.32218385731513727,0.5575088559488262,1.3174966166253377,0.19764757232260965,1.121588826452552,4.080715060615029
2025-06-22,0.08580631277202656,0.4896778045373098,0.3168790701098909,0.5786560760010807,1.3025264535913295,0.19740082129598965,1.121588826452552,4.092535364760178
2025-06-29,0.08758330217867606,0.49179696659713124,0.3078912732963532,0.6041379925523495,1.387067374102457,0.1966605682161297,1.121588826452552,4.196726303395649
2025-07-06,0.08544118423522458,0.48157957809442087,0.31355749237850233,0.6228443769392218,1.3877506623051656,0.19542681308302975,1.1290223586356682,4.215622465671233
2025-07-13,0.08551421185055665,0.4917969665971313,0.3123558797111186,0.6093320273560998,1.3806071774981854,0.1951800620564098,1.1246496926455998,4.199436017715102
