,BCOLOMBIA.CL,BOGOTA.CL,BVC.CL,CELSIA.CL,CEMARGOS.CL,CORFICOLCF.CL,ECOPETROL.CL,ENKA.CL,ETB.CL,EXITO.CL,GEB.CL,GRUBOLIVAR.CL,GRUPOARGOS.CL,GRUPOSURA.CL,HCOLSEL.CL,ICOLCAP.CL,ISA.CL,MINEROS.CL,NUTRESA.CL,PFAVAL.CL,PFBCOLOM.CL,PFCORFICOL.CL,PFGRUPOARG.CL,PFGRUPSURA.CL,PROMIGAS.CL,TERPEL.CL,AAPL,AMZN,BAC,C,CBU7.L,CENCOSUD.SN,CHILE.SN,CSPX.L,EIMI.L,F,FALABELLA.SN,GE,GOOGL,JETS,JNJ,JPM,META,NKE,NVDA,PBR,PFE,SGLD.L,VOO
BCOLOMBIA.CL,0.0008552322881390987,4.648197941996171e-05,0.0002631380679260513,5.6674767968519574e-05,9.440088634630532e-05,0.00017429387919285633,-0.00020548652910153142,1.1821600845467722e-05,0.00014406719574802912,3.970388311321623e-05,-5.479344684756024e-06,-7.3878381948531215e-06,0.00023529449532497373,-1.0158512513916027e-05,4.146100229393445e-05,0.00012781191631807738,9.024262507248345e-05,0.00010294376551770938,-0.00012647333676946138,8.555403641008139e-05,0.00047117070855276033,3.073955295868724e-05,0.00011864942541665861,5.278539280470799e-05,1.1221775109351296e-06,0.0003324962265675096,-0.00016614161035824574,-0.0002825453480384613,-0.0003322290444717635,-0.00029749289255860667,4.000615349224796e-05,-2.855968098964364e-05,0.00016771930961489474,-8.200165362135649e-05,-9.954903544689827e-05,-3.676103452229935e-06,-1.6064887892134542e-05,-0.00037755637974029165,-5.903396938186579e-05,-0.0003938235761721042,-8.883280885650915e-05,-0.0003373450374134961,-0.00026880937799723844,-2.579196513274234e-06,-0.0003160830559165878,-1.1398378784952209e-05,-0.0001105101390137039,-5.455306307725694e-05,-0.00020855475610498687
BOGOTA.CL,4.648197941996171e-05,0.00039825573534730857,7.230059841012916e-05,0.00011405984366917616,9.581893670657766e-05,0.00015156395732209195,0.00010303802451324613,0.0001279643127197574,1.568602032863164e-05,-0.00010750856271088531,0.00010016989536915857,6.318093717610124e-05,0.00012985763253414766,-1.895752917513998e-07,8.076150189156381e-05,8.135969965003865e-05,0.0001012188420405001,0.00017388533853420174,6.024954453749972e-05,0.00013643113569061349,8.344241927257055e-05,0.0001208342164879078,6.232794061721902e-05,3.7698633828354274e-05,1.115181096552174e-05,7.003528583013422e-05,8.852149607608326e-06,-6.988373594746692e-05,5.666023129756822e-06,-4.0147147092457484e-05,-4.0060177038646095e-06,5.5795726089966035e-05,5.611787550151954e-05,-2.8817753742299426e-05,3.9748118646631704e-05,-5.828553723062861e-05,0.00014081930691997507,-1.418521734965534e-05,-0.00013015047651395166,-1.5728956094286003e-05,8.729998488516141e-06,-4.299704202240378e-05,-0.00010225263016418217,-0.000102554345758461,-0.00022765510513101883,3.1582620625047546e-05,-5.906541598575709e-05,2.67392786237427e-05,-4.794788941771379e-05
BVC.CL,0.0002631380679260513,7.230059841012914e-05,0.0008028860879203129,0.00011889605758898939,1.476145430842327e-05,9.364917353845806e-05,-1.454609519640091e-05,0.00016264076284016688,-3.107775399046963e-05,-9.930462510624874e-05,0.0002184940178565231,-5.682312465267923e-05,6.31457538715549e-05,-0.00012447731455788563,-1.0525068078359947e-05,2.640187162287604e-05,0.00016430104799813094,-4.5479744299730175e-05,0.00011255239856860625,2.415886891164358e-05,0.00019657165122513037,5.7541781390714824e-05,2.1180915630038485e-05,7.338373195190113e-05,4.4671464152207906e-05,0.0002563754644301834,-0.00021186228679777143,-0.00027290039926671026,-0.00020813888580076034,-0.0002323294979270663,2.831719907116868e-05,3.2747638671292505e-05,0.00010839067503944755,-0.00012881381845313385,-5.227692981506364e-05,-1.221598880101919e-05,-2.846463658483732e-05,-0.00026792704565892705,-4.738129328513005e-05,-0.000328979979491528,-6.398357115858039e-05,-0.0002308222683069705,-0.00019434387592912188,-5.041837798264944e-05,-0.0004300881464852089,-0.00041180499980850323,-0.00013401539632247703,-3.8266053446086846e-05,-0.00015990430543532267
CELSIA.CL,5.667476796851957e-05,0.00011405984366917615,0.00011889605758898936,0.0005816925892769936,0.00012233544517220368,0.00010302937905025506,0.000193455833086913,0.0002049707937697781,-2.2814407155976633e-06,8.022696792685058e-05,0.00013408965084612414,-4.6476370415504005e-06,0.00018362687105566794,8.705068586612514e-05,6.093980814923631e-05,0.00013788652921202358,4.356498423101187e-05,0.0001629545359663068,-4.671821956639004e-05,5.1500648311626e-05,5.117737656094357e-05,-4.940912345329951e-05,0.00022799684562599035,7.64110419458305e-05,7.827175338093371e-05,0.00013964249571840677,-7.300094564361146e-05,-1.814587569284267e-05,7.97037466913738e-06,-1.893578465984306e-05,-9.25117429843928e-06,-5.166830521997036e-05,9.488018137067892e-05,1.3400737134333567e-05,8.999762966374179e-05,0.00010307198213870283,0.00023083634442560124,-0.00014487892988604772,-9.806711096471444e-05,-8.136199440112616e-05,-2.1627729316826046e-05,-1.5595931145902827e-05,-2.3384845522529543e-05,2.673202172763745e-05,-6.434883724897687e-05,0.00015002787421972155,2.3999525239312606e-05,2.0244963252085888e-05,-4.807288551415154e-05
CEMARGOS.CL,9.440088634630534e-05,9.581893670657766e-05,1.476145430842327e-05,0.00012233544517220365,0.0017759879276984763,-0.0002053902868031259,0.0002827299254828705,9.282401073386206e-05,0.00022819365146145538,-0.0005462080355954276,0.00012174267740503434,-0.00017847976877569843,0.0007285368071571387,0.00018757567764027331,3.901481469127363e-05,0.00015310374388274734,9.638729050678887e-05,2.7595012524730838e-05,-0.00036375343700954235,6.836655899891191e-05,0.0005474768879220213,0.00017627343805151312,0.00018065762581510316,0.00021256935020065056,0.00013934083180964347,-6.518771256897453e-05,2.0208286944775734e-05,-0.000180439875416092,3.2432906932885925e-05,0.00010052964972442835,-4.197408887781435e-05,0.00023495461609240358,0.00011388269336578738,1.5748959749217978e-05,0.00010307397606454517,0.0001780120381363154,0.0002843253083420766,-0.0002182312735885914,-6.162155830869521e-05,0.00014604545906199548,0.00031899973387666195,-4.5682693121300034e-05,-0.00026018965296611165,-9.607850638921861e-05,-0.0004175123920741042,0.0005002166400166238,0.0002893748701869429,0.0002644997034215501,-4.310818431385414e-05
CORFICOLCF.CL,0.00017429387919285627,0.00015156395732209195,9.364917353845806e-05,0.00010302937905025506,-0.0002053902868031259,0.0010316630619113115,-0.0003259582849035717,0.0001964361944805149,0.0001239768597550677,0.0003773833247233202,0.00018729974862921045,0.00016455368777519878,-5.683559627297711e-05,7.318379209917708e-05,0.00014108160481136027,9.680892036574486e-05,0.0002902900060792497,0.0002846722665625819,0.00010449411465721115,0.00025063988229018013,0.00010711775675708523,1.1062086095141699e-05,4.4460174045879276e-05,-4.763524630595369e-05,0.00014419672842671538,0.00021665194026354863,0.00012960774077099796,0.0002049566079522537,0.00023166623329374736,0.0002934236991287104,1.7474574492526192e-05,-6.357530475591182e-05,3.222181305939339e-05,8.706008825077158e-05,0.000122048527392416,3.438702611804508e-06,-3.068724614510255e-06,0.0003317076449722333,0.00015212626172836228,0.00034360676753763565,-7.398055464553551e-05,0.00013475683183487592,0.0002977913652114232,0.0006548623186495052,0.0003396950496717725,-0.0005002284587133496,-0.00013576434853020345,-0.00019076356177122775,0.00012527255853116997
ECOPETROL.CL,-0.00020548652910153142,0.00010303802451324611,-1.454609519640091e-05,0.000193455833086913,0.0002827299254828705,-0.0003259582849035717,0.0029326944443412903,0.0005346624418357723,-0.00013379956987570268,0.0006117949526489931,-0.00013420967993786392,-0.00034646979183650307,-0.00033971642906067105,-7.615073084291449e-05,0.00011048217698838618,7.937965527635575e-05,-0.00010408112468115153,-6.435401626055566e-05,-3.161682565313998e-05,0.00014205399543413844,-0.0002471228210575471,-0.0003112369527625196,-0.00025424967420087125,0.00020641696414709334,5.289848619274359e-05,-1.2852381535115387e-05,0.00031233167090062136,-4.177196709805835e-05,0.0003284342256116986,7.27513285666332e-05,-0.0001084985562547002,-0.0002371726842270392,3.889871738631985e-05,7.705284458301517e-05,7.889433664353368e-05,-2.8945082034292264e-05,0.000337482419829791,-2.7417353578754103e-05,-0.00011421279499348306,-0.0003335163159185827,0.00014313019214947327,0.0001424580862666868,0.00012837709019375643,-0.0008505727635255812,-3.1068686764553186e-05,0.0016527287091255153,0.00035409499517989433,0.000253016545064185,6.110110355143054e-05
ENKA.CL,1.1821600845467724e-05,0.0001279643127197574,0.00016264076284016688,0.00020497079376977814,9.282401073386209e-05,0.0001964361944805149,0.0005346624418357724,0.0018642298853465676,-0.0001961589756774315,0.00043507447918728493,0.00024725876489444193,0.00011704442875371961,6.172589692561784e-05,-0.0002599181737849296,1.9815150494844196e-05,0.00015287261703894966,0.00047095066567384524,-8.471550592559335e-05,0.00042735735039725,0.0001650375972233191,0.0001350845960656912,-0.00016185752977660326,0.00011278436418496654,2.30572374899213e-06,0.00013439275829441687,-5.6972094660590296e-05,9.088895705509364e-05,0.00031508845982388236,0.00031322259484365615,0.00043319442062208526,-1.7545875694485748e-05,-3.857466298652748e-05,0.0001371775227280461,0.00010698977969848011,0.00022745517649436252,-0.00012367191944574643,0.0001169912159498366,0.00023191686172033634,-5.074512572496305e-05,0.00012097463830076248,2.320101114140862e-05,0.00014572004005372795,0.0005516289311870744,0.00031690476508137923,0.00024966195464042924,0.00014292334855789735,-0.00012926585303256604,-4.506151543807271e-06,0.00012889580302442307
ETB.CL,0.00014406719574802912,1.5686020328631636e-05,-3.107775399046963e-05,-2.2814407155976633e-06,0.0002281936514614554,0.00012397685975506774,-0.00013379956987570268,-0.0001961589756774315,0.0012524001107653442,0.00011576525211235209,-0.00010391340238475782,-0.00015062531017060387,8.464386952115366e-05,0.00011662588964956612,4.973954509921001e-05,-2.7194142820772313e-05,-8.528075485993772e-05,-2.1740288680375572e-05,-0.00019369519826607543,-4.6887677782949896e-05,0.00021141089034381022,3.234821446889939e-05,-0.00012175144369964923,-3.881079991089893e-05,-4.52243109413116e-05,0.0003814505991660573,-0.00015885206868835127,-6.925995865899635e-05,-7.521166391703331e-05,-6.073870725942061e-05,-5.411476345182854e-06,-7.334081072319883e-05,9.246980164826245e-05,1.7374193022851344e-05,-3.293969978490737e-06,-7.242476289854396e-05,-0.00011996946148837523,-0.00015397621135804354,0.00011398192316247986,-6.371787369676176e-05,-9.247198496338134e-05,-8.37702883624671e-05,-0.00010966966767649352,-9.590548950179588e-05,0.00011706763270587953,0.00015571338320335067,5.0989361599428374e-05,-8.680760291603291e-07,-1.795576658925992e-05
EXITO.CL,3.970388311321622e-05,-0.00010750856271088531,-9.930462510624876e-05,8.02269679268506e-05,-0.0005462080355954276,0.00037738332472332024,0.0006117949526489931,0.0004350744791872848,0.00011576525211235209,0.003998830011853748,-0.00022422499610969635,-0.0004327804956226308,3.462766397687239e-05,0.0005646534684967874,0.0001179458223881421,2.172366940239001e-05,-0.00029370186483530645,-0.00041171017485637794,0.00031993475430220996,7.299641024516118e-05,-0.0002477244762357258,-0.0006846519197281076,-9.375828053182819e-05,0.00015247407720906048,-0.00026593962040701827,0.00036654813968197574,0.0005497612192385539,0.000699932537662397,0.0003223493843994292,0.000584418389079093,-4.09973710226453e-05,-0.0005637439145906816,7.28752419839575e-05,0.00032314555601241634,0.00022108314154386472,0.00030954561516494724,-0.0002267711984246473,0.0008434322063915414,0.0004372613175660968,0.0009291914854025655,-2.4585898231184022e-05,0.00014608540173601875,0.0010206963152086456,0.0006096323224032328,0.0014170419941347307,-0.0003483731891005781,0.00045135082301206913,-0.000326299871729624,0.00038870441656405443
GEB.CL,-5.4793446847560244e-06,0.00010016989536915857,0.00021849401785652316,0.00013408965084612412,0.00012174267740503436,0.0001872997486292104,-0.00013420967993786392,0.000247258764894442,-0.0001039134023847578,-0.00022422499610969638,0.0005670069666272322,8.507260347977978e-05,0.0001878741236434433,3.348100678244397e-05,2.696406535338197e-05,2.48519089848216e-05,0.0002887624342101229,0.00015591900572799465,0.00012969241800995593,3.900420854521768e-05,0.00014110164664217105,0.00016498578713327472,9.199711079715969e-05,6.034019486098593e-05,9.098244796162983e-05,-1.1696241270101712e-05,-3.9879441227976995e-05,3.26780969774006e-05,0.00011370257539043682,0.00011959683053473628,1.5787518023152768e-05,7.544742441256569e-05,-3.6477851655261336e-06,2.1397316981141187e-05,0.00010387337079492958,0.00011804198322192754,7.318417222905949e-05,0.00014848493346746145,3.385955619472846e-05,9.643326301675398e-05,5.6916789852950625e-05,4.021163009218706e-05,0.00011011745375008112,0.0004288747799424509,-0.00014195122544757467,-0.0002133781270866147,5.8811612428714204e-05,-3.22455862769653e-05,2.8539885848835965e-05
GRUBOLIVAR.CL,-7.3878381948531215e-06,6.318093717610124e-05,-5.6823124652679225e-05,-4.6476370415504005e-06,-0.00017847976877569843,0.00016455368777519878,-0.000346469791836503,0.00011704442875371961,-0.00015062531017060387,-0.00043278049562263073,8.507260347977977e-05,0.0009211131795523733,-6.836589508211101e-05,4.651885247421382e-05,7.83283542256889e-05,9.030084268269379e-05,0.00022440678687491927,0.0002158073559358621,2.098929019385717e-05,0.00013267795017364727,-0.0001510082948711569,0.0002802865985155197,-5.351626790865315e-05,-1.0221542982014071e-05,5.018600877199234e-05,-0.0001698504529536415,-0.0002840924758880658,-8.995507341678143e-05,-0.000138874996255446,-0.00015655652471413073,3.60204512673604e-05,0.00013889821135923479,-5.033964917736218e-05,-7.16408286110266e-05,-2.0455150065955308e-05,-0.0001647042670281244,0.00016032856142630394,4.1576859312740684e-06,-0.00028517192148035466,-9.315662147586934e-05,-4.065458783151651e-05,-0.0001598044795532686,-0.00010346011217891144,6.17408484895289e-05,-0.00027299464074078284,-0.00013764508243389582,-0.0002907812718337668,9.739957080946704e-06,-0.00010879016261680374
GRUPOARGOS.CL,0.0002352944953249737,0.00012985763253414766,6.31457538715549e-05,0.00018362687105566796,0.0007285368071571387,-5.6835596272977114e-05,-0.00033971642906067105,6.172589692561784e-05,8.464386952115364e-05,3.462766397687239e-05,0.00018787412364344331,-6.836589508211101e-05,0.0022309801078745388,0.0005728237124862031,0.0001482140264366907,0.0002524834128790773,0.0002449954149582614,0.00011435735184955094,-0.00015346173607764865,9.539451499331717e-05,0.0009771156931748825,0.00011775650741889412,0.0005444811214177366,0.00023949344056822266,-3.3576925644761915e-05,7.060822102664181e-05,0.0003627531883770612,-0.00023702887174571803,-0.00015107495890337333,1.413965734384488e-05,8.210766637784538e-06,-9.641827052813688e-05,4.225691962602801e-05,-2.586865765114304e-05,-4.294745748542909e-05,0.0005244979177232474,9.761609508574099e-05,-0.0004025794627171546,-0.00025382770810495215,0.000307488745926576,0.0001018204651615055,-0.0001542622318922534,-0.000566097758483857,0.0002270988890753929,-0.000543110510167006,6.712313520257133e-05,0.00027236070092806676,1.9609543605442922e-05,-0.000110109625412782
GRUPOSURA.CL,-1.0158512513916027e-05,-1.8957529175139978e-07,-0.00012447731455788563,8.705068586612514e-05,0.00018757567764027331,7.318379209917708e-05,-7.615073084291449e-05,-0.00025991817378492963,0.00011662588964956611,0.0005646534684967873,3.348100678244396e-05,4.651885247421382e-05,0.0005728237124862031,0.001413002678406302,0.00017999250233252236,7.193713223757676e-05,-3.943744695587397e-05,6.156813166825704e-05,-2.961745738122313e-05,7.510276071898532e-05,0.0002711143328094409,1.0889233331837411e-07,0.00016888736303875338,0.0003384870768158412,-0.00014129107851161695,-2.07856902267563e-05,9.645279861255038e-05,-9.033120419270639e-05,-0.0001220231609646675,-3.285103232068956e-07,1.201918137222412e-06,-0.00012135764392362389,-6.168187939434773e-05,2.618816866945696e-05,7.238158995997543e-05,0.00038007335984592983,6.968068445786843e-05,3.3328983719604367e-06,-0.0001536345382136438,0.00030187256698849447,6.945621075059781e-05,2.9074119185693907e-05,-0.00012829696949419493,0.00019946965474598242,0.00015139465696939553,0.0002594026987706889,0.0003294657279470582,1.0743447031180736e-05,1.819061310328545e-05
HCOLSEL.CL,4.146100229393445e-05,8.076150189156379e-05,-1.0525068078359947e-05,6.0939808149236306e-05,3.901481469127363e-05,0.0001410816048113603,0.00011048217698838618,1.9815150494844193e-05,4.9739545099210005e-05,0.00011794582238814208,2.6964065353381972e-05,7.83283542256889e-05,0.0001482140264366907,0.00017999250233252236,0.0003821976705074313,0.00011649479880709819,0.00013470622485838677,0.00019461257132801461,-1.9475034664154457e-05,0.0001501119948815884,0.00012386530576974554,9.050056307668882e-05,5.3405041720249876e-05,0.00013492385146450915,-4.823531828392844e-05,1.9156523312602806e-05,0.00012948199500854878,5.2476286361842236e-05,4.027070742534573e-05,8.599538706646637e-05,4.29745265067422e-06,2.8497215704343833e-05,2.3972691806665665e-05,2.4568845423559612e-05,2.1136413406464093e-05,8.583064890965168e-05,0.00014377888211128688,6.0649875380155083e-05,-2.6179993236399995e-05,2.5188975495863144e-05,1.0194604146378686e-05,5.229767349103788e-05,4.5904070534232954e-05,9.031929406659384e-05,-2.4547878003194543e-05,0.0001389440357786441,4.521970018034538e-05,6.093510815045672e-06,6.8289910682843485e-06
ICOLCAP.CL,0.00012781191631807738,8.135969965003867e-05,2.6401871622876045e-05,0.0001378865292120236,0.00015310374388274734,9.680892036574486e-05,7.937965527635575e-05,0.00015287261703894966,-2.719414282077231e-05,2.1723669402390007e-05,2.4851908984821596e-05,9.03008426826938e-05,0.00025248341287907735,7.193713223757676e-05,0.00011649479880709819,0.00035416334693857683,0.00011071689105590383,0.00021896116439140933,-3.060650038118814e-05,0.0001249382337489579,0.00021105690598080187,2.4256972976725992e-05,0.00013993174415120792,0.00011635354145478891,1.99710401659711e-05,-2.1959272241539297e-05,2.9744242444069613e-05,3.4279515279391585e-05,2.3710718256261137e-05,5.252858415877967e-05,6.373208510507966e-06,5.287787000228621e-05,7.354009140802375e-05,6.815619852271743e-07,1.694299633552088e-05,0.00010683044726954442,0.0002179910262067265,-5.0645093126694006e-05,-6.058066990483154e-05,-5.2345046189372715e-05,4.24217261035063e-06,-6.139613467736826e-06,-8.453462403397951e-05,0.00021659598098503754,-0.0001249132006483123,3.6451680073973326e-05,-4.209544489091726e-05,3.683016736530458e-05,-1.0518118784555412e-05
ISA.CL,9.024262507248345e-05,0.00010121884204050012,0.00016430104799813097,4.356498423101186e-05,9.638729050678886e-05,0.0002902900060792497,-0.00010408112468115155,0.00047095066567384524,-8.528075485993772e-05,-0.00029370186483530645,0.0002887624342101229,0.00022440678687491927,0.0002449954149582614,-3.943744695587397e-05,0.00013470622485838677,0.00011071689105590383,0.0010311985863582388,0.00024890336515960863,8.237190612357945e-05,0.00020417420538902922,0.0003102841380351258,0.00011729172557242858,6.77434493333733e-05,8.678999021234348e-05,6.820517211473823e-05,-6.972234343880327e-05,2.6860504120991378e-05,-3.0460097321445546e-05,0.0001232331890002684,0.00012782406793566479,1.6369043865603324e-05,0.00010101373718624281,-2.0606143883593752e-05,-1.5150662177662618e-05,3.08797347370273e-05,-7.310505050427584e-05,5.255534532631479e-05,-7.473737856461738e-05,-0.0001023896428807133,7.999344104155459e-05,4.528254889380101e-05,4.9164895156178266e-05,4.7741703962135196e-05,0.00030758868994871017,-0.00015745588670717847,-9.764824159467982e-05,-6.642555823574868e-05,-7.882571225393741e-05,-4.133137240317295e-06
MINEROS.CL,0.00010294376551770937,0.00017388533853420174,-4.547974429973018e-05,0.0001629545359663068,2.759501252473084e-05,0.00028467226656258193,-6.435401626055566e-05,-8.471550592559333e-05,-2.1740288680375576e-05,-0.0004117101748563779,0.0001559190057279946,0.0002158073559358621,0.00011435735184955091,6.156813166825703e-05,0.0001946125713280146,0.00021896116439140936,0.00024890336515960863,0.0016234744711784211,-0.00027364990954776577,0.00016904478155583863,0.00013607186670417182,0.00013596083501388943,0.0001672921098463253,0.00011886103205520991,0.00013491705200710953,6.240313563740479e-06,-4.053063500400488e-06,5.7498750168903054e-05,-3.1688836091070556e-05,-7.695354291730944e-05,-1.2866571903024342e-06,6.620646776682099e-05,-8.64544490885855e-07,1.7566966638618773e-05,-6.846295678585532e-06,0.00020014172087624564,0.0003239108008066384,-0.00010799907057920834,2.5594674056811594e-05,-0.00012386646390663005,1.8649329161209649e-06,-5.300427213205114e-05,-0.00028741044714160585,0.00024268128757147248,-7.29730099089198e-05,0.00022288027139483253,-0.0001755906707881745,0.00011775611295125129,-5.4501013949255954e-05
NUTRESA.CL,-0.00012647333676946138,6.024954453749971e-05,0.00011255239856860626,-4.6718219566390056e-05,-0.0003637534370095423,0.00010449411465721115,-3.161682565313997e-05,0.00042735735039725007,-0.00019369519826607545,0.00031993475430220985,0.00012969241800995588,2.098929019385717e-05,-0.00015346173607764865,-2.9617457381223137e-05,-1.9475034664154457e-05,-3.0606500381188136e-05,8.237190612357945e-05,-0.0002736499095477657,0.002138774369156988,0.000133813715006912,-0.0002519663551587898,5.3635526708271416e-05,2.0238101370448008e-05,9.484247778315113e-05,-0.0001229106798990286,-0.00019164674896772347,2.778436139703843e-07,6.982277537411936e-05,-7.117266087600102e-05,7.802924282083125e-05,1.4264308000800136e-05,5.176724786319163e-05,-7.830411915505164e-05,-5.270486748246777e-05,6.665357346404837e-07,-0.00030670812391903247,-0.00014661264234050618,0.0002270342512083282,-0.00018167978121082419,0.0001692374244421893,-7.421675778346606e-05,5.283046749603551e-05,0.00027295567531583897,7.320112526514595e-05,2.2066884966014947e-05,-0.0005950360082715217,-0.00026333350604320293,-8.682309863108029e-05,1.0400617887520255e-05
PFAVAL.CL,8.55540364100814e-05,0.00013643113569061349,2.4158868911643576e-05,5.1500648311626e-05,6.83665589989119e-05,0.00025063988229018013,0.00014205399543413841,0.00016503759722331907,-4.6887677782949896e-05,7.299641024516118e-05,3.900420854521768e-05,0.0001326779501736473,9.539451499331717e-05,7.510276071898532e-05,0.0001501119948815884,0.0001249382337489579,0.00020417420538902922,0.00016904478155583863,0.000133813715006912,0.0005636365435344157,9.577753133495887e-05,8.679903497361127e-05,0.00010225837543870253,3.648781906001196e-05,1.8460912673858536e-05,2.3968743777593343e-05,0.00012567874618374565,-5.300608865046312e-05,1.1070218811351192e-05,-1.305828135539129e-06,-9.92538671968591e-06,3.359495148264023e-05,3.0451367804546646e-05,4.441084970764711e-05,7.07256023535867e-05,-3.422575196504372e-05,0.00013781074473925132,-2.503277916252339e-05,-0.00012278587122176559,7.052111149441647e-05,1.3782604847029988e-05,3.0764454142214454e-05,6.046377254626233e-05,-6.389804182787802e-07,-8.480807987800261e-05,1.3500301748759934e-06,-8.952489279691537e-05,4.252727010093968e-06,-1.335020288769643e-05
PFBCOLOM.CL,0.00047117070855276017,8.344241927257057e-05,0.0001965716512251304,5.117737656094357e-05,0.0005474768879220213,0.00010711775675708523,-0.0002471228210575471,0.00013508459606569124,0.0002114108903438102,-0.0002477244762357258,0.00014110164664217105,-0.00015100829487115687,0.0009771156931748825,0.0002711143328094409,0.00012386530576974554,0.00021105690598080187,0.00031028413803512573,0.0001360718667041718,-0.0002519663551587898,9.577753133495889e-05,0.0019013340200180933,0.00017423966384249378,0.00031480258616480673,0.00022570803371305893,-5.494213407405773e-05,0.0003489768657853658,0.0001582275027789874,-0.0002882156587782678,-5.1997484148637234e-05,-7.492803141061932e-06,2.6221117587850872e-05,-3.263070587073108e-05,0.0001882611868667928,-0.00011346897404293536,-7.388041962739391e-05,0.0006206480052292773,-8.482907855258194e-05,-0.0005498070511359326,-6.630157913140062e-05,-8.771014785800759e-05,6.697424268454684e-05,-0.00011923127248803781,-0.0004488048263538893,0.00021485027891167185,-0.0006088692920414018,0.00027900866424197736,0.00028604652561219334,3.7646119518100405e-05,-0.00010777390860164448
PFCORFICOL.CL,3.0739552958687246e-05,0.00012083421648790783,5.754178139071482e-05,-4.940912345329952e-05,0.00017627343805151307,1.1062086095141697e-05,-0.0003112369527625196,-0.0001618575297766033,3.234821446889939e-05,-0.0006846519197281076,0.0001649857871332747,0.0002802865985155197,0.0001177565074188941,1.0889233331837413e-07,9.050056307668881e-05,2.425697297672599e-05,0.00011729172557242857,0.00013596083501388946,5.3635526708271416e-05,8.679903497361127e-05,0.00017423966384249378,0.0010785844310744854,-2.762637701229548e-05,-2.324624046536348e-05,-6.21615844811427e-05,-3.02278057311125e-05,-0.000240268768252572,-0.00018743934011105381,-0.0002579463753823023,-0.00015198878570611045,1.376885101585711e-05,0.00023947722887080318,1.1834752629723772e-05,-9.629462741489223e-05,-2.2115533919000745e-05,-0.00014952823834527674,0.00015243438507607117,-2.2849036449287982e-05,-0.00015905931142623842,-0.00018752586812517352,0.00011681127119712521,-0.00021048216924592224,-0.0001787854435745108,-0.0002447503941243425,-0.0005490317346242181,-0.00028266427336995814,-5.165629561744745e-05,0.00014885678925263018,-0.00013834350172744296
PFGRUPOARG.CL,0.00011864942541665863,6.2327940617219e-05,2.1180915630038478e-05,0.00022799684562599035,0.0001806576258151032,4.4460174045879276e-05,-0.00025424967420087125,0.00011278436418496655,-0.00012175144369964923,-9.375828053182817e-05,9.19971107971597e-05,-5.3516267908653155e-05,0.0005444811214177366,0.0001688873630387534,5.3405041720249876e-05,0.00013993174415120792,6.77434493333733e-05,0.00016729210984632527,2.0238101370448004e-05,0.00010225837543870253,0.00031480258616480673,-2.7626377012295477e-05,0.0014285598061400842,9.146241026129447e-05,-2.8317520062932362e-05,6.32183449520604e-05,4.126178300856009e-05,-7.396952921713768e-05,-0.00016800646016997255,-6.749074133281048e-05,2.1823372483527103e-06,-0.0001262364203884015,-1.3818618454541882e-05,-2.323060814377554e-05,2.4170621374388464e-05,-2.821616461113989e-05,2.348183542013023e-05,-0.0003070590663906012,-6.566051313720053e-05,0.0001045267223343686,4.81513183943689e-06,-6.0507386859779476e-05,-0.00017047704149347273,0.0001477933155002602,-0.00019625919280581437,-4.243845004620727e-05,7.993464581666734e-06,1.3990688050008388e-05,-0.0001159664010840352
PFGRUPSURA.CL,5.278539280470798e-05,3.7698633828354274e-05,7.338373195190113e-05,7.64110419458305e-05,0.00021256935020065053,-4.76352463059537e-05,0.00020641696414709336,2.30572374899213e-06,-3.881079991089892e-05,0.00015247407720906045,6.0340194860985923e-05,-1.0221542982014071e-05,0.00023949344056822263,0.00033848707681584123,0.00013492385146450912,0.00011635354145478893,8.678999021234346e-05,0.00011886103205520989,9.484247778315116e-05,3.648781906001196e-05,0.00022570803371305893,-2.324624046536348e-05,9.146241026129446e-05,0.0013054162803778423,-7.323690653776837e-05,-5.258027467623207e-05,2.0068261527798178e-05,-0.00017783418114297232,-0.00013764964281246737,-0.00022282244042922173,-4.0782730343942055e-06,-2.913633783430543e-05,-1.8097343634882417e-05,-0.00015052804375938954,-3.0426884929267915e-05,0.00017753423066563817,0.00010026477554948517,-0.00012379141539657445,-0.0001873503229266202,3.4303219100484785e-05,9.083745111603843e-05,-9.588886345904355e-05,-0.00024681013824626977,6.652984841291105e-05,-0.0002340617330015184,0.00016495771025632833,9.025254204248138e-05,0.00010692360897579895,-3.980675651224201e-05
PROMIGAS.CL,1.1221775109351299e-06,1.1151810965521741e-05,4.467146415220789e-05,7.827175338093371e-05,0.00013934083180964347,0.00014419672842671538,5.2898486192743584e-05,0.00013439275829441684,-4.5224310941311605e-05,-0.00026593962040701827,9.098244796162983e-05,5.018600877199233e-05,-3.357692564476192e-05,-0.00014129107851161695,-4.823531828392843e-05,1.99710401659711e-05,6.820517211473823e-05,0.00013491705200710955,-0.0001229106798990286,1.846091267385854e-05,-5.494213407405773e-05,-6.21615844811427e-05,-2.831752006293236e-05,-7.323690653776837e-05,0.00067149840186456,-4.283219853455865e-05,6.109936621001924e-05,0.0001062722211664468,0.00018178417690719356,0.00013042089324515326,-1.4504174326556764e-05,-2.4400801217342996e-07,2.6631806282975908e-05,2.9065416672094296e-05,0.00011764969862183804,1.7458662513340044e-05,7.224005421015316e-05,0.0001216292089214403,0.00016015980154717184,-2.0987129517467824e-05,7.983185223623457e-07,8.964517409343617e-05,0.0001783613309902348,0.00020462860659851975,0.00015594906167449413,-4.977658971776677e-05,-6.8729265971071544e-06,1.5358672436891028e-05,4.3160185315909604e-05
TERPEL.CL,0.0003324962265675096,7.003528583013422e-05,0.0002563754644301834,0.00013964249571840674,-6.518771256897451e-05,0.00021665194026354866,-1.2852381535115387e-05,-5.6972094660590296e-05,0.0003814505991660573,0.00036654813968197574,-1.169624127010171e-05,-0.00016985045295364148,7.06082210266418e-05,-2.0785690226756293e-05,1.9156523312602803e-05,-2.1959272241539294e-05,-6.972234343880326e-05,6.24031356374048e-06,-0.00019164674896772347,2.3968743777593343e-05,0.00034897686578536574,-3.0227805731112493e-05,6.321834495206041e-05,-5.258027467623206e-05,-4.283219853455866e-05,0.001055821870186419,-9.468483475623617e-05,-0.00012073493318893207,-0.00014204922642133445,-0.00011266188667538955,1.1899317471845456e-05,-0.0002817132895707991,0.0001892516371896433,-1.901180772284833e-05,2.850123186054538e-05,3.775558809582285e-05,-0.00015169328967076868,-0.00037006012226778787,0.00017527863463803877,-0.00023667750957952194,-0.00016193630891814627,-0.00014560776031615516,-2.035384423908946e-05,1.811970718134541e-05,6.405129262663503e-05,2.111961955543384e-05,0.0001233971214286739,-7.954059221140958e-05,-5.060312667584979e-05
AAPL,-0.0001661416103582457,8.852149607608326e-06,-0.00021186228679777143,-7.300094564361144e-05,2.0208286944775734e-05,0.00012960774077099796,0.0003123316709006214,9.088895705509364e-05,-0.00015885206868835125,0.0005497612192385539,-3.987944122797699e-05,-0.00028409247588806583,0.00036275318837706124,9.645279861255036e-05,0.00012948199500854878,2.9744242444069617e-05,2.6860504120991374e-05,-4.053063500400488e-06,2.778436139703844e-07,0.00012567874618374565,0.00015822750277898738,-0.00024026876825257196,4.126178300856009e-05,2.0068261527798178e-05,6.109936621001922e-05,-9.468483475623616e-05,0.0016157856009022561,0.0004148625767134617,0.0006569247684459173,0.000679772025111442,-5.044872845574721e-05,-0.0001545662093527785,-4.606911657066619e-05,0.00022141233907209173,0.00010568482050565318,0.00040524113342863303,-8.689694420969115e-05,0.00041541751611212874,0.00033580571123998363,0.0006958319487285095,0.00012137732412491167,0.00046905082506097976,0.0005386147038536848,0.0005478483874750565,0.0005288000349772825,0.00014471812204202238,0.0003518195272705035,-9.015687558792986e-05,0.00034989461699869916
AMZN,-0.0002825453480384613,-6.988373594746692e-05,-0.0002729003992667102,-1.8145875692842675e-05,-0.000180439875416092,0.00020495660795225368,-4.177196709805836e-05,0.0003150884598238823,-6.925995865899635e-05,0.000699932537662397,3.26780969774006e-05,-8.995507341678143e-05,-0.000237028871745718,-9.033120419270639e-05,5.2476286361842236e-05,3.4279515279391585e-05,-3.0460097321445543e-05,5.749875016890307e-05,6.982277537411936e-05,-5.300608865046312e-05,-0.00028821565877826775,-0.00018743934011105381,-7.396952921713768e-05,-0.00017783418114297232,0.00010627222116644681,-0.00012073493318893205,0.0004148625767134616,0.0016769441705948578,0.0006119842538061286,0.0009841973667586476,-3.704822645645785e-05,2.8111063310053376e-05,-6.063820661101934e-05,0.000392743929637465,0.00033957804878622543,9.050994070312363e-05,-3.92997152826854e-05,0.0009887104979237206,0.0007444671985829136,0.0007456987311386228,9.05644368781049e-05,0.0006177585208549449,0.0011238369036053039,0.0011903872711700352,0.0012161602170827205,-0.0002604077983264276,0.00019341238322922755,-0.00010713715802032115,0.0005156556553794906
BAC,-0.0003322290444717635,5.666023129756822e-06,-0.00020813888580076034,7.97037466913738e-06,3.243290693288592e-05,0.00023166623329374736,0.0003284342256116986,0.0003132225948436561,-7.521166391703331e-05,0.0003223493843994292,0.00011370257539043684,-0.000138874996255446,-0.0001510749589033733,-0.00012202316096466753,4.027070742534573e-05,2.3710718256261137e-05,0.0001232331890002684,-3.168883609107055e-05,-7.117266087600102e-05,1.107021881135119e-05,-5.1997484148637234e-05,-0.00025794637538230223,-0.00016800646016997252,-0.0001376496428124674,0.00018178417690719353,-0.00014204922642133445,0.0006569247684459173,0.0006119842538061287,0.0016106724660425809,0.0011707312972595784,-3.019617717265547e-05,-1.2175820036010116e-05,-5.273882688675074e-05,0.0002897216158725535,0.0002868979292324207,0.00040197377805125187,8.637121130813455e-05,0.0008788062250704329,0.00035517215420431924,0.0007811169215435377,6.960447894368025e-05,0.0007859758925863923,0.0008157230762967691,0.0008030558517016633,0.0009540425014882573,0.0002069979738111519,0.0002652757747660157,-9.042868959644257e-05,0.0004868340871136065
C,-0.0002974928925586066,-4.0147147092457484e-05,-0.0002323294979270663,-1.8935784659843062e-05,0.00010052964972442834,0.0002934236991287104,7.27513285666332e-05,0.00043319442062208526,-6.07387072594206e-05,0.000584418389079093,0.0001195968305347363,-0.00015655652471413073,1.4139657343844878e-05,-3.285103232068955e-07,8.599538706646637e-05,5.252858415877967e-05,0.00012782406793566479,-7.695354291730944e-05,7.802924282083124e-05,-1.305828135539129e-06,-7.492803141061932e-06,-0.00015198878570611045,-6.749074133281049e-05,-0.00022282244042922167,0.00013042089324515326,-0.00011266188667538958,0.0006797720251114422,0.0009841973667586478,0.0011707312972595784,0.0023080168356930776,-2.1758411648603768e-05,6.2637102911615385e-06,-3.980948926413013e-05,0.00042898452074040586,0.00036517999345423753,0.0004427306071345914,1.1514306620023829e-05,0.0011623900395694707,0.0005848680890525265,0.0010599057186484004,0.00016230740009052033,0.000953113756661188,0.0011791615384308437,0.001261709755075439,0.0011653408889089152,-9.930134424603996e-05,0.000347799509179594,-0.00016262246900192032,0.0006509233785161144
CBU7.L,4.000615349224796e-05,-4.0060177038646095e-06,2.831719907116868e-05,-9.251174298439282e-06,-4.197408887781436e-05,1.7474574492526192e-05,-0.0001084985562547002,-1.754587569448575e-05,-5.411476345182854e-06,-4.09973710226453e-05,1.578751802315277e-05,3.60204512673604e-05,8.21076663778454e-06,1.2019181372224117e-06,4.2974526506742195e-06,6.373208510507964e-06,1.636904386560332e-05,-1.2866571903024342e-06,1.4264308000800136e-05,-9.92538671968591e-06,2.6221117587850872e-05,1.3768851015857108e-05,2.1823372483527103e-06,-4.0782730343942055e-06,-1.4504174326556764e-05,1.1899317471845458e-05,-5.044872845574721e-05,-3.704822645645785e-05,-3.0196177172655463e-05,-2.1758411648603768e-05,2.5952644123009455e-05,1.362668303915018e-05,1.0349923487895474e-06,-1.6251926530889572e-05,-8.55923015978297e-06,2.5577950580866536e-05,-9.561889543678933e-06,-3.3084625447519795e-05,-1.5743806144686556e-05,-5.575963019314476e-05,-1.2339577091544854e-05,-1.7414059851001203e-05,-4.71197308526389e-05,6.1018070888496276e-05,-5.3182678853234314e-05,-1.1404975865665184e-05,-1.630821058528439e-05,-2.8559748432109926e-05,-1.82195391579488e-05
CENCOSUD.SN,-2.8559680989643645e-05,5.579572608996603e-05,3.2747638671292505e-05,-5.166830521997035e-05,0.00023495461609240358,-6.357530475591182e-05,-0.00023717268422703916,-3.857466298652748e-05,-7.334081072319882e-05,-0.0005637439145906816,7.544742441256568e-05,0.00013889821135923476,-9.641827052813686e-05,-0.00012135764392362388,2.8497215704343833e-05,5.2877870002286205e-05,0.00010101373718624278,6.6206467766821e-05,5.176724786319163e-05,3.359495148264023e-05,-3.263070587073107e-05,0.00023947722887080323,-0.0001262364203884015,-2.913633783430543e-05,-2.4400801217342996e-07,-0.0002817132895707991,-0.0001545662093527785,2.8111063310053373e-05,-1.2175820036010116e-05,6.2637102911615385e-06,1.3626683039150178e-05,0.0010770465427928982,-4.3234918344586004e-05,-4.923825762697261e-05,3.888286063944295e-06,-4.772264036544922e-05,0.00020395520763528654,9.665002974033013e-05,-0.00011072415213335201,5.6720028345616584e-05,9.523833205260714e-05,2.800813447605637e-05,-3.452552363582038e-05,-0.0001041601178100338,-0.00030639541854379944,-1.9402509172101293e-05,-0.0001304832394459782,9.891057194827227e-05,-8.525900195772756e-06
CHILE.SN,0.00016771930961489474,5.6117875501519546e-05,0.00010839067503944754,9.48801813706789e-05,0.00011388269336578738,3.222181305939339e-05,3.889871738631985e-05,0.0001371775227280461,9.246980164826243e-05,7.28752419839575e-05,-3.647785165526133e-06,-5.033964917736218e-05,4.2256919626028e-05,-6.168187939434773e-05,2.3972691806665665e-05,7.354009140802373e-05,-2.0606143883593752e-05,-8.645444908858549e-07,-7.830411915505166e-05,3.045136780454665e-05,0.00018826118686679282,1.1834752629723776e-05,-1.3818618454541882e-05,-1.8097343634882417e-05,2.663180628297591e-05,0.00018925163718964331,-4.6069116570666194e-05,-6.063820661101933e-05,-5.273882688675074e-05,-3.9809489264130124e-05,1.0349923487895474e-06,-4.3234918344586e-05,0.00047887507976653563,-1.7393223156439383e-05,7.179679282143573e-06,6.937063050860134e-05,6.195467006725493e-05,-6.836037067084627e-05,-1.8951303375356692e-05,-0.0001290073820931504,-3.154268838639359e-05,-9.429003952908359e-05,-8.022620798100301e-05,-0.00012246982583811932,-4.157222560430996e-05,7.06086286803935e-06,-5.225382282865731e-05,6.8747899338492e-06,-4.90632870548686e-05
CSPX.L,-8.200165362135649e-05,-2.8817753742299426e-05,-0.00012881381845313385,1.3400737134333567e-05,1.5748959749217978e-05,8.706008825077158e-05,7.70528445830152e-05,0.00010698977969848011,1.7374193022851348e-05,0.00032314555601241634,2.1397316981141183e-05,-7.16408286110266e-05,-2.5868657651143044e-05,2.6188168669456962e-05,2.4568845423559612e-05,6.815619852271744e-07,-1.5150662177662618e-05,1.7566966638618773e-05,-5.270486748246777e-05,4.441084970764711e-05,-0.00011346897404293537,-9.629462741489224e-05,-2.3230608143775538e-05,-0.00015052804375938954,2.90654166720943e-05,-1.901180772284833e-05,0.00022141233907209173,0.000392743929637465,0.0002897216158725535,0.00042898452074040586,-1.6251926530889572e-05,-4.92382576269726e-05,-1.7393223156439383e-05,0.0004624607970560506,0.00020454317517476156,0.00016479633587860768,4.7309118694142206e-05,0.0003250641856609987,0.0003373942323626756,0.0003469809539589008,9.897338126801106e-05,0.00027049152683383153,0.00045853225443720936,0.00048538718556999144,0.0005918869436138816,0.00010331857918342724,0.00018157267154691952,-7.619637976504423e-05,0.00023525621370895945
EIMI.L,-9.954903544689826e-05,3.974811864663171e-05,-5.2276929815063654e-05,8.999762966374179e-05,0.00010307397606454517,0.000122048527392416,7.889433664353368e-05,0.00022745517649436252,-3.2939699784907365e-06,0.0002210831415438647,0.00010387337079492958,-2.045515006595531e-05,-4.294745748542909e-05,7.23815899599754e-05,2.1136413406464093e-05,1.6942996335520886e-05,3.08797347370273e-05,-6.846295678585531e-06,6.665357346404836e-07,7.07256023535867e-05,-7.388041962739391e-05,-2.2115533919000745e-05,2.4170621374388467e-05,-3.0426884929267908e-05,0.00011764969862183804,2.850123186054538e-05,0.00010568482050565318,0.0003395780487862254,0.00028689792923242076,0.0003651799934542375,-8.559230159782968e-06,3.888286063944295e-06,7.179679282143573e-06,0.00020454317517476161,0.0005638547745349314,0.0001264808749058329,9.620764601531215e-05,0.00032810926528595275,0.00033401983105308357,0.00031728818632788616,0.0001252137288972106,0.00023138354477542775,0.00038916440181677116,0.0006231505705146767,0.0005127579213068111,9.862657665291926e-05,0.00020428479353558742,-1.5761885206990554e-05,0.00021399697199365008
F,-3.6761034522299352e-06,-5.828553723062862e-05,-1.221598880101919e-05,0.00010307198213870285,0.00017801203813631538,3.438702611804508e-06,-2.894508203429226e-05,-0.00012367191944574643,-7.242476289854398e-05,0.0003095456151649472,0.00011804198322192754,-0.00016470426702812438,0.0005244979177232473,0.00038007335984592983,8.583064890965168e-05,0.00010683044726954442,-7.310505050427584e-05,0.00020014172087624564,-0.0003067081239190325,-3.422575196504372e-05,0.0006206480052292772,-0.00014952823834527674,-2.8216164611139886e-05,0.00017753423066563817,1.745866251334004e-05,3.775558809582285e-05,0.0004052411334286331,9.050994070312364e-05,0.00040197377805125187,0.0004427306071345914,2.557795058086654e-05,-4.7722640365449206e-05,6.937063050860137e-05,0.00016479633587860765,0.0001264808749058329,0.0023978403276016156,0.00016068699246266937,7.471334630128232e-05,8.825454161892149e-05,0.00033746688586597023,0.0001321553186629974,0.00024359485511243458,-0.00011467326392690964,0.0005378038254859411,0.00018395067534438567,0.0005181183896940629,0.0004168839516878156,-1.7280039854121685e-05,0.00014157844664235733
FALABELLA.SN,-1.6064887892134542e-05,0.00014081930691997507,-2.8464636584837317e-05,0.0002308363444256013,0.0002843253083420766,-3.0687246145102553e-06,0.000337482419829791,0.00011699121594983663,-0.00011996946148837521,-0.00022677119842464733,7.318417222905947e-05,0.00016032856142630394,9.761609508574097e-05,6.968068445786842e-05,0.00014377888211128685,0.00021799102620672652,5.255534532631479e-05,0.0003239108008066384,-0.00014661264234050618,0.00013781074473925132,-8.482907855258194e-05,0.00015243438507607114,2.348183542013023e-05,0.00010026477554948517,7.224005421015317e-05,-0.00015169328967076865,-8.689694420969118e-05,-3.929971528268541e-05,8.637121130813455e-05,1.1514306620023829e-05,-9.561889543678933e-06,0.00020395520763528654,6.195467006725493e-05,4.7309118694142206e-05,9.620764601531216e-05,0.00016068699246266937,0.0011733141345680424,-1.788359444570063e-05,-0.0001513465411484787,-0.00013508365281518402,1.4140568594720608e-05,7.326243532072976e-05,-8.666132614296641e-05,-7.976133691451084e-05,-7.440583087601319e-05,0.00041261898838969405,-4.1226080157161075e-05,0.0001859086445855813,-1.7088297462340366e-05
GE,-0.00037755637974029165,-1.4185217349655337e-05,-0.00026792704565892705,-0.0001448789298860477,-0.0002182312735885914,0.0003317076449722334,-2.741735357875411e-05,0.00023191686172033632,-0.0001539762113580435,0.0008434322063915413,0.00014848493346746145,4.1576859312740684e-06,-0.00040257946271715455,3.332898371960437e-06,6.0649875380155083e-05,-5.064509312669401e-05,-7.47373785646174e-05,-0.00010799907057920834,0.0002270342512083282,-2.503277916252339e-05,-0.0005498070511359326,-2.284903644928798e-05,-0.0003070590663906012,-0.00012379141539657442,0.00012162920892144028,-0.00037006012226778787,0.00041541751611212874,0.0009887104979237203,0.0008788062250704328,0.0011623900395694704,-3.3084625447519795e-05,9.665002974033012e-05,-6.836037067084627e-05,0.0003250641856609987,0.00032810926528595275,7.47133463012823e-05,-1.7883594445700632e-05,0.0030674013771937905,0.00040335652953895317,0.0011145431092392311,0.0001593018149374395,0.0006534793928546463,0.0013044618492326662,0.0007487085698781911,0.0011584623727631436,-0.0007127184644594168,0.0001958048462058395,-9.985015346890166e-05,0.000581319946100666
GOOGL,-5.9033969381865796e-05,-0.00013015047651395166,-4.738129328513005e-05,-9.806711096471442e-05,-6.162155830869524e-05,0.00015212626172836228,-0.00011421279499348306,-5.074512572496305e-05,0.00011398192316247983,0.0004372613175660969,3.385955619472845e-05,-0.00028517192148035466,-0.00025382770810495226,-0.0001536345382136438,-2.6179993236399995e-05,-6.058066990483153e-05,-0.00010238964288071332,2.5594674056811594e-05,-0.00018167978121082424,-0.0001227858712217656,-6.630157913140062e-05,-0.00015905931142623842,-6.566051313720054e-05,-0.0001873503229266202,0.00016015980154717187,0.0001752786346380388,0.0003358057112399836,0.0007444671985829136,0.0003551721542043192,0.0005848680890525265,-1.5743806144686553e-05,-0.00011072415213335198,-1.8951303375356695e-05,0.0003373942323626756,0.00033401983105308357,8.82545416189215e-05,-0.00015134654114847874,0.0004033565295389531,0.0015866993064542134,0.0003486225321088057,0.00013313755458194717,0.0003050189914327426,0.0008878860313536511,0.0010687636233471505,0.0009037931604660564,-0.0003115230674878838,0.00038278325431828847,-0.00013010618432576058,0.0003877228721171581
JETS,-0.0003938235761721043,-1.5728956094286006e-05,-0.000328979979491528,-8.136199440112616e-05,0.00014604545906199548,0.00034360676753763565,-0.00033351631591858265,0.00012097463830076246,-6.371787369676176e-05,0.0009291914854025656,9.643326301675398e-05,-9.315662147586933e-05,0.00030748874592657606,0.00030187256698849447,2.5188975495863144e-05,-5.23450461893727e-05,7.999344104155459e-05,-0.00012386646390663005,0.0001692374244421893,7.052111149441647e-05,-8.771014785800757e-05,-0.00018752586812517352,0.0001045267223343686,3.430321910048479e-05,-2.0987129517467817e-05,-0.00023667750957952191,0.0006958319487285095,0.0007456987311386229,0.0007811169215435377,0.0010599057186484006,-5.575963019314476e-05,5.672002834561659e-05,-0.00012900738209315043,0.0003469809539589008,0.00031728818632788627,0.00033746688586597034,-0.00013508365281518402,0.0011145431092392313,0.0003486225321088057,0.0023348358184186184,0.00022696694901855682,0.0006031587862027172,0.001000103820519078,0.0011761836762008689,0.0009909627136279668,-0.000539659487502117,0.0002566725941835111,-0.00015845582296268885,0.0005539732933216819
JNJ,-8.883280885650915e-05,8.72999848851614e-06,-6.39835711585804e-05,-2.1627729316826046e-05,0.0003189997338766619,-7.398055464553551e-05,0.00014313019214947327,2.3201011141408617e-05,-9.247198496338134e-05,-2.458589823118403e-05,5.6916789852950625e-05,-4.065458783151651e-05,0.0001018204651615055,6.945621075059781e-05,1.0194604146378686e-05,4.24217261035063e-06,4.528254889380101e-05,1.8649329161209647e-06,-7.421675778346606e-05,1.3782604847029991e-05,6.697424268454686e-05,0.00011681127119712521,4.815131839436891e-06,9.083745111603843e-05,7.983185223623458e-07,-0.00016193630891814627,0.00012137732412491167,9.056443687810491e-05,6.960447894368025e-05,0.0001623074000905203,-1.2339577091544851e-05,9.523833205260713e-05,-3.154268838639359e-05,9.897338126801105e-05,0.0001252137288972106,0.0001321553186629974,1.4140568594720606e-05,0.0001593018149374395,0.0001331375545819472,0.00022696694901855682,0.0005740974142456174,2.854687289586397e-05,6.01888620461563e-05,0.00028542911309822915,-2.826454916689338e-05,0.00015675078340375334,0.0002909319332793632,5.692542235549003e-05,0.00010716932149219474
JPM,-0.0003373450374134961,-4.2997042022403774e-05,-0.00023082226830697047,-1.5595931145902827e-05,-4.568269312130004e-05,0.00013475683183487595,0.0001424580862666868,0.00014572004005372797,-8.37702883624671e-05,0.00014608540173601875,4.021163009218707e-05,-0.0001598044795532686,-0.0001542622318922534,2.9074119185693907e-05,5.229767349103788e-05,-6.139613467736825e-06,4.9164895156178266e-05,-5.300427213205114e-05,5.283046749603551e-05,3.0764454142214454e-05,-0.00011923127248803781,-0.00021048216924592224,-6.050738685977947e-05,-9.588886345904354e-05,8.964517409343616e-05,-0.00014560776031615516,0.0004690508250609798,0.0006177585208549449,0.0007859758925863924,0.000953113756661188,-1.7414059851001206e-05,2.8008134476056365e-05,-9.42900395290836e-05,0.00027049152683383153,0.00023138354477542775,0.00024359485511243458,7.326243532072976e-05,0.0006534793928546463,0.0003050189914327426,0.0006031587862027172,2.8546872895863973e-05,0.0011842940859595255,0.0007170851109604095,0.0007708095331957367,0.000813818754560259,9.271845659624874e-05,0.00017301650073296896,-4.661957601165601e-05,0.00042315218870898154
META,-0.00026880937799723844,-0.00010225263016418216,-0.00019434387592912186,-2.3384845522529543e-05,-0.00026018965296611165,0.0002977913652114232,0.00012837709019375643,0.0005516289311870743,-0.0001096696676764935,0.0010206963152086456,0.0001101174537500811,-0.00010346011217891144,-0.0005660977584838569,-0.00012829696949419493,4.5904070534232954e-05,-8.453462403397953e-05,4.774170396213519e-05,-0.00028741044714160585,0.000272955675315839,6.046377254626233e-05,-0.00044880482635388925,-0.00017878544357451077,-0.00017047704149347273,-0.0002468101382462697,0.0001783613309902348,-2.035384423908946e-05,0.0005386147038536848,0.0011238369036053039,0.0008157230762967691,0.0011791615384308437,-4.71197308526389e-05,-3.452552363582038e-05,-8.022620798100299e-05,0.00045853225443720936,0.00038916440181677116,-0.00011467326392690964,-8.666132614296641e-05,0.001304461849232666,0.0008878860313536511,0.001000103820519078,6.0188862046156294e-05,0.0007170851109604094,0.002939125918696832,0.0011596302192988849,0.0014819807863115245,-0.00039986336092494377,0.00025373403256412786,-0.000192792050222213,0.0005610318644937609
NKE,-2.5791965132742343e-06,-0.00010255434575846103,-5.041837798264944e-05,2.673202172763745e-05,-9.607850638921863e-05,0.0006548623186495051,-0.0008505727635255812,0.00031690476508137934,-9.590548950179588e-05,0.0006096323224032328,0.0004288747799424509,6.174084848952891e-05,0.0002270988890753929,0.00019946965474598244,9.031929406659384e-05,0.0002165959809850376,0.00030758868994871017,0.00024268128757147248,7.320112526514595e-05,-6.389804182787802e-07,0.00021485027891167188,-0.00024475039412434244,0.0001477933155002602,6.652984841291105e-05,0.00020462860659851975,1.811970718134541e-05,0.0005478483874750564,0.0011903872711700352,0.0008030558517016634,0.0012617097550754392,6.101807088849628e-05,-0.00010416011781003382,-0.00012246982583811935,0.00048538718556999144,0.0006231505705146766,0.0005378038254859412,-7.976133691451084e-05,0.0007487085698781911,0.0010687636233471503,0.0011761836762008689,0.0002854291130982291,0.0007708095331957367,0.0011596302192988849,0.0045046403145899035,0.0013225580899869716,-0.0005141939496765008,0.0003487777184529233,-0.0003798451190610184,0.0006329693586015544
NVDA,-0.0003160830559165878,-0.00022765510513101886,-0.0004300881464852089,-6.434883724897688e-05,-0.0004175123920741042,0.0003396950496717725,-3.106868676455319e-05,0.0002496619546404293,0.00011706763270587952,0.0014170419941347309,-0.00014195122544757464,-0.0002729946407407829,-0.0005431105101670059,0.00015139465696939553,-2.4547878003194547e-05,-0.0001249132006483123,-0.00015745588670717847,-7.29730099089198e-05,2.2066884966014937e-05,-8.48080798780026e-05,-0.0006088692920414018,-0.000549031734624218,-0.00019625919280581437,-0.0002340617330015184,0.00015594906167449413,6.405129262663504e-05,0.0005288000349772825,0.0012161602170827203,0.0009540425014882572,0.0011653408889089152,-5.3182678853234314e-05,-0.00030639541854379944,-4.157222560430997e-05,0.0005918869436138816,0.0005127579213068111,0.00018395067534438564,-7.440583087601319e-05,0.0011584623727631438,0.0009037931604660564,0.0009909627136279668,-2.826454916689338e-05,0.000813818754560259,0.0014819807863115243,0.0013225580899869714,0.003697551797883544,-0.00040125635887107956,0.0001644552267956296,-0.00019166918597780046,0.0007185315823225997
PBR,-1.1398378784952207e-05,3.1582620625047546e-05,-0.0004118049998085033,0.00015002787421972155,0.0005002166400166237,-0.0005002284587133496,0.001652728709125515,0.00014292334855789735,0.00015571338320335067,-0.0003483731891005781,-0.0002133781270866147,-0.00013764508243389582,6.712313520257133e-05,0.0002594026987706889,0.00013894403577864413,3.645168007397332e-05,-9.764824159467982e-05,0.00022288027139483253,-0.0005950360082715216,1.3500301748759932e-06,0.0002790086642419774,-0.00028266427336995814,-4.243845004620726e-05,0.00016495771025632833,-4.977658971776677e-05,2.111961955543384e-05,0.00014471812204202238,-0.0002604077983264276,0.00020699797381115188,-9.930134424603993e-05,-1.1404975865665182e-05,-1.9402509172101293e-05,7.060862868039347e-06,0.00010331857918342724,9.862657665291926e-05,0.0005181183896940629,0.0004126189883896941,-0.0007127184644594168,-0.00031152306748788374,-0.000539659487502117,0.00015675078340375334,9.271845659624875e-05,-0.00039986336092494377,-0.0005141939496765008,-0.0004012563588710796,0.004752940032909492,0.0007755619599849209,0.00017292822461889017,-4.3247851330420535e-05
PFE,-0.0001105101390137039,-5.906541598575708e-05,-0.00013401539632247703,2.399952523931261e-05,0.00028937487018694286,-0.00013576434853020342,0.0003540949951798944,-0.00012926585303256604,5.098936159942838e-05,0.0004513508230120691,5.8811612428714204e-05,-0.0002907812718337668,0.0002723607009280667,0.0003294657279470582,4.521970018034539e-05,-4.209544489091727e-05,-6.64255582357487e-05,-0.00017559067078817448,-0.00026333350604320293,-8.952489279691538e-05,0.00028604652561219334,-5.165629561744745e-05,7.993464581666734e-06,9.025254204248136e-05,-6.8729265971071544e-06,0.0001233971214286739,0.0003518195272705035,0.00019341238322922758,0.0002652757747660157,0.000347799509179594,-1.6308210585284393e-05,-0.0001304832394459782,-5.225382282865731e-05,0.00018157267154691952,0.00020428479353558744,0.0004168839516878155,-4.1226080157161075e-05,0.0001958048462058395,0.0003827832543182884,0.00025667259418351115,0.0002909319332793633,0.00017301650073296896,0.00025373403256412786,0.00034877771845292333,0.0001644552267956296,0.0007755619599849209,0.0011756195906004335,-6.563674073138712e-06,0.00021045926606044654
SGLD.L,-5.455306307725696e-05,2.67392786237427e-05,-3.826605344608685e-05,2.0244963252085888e-05,0.00026449970342155014,-0.00019076356177122775,0.000253016545064185,-4.506151543807271e-06,-8.68076029160329e-07,-0.000326299871729624,-3.22455862769653e-05,9.739957080946706e-06,1.960954360544292e-05,1.0743447031180734e-05,6.093510815045672e-06,3.683016736530458e-05,-7.88257122539374e-05,0.0001177561129512513,-8.682309863108029e-05,4.252727010093967e-06,3.764611951810042e-05,0.00014885678925263016,1.3990688050008393e-05,0.00010692360897579895,1.5358672436891028e-05,-7.954059221140958e-05,-9.015687558792986e-05,-0.00010713715802032114,-9.042868959644257e-05,-0.00016262246900192035,-2.8559748432109923e-05,9.891057194827227e-05,6.8747899338492e-06,-7.619637976504424e-05,-1.5761885206990557e-05,-1.7280039854121685e-05,0.0001859086445855813,-9.985015346890166e-05,-0.00013010618432576058,-0.00015845582296268888,5.692542235549001e-05,-4.661957601165602e-05,-0.00019279205022221298,-0.0003798451190610184,-0.00019166918597780046,0.00017292822461889023,-6.563674073138711e-06,0.00039415832482637606,-6.320294091985419e-05
VOO,-0.00020855475610498684,-4.794788941771378e-05,-0.00015990430543532267,-4.807288551415155e-05,-4.3108184313854125e-05,0.00012527255853116997,6.110110355143054e-05,0.00012889580302442307,-1.795576658925992e-05,0.00038870441656405443,2.853988584883597e-05,-0.00010879016261680376,-0.00011010962541278199,1.819061310328545e-05,6.828991068284348e-06,-1.051811878455541e-05,-4.133137240317295e-06,-5.450101394925596e-05,1.0400617887520255e-05,-1.3350202887696431e-05,-0.00010777390860164448,-0.00013834350172744296,-0.00011596640108403519,-3.9806756512242e-05,4.3160185315909604e-05,-5.060312667584979e-05,0.00034989461699869916,0.0005156556553794905,0.0004868340871136066,0.0006509233785161144,-1.82195391579488e-05,-8.525900195772754e-06,-4.90632870548686e-05,0.00023525621370895945,0.00021399697199365008,0.00014157844664235733,-1.708829746234037e-05,0.0005813199461006661,0.00038772287211715823,0.0005539732933216821,0.00010716932149219473,0.00042315218870898164,0.0005610318644937609,0.0006329693586015545,0.0007185315823225998,-4.3247851330420535e-05,0.00021045926606044651,-6.320294091985419e-05,0.0004995403303998641
